=== RETROACTIVE LAB-FIX WATCHER START Wed Aug 19 12:33:39 BST 2026, waiting for batch2 Stage3 to finish ===
=== RETROACTIVE LAB-FIX WATCHER (v2, includes fresh grading) START Wed Aug 19 13:00:36 BST 2026, waiting for batch2 Stage3 to finish ===
=== batch2 Stage3 confirmed finished Wed Aug 19 21:49:42 BST 2026, running retroactive_lab_procedure_fix.py ===
Loading SapBERT model for vector normalization... (this may take a moment)
Reprocessing 3143 Lab-Test entities across 114 already-processed notes...
1034 entities actually changed (now tagged lab_procedure_preferred) out of 3143 re-normalized.
Deleted stale tier-gate decisions for 1034 affected entities (Stage 3 resume-check will recompute them).

108 notes touched:
10000032-DS-21,10000032-DS-22,10000032-DS-23,10043750-DS-6,10097089-DS-8,10124346-DS-4,10302979-DS-5,10352433-DS-20,10355641-DS-7,10371195-DS-9,10417827-DS-10,10513485-DS-7,10542874-DS-4,10575317-DS-6,10597114-DS-10,10653756-DS-22,10667959-DS-19,10686970-DS-21,10794068-DS-18,10797747-DS-20,10813665-DS-7,10839721-DS-9,10848570-DS-12,10850358-DS-17,10850639-DS-7,10860165-DS-24,10912090-DS-23,10912090-DS-33,10938537-DS-20,10960609-DS-16,10965697-DS-12,10989002-DS-3,10993096-DS-12,11021124-DS-15,11025563-DS-7,11026054-DS-14,11050097-DS-13,11051092-DS-3,11062354-DS-8,11134545-DS-21,11161110-DS-13,11167566-DS-4,11180362-DS-10,11198666-DS-27,11215929-DS-4,11250426-DS-3,11296936-DS-66,11299687-DS-9,11319259-DS-14,11365932-DS-23,11386597-DS-15,11392990-DS-6,11417242-DS-18,11436844-DS-4,11438886-DS-9,11513575-DS-15,11515132-DS-10,11516225-DS-20,11522433-DS-6,11524757-DS-4,11576109-DS-15,11654232-DS-17,11684467-DS-26,11714071-DS-56,11783215-DS-18,11799619-DS-27,11806511-DS-10,11810606-DS-7,11834909-DS-2,11838076-DS-20,11855597-DS-22,11859945-DS-29,11891099-DS-13,11903286-DS-2,11922236-DS-28,12018901-DS-68,12050253-DS-20,12093726-DS-4,12101085-DS-27,12135369-DS-23,12190214-DS-14,12204158-DS-10,12204513-DS-26,12206678-DS-17,12276520-DS-22,12286594-DS-21,12286975-DS-22,12290802-DS-3,12298181-DS-9,12298967-DS-22,12304719-DS-18,12314513-DS-16,12319089-DS-12,12340122-DS-5,12407834-DS-17,12412316-DS-14,12431768-DS-17,12465457-DS-18,12484093-DS-33,12515572-DS-13,12549331-DS-3,12574098-DS-24,12582583-DS-20,12612379-DS-23,12618758-DS-3,12626414-DS-28,12626414-DS-32,13538696-DS-11
=== retroactive fix script done Wed Aug 19 22:43:57 BST 2026 ===
=== re-running Stage 3 for affected notes: 10000032-DS-21,10000032-DS-22,10000032-DS-23,10043750-DS-6,10097089-DS-8,10124346-DS-4,10302979-DS-5,10352433-DS-20,10355641-DS-7,10371195-DS-9,10417827-DS-10,10513485-DS-7,10542874-DS-4,10575317-DS-6,10597114-DS-10,10653756-DS-22,10667959-DS-19,10686970-DS-21,10794068-DS-18,10797747-DS-20,10813665-DS-7,10839721-DS-9,10848570-DS-12,10850358-DS-17,10850639-DS-7,10860165-DS-24,10912090-DS-23,10912090-DS-33,10938537-DS-20,10960609-DS-16,10965697-DS-12,10989002-DS-3,10993096-DS-12,11021124-DS-15,11025563-DS-7,11026054-DS-14,11050097-DS-13,11051092-DS-3,11062354-DS-8,11134545-DS-21,11161110-DS-13,11167566-DS-4,11180362-DS-10,11198666-DS-27,11215929-DS-4,11250426-DS-3,11296936-DS-66,11299687-DS-9,11319259-DS-14,11365932-DS-23,11386597-DS-15,11392990-DS-6,11417242-DS-18,11436844-DS-4,11438886-DS-9,11513575-DS-15,11515132-DS-10,11516225-DS-20,11522433-DS-6,11524757-DS-4,11576109-DS-15,11654232-DS-17,11684467-DS-26,11714071-DS-56,11783215-DS-18,11799619-DS-27,11806511-DS-10,11810606-DS-7,11834909-DS-2,11838076-DS-20,11855597-DS-22,11859945-DS-29,11891099-DS-13,11903286-DS-2,11922236-DS-28,12018901-DS-68,12050253-DS-20,12093726-DS-4,12101085-DS-27,12135369-DS-23,12190214-DS-14,12204158-DS-10,12204513-DS-26,12206678-DS-17,12276520-DS-22,12286594-DS-21,12286975-DS-22,12290802-DS-3,12298181-DS-9,12298967-DS-22,12304719-DS-18,12314513-DS-16,12319089-DS-12,12340122-DS-5,12407834-DS-17,12412316-DS-14,12431768-DS-17,12465457-DS-18,12484093-DS-33,12515572-DS-13,12549331-DS-3,12574098-DS-24,12582583-DS-20,12612379-DS-23,12618758-DS-3,12626414-DS-28,12626414-DS-32,13538696-DS-11 -- Wed Aug 19 22:43:57 BST 2026 ===
==============================================================================
STAGE 3 BATCH RUN -- Pass 4 Tier 1-5 gate (src.mollm_tier_gate)
==============================================================================
--- 1. OLLAMA MODEL PREFLIGHT ---
  OK   qwen2.5:3b
  OK   llama3.2:3b
  OK   phi4-mini
Loading SapBERT model for vector normalization... (this may take a moment)

HYBRID_RETRIEVAL_ENABLED: False (should be False -- see this script's own docstring)
Memgraph: reachable (dry-run writes will still be exercised, nothing will be committed)
db:    /home/ec2-user/clinical_neuro_symbolic_pipeline_reorder/db/kg2_lexical_store.duckdb
notes: 108
  ! leakage: trained on 6 of the note(s) about to be scored (10043750-DS-6, 10097089-DS-8, 10371195-DS-9, 10848570-DS-12, 10860165-DS-24 ...).
    refusing to use it; falling back to existing routing.
calibrator: untrained (no-op), loaded from /home/ec2-user/clinical_neuro_symbolic_pipeline_reorder/models/consensus_calibrator_v1.pkl
resume check: 12907 entity_id(s) already have a stored tier-gate decision and will be skipped

[note 1/108] 10000032-DS-21: 132 record(s), 17 remaining after resume-skip
  [1/17] 'WBC' (Lab Test)  [elapsed 0.0m | done 0 | skipped 115 | errors 0]
    -> tier=TIER_5_TRUE_AMBIGUITY routing=HITL_REQUIRED reason=unresolved_acronym
  [2/17] 'platelet 77' (Lab Test)  [elapsed 0.0m | done 1 | skipped 115 | errors 0]
    -> tier=TIER_3_AUTO_VALIDATED routing=AUTO_VALIDATED reason=ok
    [dry-run KG3 write OK] would write concept_id=4267147 (Platelet count)
  [3/17] 'CREAT-0.3' (Lab Test)  [elapsed 0.0m | done 2 | skipped 115 | errors 0]
    -> tier=TIER_3_AUTO_VALIDATED routing=AUTO_VALIDATED reason=ok
    [dry-run KG3 write OK] would write concept_id=4324383 (Creatinine measurement)
  [4/17] 'SODIUM-138' (Lab Test)  [elapsed 0.0m | done 3 | skipped 115 | errors 0]
    -> tier=TIER_3_AUTO_VALIDATED routing=AUTO_VALIDATED reason=ok
    [dry-run KG3 write OK] would write concept_id=4097430 (Sodium measurement)
  [5/17] 'TOTAL CO2-27' (Lab Test)  [elapsed 0.1m | done 4 | skipped 115 | errors 0]
    -> tier=TIER_3_AUTO_VALIDATED routing=AUTO_VALIDATED reason=ok
    [dry-run KG3 write OK] would write concept_id=4135963 (Carbon dioxide content measurement)
  [6/17] 'ALT' (Lab Test)  [elapsed 0.1m | done 5 | skipped 115 | errors 0]
    -> tier=TIER_3_AUTO_VALIDATED routing=AUTO_VALIDATED reason=ok
    [dry-run KG3 write OK] would write concept_id=44810789 (Alanine transaminase activity measurement)
  [7/17] 'AST' (Lab Test)  [elapsed 0.1m | done 6 | skipped 115 | errors 0]
    -> tier=TIER_3_AUTO_VALIDATED routing=AUTO_VALIDATED reason=ok
    [dry-run KG3 write OK] would write concept_id=4263457 (Aspartate aminotransferase measurement)
  [8/17] 'RBC-4' (Lab Test)  [elapsed 0.1m | done 7 | skipped 115 | errors 0]
    -> tier=TIER_3_AUTO_VALIDATED routing=AUTO_VALIDATED reason=ok
    [dry-run KG3 write OK] would write concept_id=4030871 (Red blood cell count)
  [9/17] 'HGB-14' (Lab Test)  [elapsed 0.1m | done 8 | skipped 115 | errors 0]
    -> tier=TIER_3_AUTO_VALIDATED routing=AUTO_VALIDATED reason=ok
    [dry-run KG3 write OK] would write concept_id=40480067 (Measurement of total hemoglobin concentration)
  [10/17] 'MCV-99' (Lab Test)  [elapsed 0.1m | done 9 | skipped 115 | errors 0]
    -> tier=TIER_3_AUTO_VALIDATED routing=AUTO_VALIDATED reason=ok
    [dry-run KG3 write OK] would write concept_id=4016239 (Erythrocyte mean corpuscular volume determination)
  [11/17] 'MCH-33' (Lab Test)  [elapsed 0.1m | done 10 | skipped 115 | errors 0]
    -> tier=TIER_3_AUTO_VALIDATED routing=AUTO_VALIDATED reason=ok
    [dry-run KG3 write OK] would write concept_id=4290193 (Mean corpuscular hemoglobin concentration determination)
  [12/17] 'MCHC-33' (Lab Test)  [elapsed 0.1m | done 11 | skipped 115 | errors 0]
    -> tier=TIER_3_AUTO_VALIDATED routing=AUTO_VALIDATED reason=ok
    [dry-run KG3 write OK] would write concept_id=4290193 (Mean corpuscular hemoglobin concentration determination)
  [13/17] 'RDW-15' (Lab Test)  [elapsed 0.2m | done 12 | skipped 115 | errors 0]
    -> tier=TIER_3_AUTO_VALIDATED routing=AUTO_VALIDATED reason=ok
    [dry-run KG3 write OK] would write concept_id=4281085 (Red cell distribution width determination)
  [14/17] 'NEUTS-70.3' (Lab Test)  [elapsed 0.2m | done 13 | skipped 115 | errors 0]
    -> tier=TIER_3_AUTO_VALIDATED routing=AUTO_VALIDATED reason=ok
    [dry-run KG3 write OK] would write concept_id=4148615 (Neutrophil count)
  [15/17] 'EOS-4.2' (Lab Test)  [elapsed 0.2m | done 14 | skipped 115 | errors 0]
    -> tier=TIER_3_AUTO_VALIDATED routing=AUTO_VALIDATED reason=ok
    [dry-run KG3 write OK] would write concept_id=4216098 (Eosinophil count)
  [16/17] 'PLT COUNT-71' (Lab Test)  [elapsed 0.2m | done 15 | skipped 115 | errors 0]
    -> tier=TIER_3_AUTO_VALIDATED routing=AUTO_VALIDATED reason=ok
    [dry-run KG3 write OK] would write concept_id=4267147 (Platelet count)
  [17/17] 'SBP' (Lab Test)  [elapsed 0.2m | done 16 | skipped 115 | errors 0]
    -> tier=TIER_5_TRUE_AMBIGUITY routing=HITL_REQUIRED reason=unresolved_acronym
[note 2/108] 10000032-DS-22: 20 record(s), 1 remaining after resume-skip
  [1/1] 'SBP' (Lab Test)  [elapsed 0.2m | done 17 | skipped 134 | errors 0]
    -> tier=TIER_5_TRUE_AMBIGUITY routing=HITL_REQUIRED reason=unresolved_acronym
[note 3/108] 10000032-DS-23: 14 record(s), 1 remaining after resume-skip
  [1/1] 'SBP' (Lab Test)  [elapsed 0.2m | done 18 | skipped 147 | errors 0]
    -> tier=TIER_5_TRUE_AMBIGUITY routing=HITL_REQUIRED reason=unresolved_acronym
[note 4/108] 10043750-DS-6: 103 record(s), 9 remaining after resume-skip
  [1/9] 'WBC-7' (Lab Test)  [elapsed 0.3m | done 19 | skipped 241 | errors 0]
    -> tier=TIER_3_AUTO_VALIDATED routing=AUTO_VALIDATED reason=ok
    [dry-run KG3 write OK] would write concept_id=4298431 (White blood cell count)
  [2/9] 'RBC-3' (Lab Test)  [elapsed 0.3m | done 20 | skipped 241 | errors 0]
    -> tier=TIER_3_AUTO_VALIDATED routing=AUTO_VALIDATED reason=ok
    [dry-run KG3 write OK] would write concept_id=4030871 (Red blood cell count)
  [3/9] 'Hgb-9.9' (Lab Test)  [elapsed 0.3m | done 21 | skipped 241 | errors 0]
    -> tier=TIER_3_AUTO_VALIDATED routing=AUTO_VALIDATED reason=ok
    [dry-run KG3 write OK] would write concept_id=40480067 (Measurement of total hemoglobin concentration)
  [4/9] 'MCV-97' (Lab Test)  [elapsed 0.3m | done 22 | skipped 241 | errors 0]
    -> tier=TIER_3_AUTO_VALIDATED routing=AUTO_VALIDATED reason=ok
    [dry-run KG3 write OK] would write concept_id=4016239 (Erythrocyte mean corpuscular volume determination)
  [5/9] 'MCH-31' (Lab Test)  [elapsed 0.3m | done 23 | skipped 241 | errors 0]
    -> tier=TIER_3_AUTO_VALIDATED routing=AUTO_VALIDATED reason=ok
    [dry-run KG3 write OK] would write concept_id=4290193 (Mean corpuscular hemoglobin concentration determination)
  [6/9] 'MCHC-32' (Lab Test)  [elapsed 0.3m | done 24 | skipped 241 | errors 0]
    -> tier=TIER_3_AUTO_VALIDATED routing=AUTO_VALIDATED reason=ok
    [dry-run KG3 write OK] would write concept_id=4290193 (Mean corpuscular hemoglobin concentration determination)
  [7/9] 'RDW-12' (Lab Test)  [elapsed 0.3m | done 25 | skipped 241 | errors 0]
    -> tier=TIER_3_AUTO_VALIDATED routing=AUTO_VALIDATED reason=ok
    [dry-run KG3 write OK] would write concept_id=4281085 (Red cell distribution width determination)
  [8/9] 'Plt' (Lab Test)  [elapsed 0.3m | done 26 | skipped 241 | errors 0]
    -> tier=TIER_3_AUTO_VALIDATED routing=AUTO_VALIDATED reason=ok
    [dry-run KG3 write OK] would write concept_id=4267147 (Platelet count)
  [9/9] 'Calcium-8.1' (Lab Test)  [elapsed 0.4m | done 27 | skipped 241 | errors 0]
    -> tier=TIER_3_AUTO_VALIDATED routing=AUTO_VALIDATED reason=ok
    [dry-run KG3 write OK] would write concept_id=4216722 (Calcium measurement)
[note 5/108] 10097089-DS-8: 101 record(s), 5 remaining after resume-skip
  [1/5] 'MCHC-32' (Lab Test)  [elapsed 0.4m | done 28 | skipped 337 | errors 0]
    -> tier=TIER_3_AUTO_VALIDATED routing=AUTO_VALIDATED reason=ok
    [dry-run KG3 write OK] would write concept_id=4290193 (Mean corpuscular hemoglobin concentration determination)
  [2/5] 'Calcium-8' (Lab Test)  [elapsed 0.4m | done 29 | skipped 337 | errors 0]
    -> tier=TIER_3_AUTO_VALIDATED routing=AUTO_VALIDATED reason=ok
    [dry-run KG3 write OK] would write concept_id=4216722 (Calcium measurement)
  [3/5] 'MCV-98' (Lab Test)  [elapsed 0.4m | done 30 | skipped 337 | errors 0]
    -> tier=TIER_3_AUTO_VALIDATED routing=AUTO_VALIDATED reason=ok
    [dry-run KG3 write OK] would write concept_id=4016239 (Erythrocyte mean corpuscular volume determination)
  [4/5] 'CK(CPK)' (Lab Test)  [elapsed 0.4m | done 31 | skipped 337 | errors 0]
    -> tier=TIER_3_AUTO_VALIDATED routing=AUTO_VALIDATED reason=ok
    [dry-run KG3 write OK] would write concept_id=4265595 (Creatine kinase measurement)
  [5/5] 'CK' (Lab Test)  [elapsed 0.4m | done 32 | skipped 337 | errors 0]
    -> tier=TIER_3_AUTO_VALIDATED routing=AUTO_VALIDATED reason=ok
    [dry-run KG3 write OK] would write concept_id=4265595 (Creatine kinase measurement)
[note 6/108] 10124346-DS-4: 181 record(s), 4 remaining after resume-skip
  [1/4] 'chemistry panel' (Lab Test)  [elapsed 0.4m | done 33 | skipped 514 | errors 0]
    -> tier=TIER_3_AUTO_VALIDATED routing=AUTO_VALIDATED reason=ok
    [dry-run KG3 write OK] would write concept_id=4078134 (Serum chemistry test)
  [2/4] 'H/H' (Lab Test)  [elapsed 0.4m | done 34 | skipped 514 | errors 0]
    -> tier=TIER_3_AUTO_VALIDATED routing=AUTO_VALIDATED reason=ok
    [dry-run KG3 write OK] would write concept_id=4288754 (Measurement of total hemoglobin concentration and hematocrit)
  [3/4] 'WBC \n66' (Lab Test)  [elapsed 0.5m | done 35 | skipped 514 | errors 0]
    -> tier=TIER_5_TRUE_AMBIGUITY routing=HITL_REQUIRED reason=unresolved_acronym
  [4/4] 'WBC' (Lab Test)  [elapsed 0.5m | done 36 | skipped 514 | errors 0]
    -> tier=TIER_5_TRUE_AMBIGUITY routing=HITL_REQUIRED reason=unresolved_acronym
[note 7/108] 10302979-DS-5: 156 record(s), 2 remaining after resume-skip
  [1/2] 'Lactate-2.0' (Lab Test)  [elapsed 0.5m | done 37 | skipped 668 | errors 0]
    -> tier=TIER_3_AUTO_VALIDATED routing=AUTO_VALIDATED reason=ok
    [dry-run KG3 write OK] would write concept_id=4138179 (D-lactate measurement)
  [2/2] 'HbA1c' (Lab Test)  [elapsed 0.5m | done 38 | skipped 668 | errors 0]
    -> tier=TIER_3_AUTO_VALIDATED routing=AUTO_VALIDATED reason=ok
    [dry-run KG3 write OK] would write concept_id=4184637 (Hemoglobin A1c measurement)
[note 8/108] 10352433-DS-20: 184 record(s), 18 remaining after resume-skip
  [1/18] 'potassium' (Lab Test)  [elapsed 0.5m | done 39 | skipped 834 | errors 0]
    -> tier=TIER_3_AUTO_VALIDATED routing=AUTO_VALIDATED reason=ok
    [dry-run KG3 write OK] would write concept_id=4245152 (Potassium measurement)
  [2/18] 'pO2' (Lab Test)  [elapsed 0.5m | done 40 | skipped 834 | errors 0]
    -> tier=TIER_3_AUTO_VALIDATED routing=AUTO_VALIDATED reason=ok
    [dry-run KG3 write OK] would write concept_id=4103460 (Oxygen measurement, partial pressure, arterial)
  [3/18] 'venous \nO2 sats' (Lab Test)  [elapsed 0.5m | done 41 | skipped 834 | errors 0]
    -> tier=TIER_3_AUTO_VALIDATED routing=AUTO_VALIDATED reason=ok
    [dry-run KG3 write OK] would write concept_id=4095044 (Venous oxygen saturation measurement)
  [4/18] 'PLT' (Lab Test)  [elapsed 0.6m | done 42 | skipped 834 | errors 0]
    -> tier=TIER_3_AUTO_VALIDATED routing=AUTO_VALIDATED reason=ok
    [dry-run KG3 write OK] would write concept_id=4267147 (Platelet count)
  [5/18] 'RBC-3' (Lab Test)  [elapsed 0.6m | done 43 | skipped 834 | errors 0]
    -> tier=TIER_3_AUTO_VALIDATED routing=AUTO_VALIDATED reason=ok
    [dry-run KG3 write OK] would write concept_id=4030871 (Red blood cell count)
  [6/18] 'HGB-9' (Lab Test)  [elapsed 0.6m | done 44 | skipped 834 | errors 0]
    -> tier=TIER_3_AUTO_VALIDATED routing=AUTO_VALIDATED reason=ok
    [dry-run KG3 write OK] would write concept_id=40480067 (Measurement of total hemoglobin concentration)
  [7/18] 'MCV-87' (Lab Test)  [elapsed 0.6m | done 45 | skipped 834 | errors 0]
    -> tier=TIER_3_AUTO_VALIDATED routing=AUTO_VALIDATED reason=ok
    [dry-run KG3 write OK] would write concept_id=4016239 (Erythrocyte mean corpuscular volume determination)
  [8/18] 'MCH-30' (Lab Test)  [elapsed 0.6m | done 46 | skipped 834 | errors 0]
    -> tier=TIER_3_AUTO_VALIDATED routing=AUTO_VALIDATED reason=ok
    [dry-run KG3 write OK] would write concept_id=4290193 (Mean corpuscular hemoglobin concentration determination)
  [9/18] 'MCHC-34' (Lab Test)  [elapsed 0.6m | done 47 | skipped 834 | errors 0]
    -> tier=TIER_3_AUTO_VALIDATED routing=AUTO_VALIDATED reason=ok
    [dry-run KG3 write OK] would write concept_id=4290193 (Mean corpuscular hemoglobin concentration determination)
  [10/18] 'RDW-15' (Lab Test)  [elapsed 0.6m | done 48 | skipped 834 | errors 0]
    -> tier=TIER_3_AUTO_VALIDATED routing=AUTO_VALIDATED reason=ok
    [dry-run KG3 write OK] would write concept_id=4281085 (Red cell distribution width determination)
  [11/18] 'CALCIUM-9' (Lab Test)  [elapsed 0.6m | done 49 | skipped 834 | errors 0]
    -> tier=TIER_3_AUTO_VALIDATED routing=AUTO_VALIDATED reason=ok
    [dry-run KG3 write OK] would write concept_id=4216722 (Calcium measurement)
  [12/18] 'ALT' (Lab Test)  [elapsed 0.7m | done 50 | skipped 834 | errors 0]
    -> tier=TIER_3_AUTO_VALIDATED routing=AUTO_VALIDATED reason=ok
    [dry-run KG3 write OK] would write concept_id=44810789 (Alanine transaminase activity measurement)
  [13/18] 'AST(SGOT)' (Lab Test)  [elapsed 0.7m | done 51 | skipped 834 | errors 0]
    -> tier=TIER_3_AUTO_VALIDATED routing=AUTO_VALIDATED reason=ok
    [dry-run KG3 write OK] would write concept_id=44810795 (Aspartate transaminase activity measurement)
  [14/18] 'RBC-4' (Lab Test)  [elapsed 0.7m | done 52 | skipped 834 | errors 0]
    -> tier=TIER_3_AUTO_VALIDATED routing=AUTO_VALIDATED reason=ok
    [dry-run KG3 write OK] would write concept_id=4030871 (Red blood cell count)
  [15/18] 'WBC-1' (Lab Test)  [elapsed 0.7m | done 53 | skipped 834 | errors 0]
    -> tier=TIER_3_AUTO_VALIDATED routing=AUTO_VALIDATED reason=ok
    [dry-run KG3 write OK] would write concept_id=4298431 (White blood cell count)
  [16/18] 'O2 SAT-31' (Lab Test)  [elapsed 0.7m | done 54 | skipped 834 | errors 0]
    -> tier=TIER_3_AUTO_VALIDATED routing=AUTO_VALIDATED reason=ok
    [dry-run KG3 write OK] would write concept_id=4021125 (Oxygen measurement)
  [17/18] 'PO2-25' (Lab Test)  [elapsed 0.7m | done 55 | skipped 834 | errors 0]
    -> tier=TIER_3_AUTO_VALIDATED routing=AUTO_VALIDATED reason=ok
    [dry-run KG3 write OK] would write concept_id=4103460 (Oxygen measurement, partial pressure, arterial)
  [18/18] 'WBC' (Lab Test)  [elapsed 0.7m | done 56 | skipped 834 | errors 0]
    -> tier=TIER_5_TRUE_AMBIGUITY routing=HITL_REQUIRED reason=unresolved_acronym
[note 9/108] 10355641-DS-7: 94 record(s), 2 remaining after resume-skip
  [1/2] 'CK' (Lab Test)  [elapsed 0.7m | done 57 | skipped 926 | errors 0]
    -> tier=TIER_3_AUTO_VALIDATED routing=AUTO_VALIDATED reason=ok
    [dry-run KG3 write OK] would write concept_id=4265595 (Creatine kinase measurement)
  [2/2] 'EKG' (Lab Test)  [elapsed 0.8m | done 58 | skipped 926 | errors 0]
    -> tier=TIER_2_AUTO_RESOLVED routing=HITL_REQUIRED reason=tier2_auto_resolved_pending_revalidation
[note 10/108] 10371195-DS-9: 98 record(s), 8 remaining after resume-skip
  [1/8] 'WBC-12' (Lab Test)  [elapsed 1.4m | done 59 | skipped 1016 | errors 0]
    -> tier=TIER_3_AUTO_VALIDATED routing=AUTO_VALIDATED reason=ok
    [dry-run KG3 write OK] would write concept_id=4298431 (White blood cell count)
  [2/8] 'RBC-4' (Lab Test)  [elapsed 1.4m | done 60 | skipped 1016 | errors 0]
    -> tier=TIER_3_AUTO_VALIDATED routing=AUTO_VALIDATED reason=ok
    [dry-run KG3 write OK] would write concept_id=4030871 (Red blood cell count)
  [3/8] 'Hgb-12.8' (Lab Test)  [elapsed 1.4m | done 61 | skipped 1016 | errors 0]
    -> tier=TIER_3_AUTO_VALIDATED routing=AUTO_VALIDATED reason=ok
    [dry-run KG3 write OK] would write concept_id=40480067 (Measurement of total hemoglobin concentration)
  [4/8] 'RDW-13' (Lab Test)  [elapsed 1.4m | done 62 | skipped 1016 | errors 0]
    -> tier=TIER_3_AUTO_VALIDATED routing=AUTO_VALIDATED reason=ok
    [dry-run KG3 write OK] would write concept_id=4281085 (Red cell distribution width determination)
  [5/8] 'UreaN-13 Creat-1.2' (Lab Test)  [elapsed 1.4m | done 63 | skipped 1016 | errors 0]
    -> tier=TIER_3_AUTO_VALIDATED routing=AUTO_VALIDATED reason=ok
    [dry-run KG3 write OK] would write concept_id=44814110 (Urea/creatinine ratio measurement)
  [6/8] 'ALT-957' (Lab Test)  [elapsed 1.5m | done 64 | skipped 1016 | errors 0]
    -> tier=TIER_3_AUTO_VALIDATED routing=AUTO_VALIDATED reason=ok
    [dry-run KG3 write OK] would write concept_id=44810789 (Alanine transaminase activity measurement)
  [7/8] 'AST-909' (Lab Test)  [elapsed 1.5m | done 65 | skipped 1016 | errors 0]
    -> tier=TIER_3_AUTO_VALIDATED routing=AUTO_VALIDATED reason=ok
    [dry-run KG3 write OK] would write concept_id=4263457 (Aspartate aminotransferase measurement)
  [8/8] 'Lactate-2.1' (Lab Test)  [elapsed 1.5m | done 66 | skipped 1016 | errors 0]
    -> tier=TIER_3_AUTO_VALIDATED routing=AUTO_VALIDATED reason=ok
    [dry-run KG3 write OK] would write concept_id=4138179 (D-lactate measurement)
[note 11/108] 10417827-DS-10: 99 record(s), 7 remaining after resume-skip
  [1/7] 'PMNs' (Lab Test)  [elapsed 1.5m | done 67 | skipped 1108 | errors 0]
    -> tier=TIER_3_AUTO_VALIDATED routing=AUTO_VALIDATED reason=ok
    [dry-run KG3 write OK] would write concept_id=4024539 (Polymorphonuclear leukocyte count)
  [2/7] 'RBCs' (Lab Test)  [elapsed 1.5m | done 68 | skipped 1108 | errors 0]
    -> tier=TIER_3_AUTO_VALIDATED routing=AUTO_VALIDATED reason=ok
    [dry-run KG3 write OK] would write concept_id=4030871 (Red blood cell count)
  [3/7] 'CRP' (Lab Test)  [elapsed 1.5m | done 69 | skipped 1108 | errors 0]
    -> tier=TIER_3_AUTO_VALIDATED routing=AUTO_VALIDATED reason=ok
    [dry-run KG3 write OK] would write concept_id=4208414 (C-reactive protein measurement)
  [4/7] 'Neuts-87.5' (Lab Test)  [elapsed 1.5m | done 70 | skipped 1108 | errors 0]
    -> tier=TIER_3_AUTO_VALIDATED routing=AUTO_VALIDATED reason=ok
    [dry-run KG3 write OK] would write concept_id=4148615 (Neutrophil count)
  [5/7] 'ALT-61' (Lab Test)  [elapsed 1.5m | done 71 | skipped 1108 | errors 0]
    -> tier=TIER_3_AUTO_VALIDATED routing=AUTO_VALIDATED reason=ok
    [dry-run KG3 write OK] would write concept_id=44810789 (Alanine transaminase activity measurement)
  [6/7] 'AST-71' (Lab Test)  [elapsed 1.6m | done 72 | skipped 1108 | errors 0]
    -> tier=TIER_3_AUTO_VALIDATED routing=AUTO_VALIDATED reason=ok
    [dry-run KG3 write OK] would write concept_id=4263457 (Aspartate aminotransferase measurement)
  [7/7] 'CRP-217' (Lab Test)  [elapsed 1.6m | done 73 | skipped 1108 | errors 0]
    -> tier=TIER_3_AUTO_VALIDATED routing=AUTO_VALIDATED reason=ok
    [dry-run KG3 write OK] would write concept_id=4208414 (C-reactive protein measurement)
[note 12/108] 10513485-DS-7: 205 record(s), 8 remaining after resume-skip
  [1/8] 'HbA1C' (Lab Test)  [elapsed 1.6m | done 74 | skipped 1305 | errors 0]
    -> tier=TIER_3_AUTO_VALIDATED routing=AUTO_VALIDATED reason=ok
    [dry-run KG3 write OK] would write concept_id=4184637 (Hemoglobin A1c measurement)
  [2/8] 'ALT-23' (Lab Test)  [elapsed 1.6m | done 75 | skipped 1305 | errors 0]
    -> tier=TIER_3_AUTO_VALIDATED routing=AUTO_VALIDATED reason=ok
    [dry-run KG3 write OK] would write concept_id=44810789 (Alanine transaminase activity measurement)
  [3/8] 'AST-28' (Lab Test)  [elapsed 1.6m | done 76 | skipped 1305 | errors 0]
    -> tier=TIER_3_AUTO_VALIDATED routing=AUTO_VALIDATED reason=ok
    [dry-run KG3 write OK] would write concept_id=4263457 (Aspartate aminotransferase measurement)
  [4/8] 'CK(CPK)' (Lab Test)  [elapsed 1.6m | done 77 | skipped 1305 | errors 0]
    -> tier=TIER_3_AUTO_VALIDATED routing=AUTO_VALIDATED reason=ok
    [dry-run KG3 write OK] would write concept_id=4265595 (Creatine kinase measurement)
  [5/8] 'ALT-24' (Lab Test)  [elapsed 1.6m | done 78 | skipped 1305 | errors 0]
    -> tier=TIER_3_AUTO_VALIDATED routing=AUTO_VALIDATED reason=ok
    [dry-run KG3 write OK] would write concept_id=44810789 (Alanine transaminase activity measurement)
  [6/8] 'AST-35' (Lab Test)  [elapsed 1.7m | done 79 | skipped 1305 | errors 0]
    -> tier=TIER_3_AUTO_VALIDATED routing=AUTO_VALIDATED reason=ok
    [dry-run KG3 write OK] would write concept_id=4263457 (Aspartate aminotransferase measurement)
  [7/8] 'platelets' (Lab Test)  [elapsed 1.7m | done 80 | skipped 1305 | errors 0]
    -> tier=TIER_3_AUTO_VALIDATED routing=AUTO_VALIDATED reason=ok
    [dry-run KG3 write OK] would write concept_id=4267147 (Platelet count)
  [8/8] 'WBCs' (Lab Test)  [elapsed 1.7m | done 81 | skipped 1305 | errors 0]
    -> tier=TIER_3_AUTO_VALIDATED routing=AUTO_VALIDATED reason=ok
    [dry-run KG3 write OK] would write concept_id=4298431 (White blood cell count)
[note 13/108] 10542874-DS-4: 92 record(s), 12 remaining after resume-skip
  [1/12] 'WBC-6' (Lab Test)  [elapsed 1.7m | done 82 | skipped 1385 | errors 0]
    -> tier=TIER_3_AUTO_VALIDATED routing=AUTO_VALIDATED reason=ok
    [dry-run KG3 write OK] would write concept_id=4298431 (White blood cell count)
  [2/12] 'Hgb-10.3' (Lab Test)  [elapsed 1.7m | done 83 | skipped 1385 | errors 0]
    -> tier=TIER_3_AUTO_VALIDATED routing=AUTO_VALIDATED reason=ok
    [dry-run KG3 write OK] would write concept_id=40480067 (Measurement of total hemoglobin concentration)
  [3/12] 'MCV-74' (Lab Test)  [elapsed 1.7m | done 84 | skipped 1385 | errors 0]
    -> tier=TIER_3_AUTO_VALIDATED routing=AUTO_VALIDATED reason=ok
    [dry-run KG3 write OK] would write concept_id=4016239 (Erythrocyte mean corpuscular volume determination)
  [4/12] 'MCH-22.5' (Lab Test)  [elapsed 1.7m | done 85 | skipped 1385 | errors 0]
    -> tier=TIER_3_AUTO_VALIDATED routing=AUTO_VALIDATED reason=ok
    [dry-run KG3 write OK] would write concept_id=4290193 (Mean corpuscular hemoglobin concentration determination)
  [5/12] 'RDW-14' (Lab Test)  [elapsed 1.7m | done 86 | skipped 1385 | errors 0]
    -> tier=TIER_3_AUTO_VALIDATED routing=AUTO_VALIDATED reason=ok
    [dry-run KG3 write OK] would write concept_id=4281085 (Red cell distribution width determination)
  [6/12] 'RBC-4' (Lab Test)  [elapsed 1.8m | done 87 | skipped 1385 | errors 0]
    -> tier=TIER_3_AUTO_VALIDATED routing=AUTO_VALIDATED reason=ok
    [dry-run KG3 write OK] would write concept_id=4030871 (Red blood cell count)
  [7/12] 'MCV-76' (Lab Test)  [elapsed 1.8m | done 88 | skipped 1385 | errors 0]
    -> tier=TIER_3_AUTO_VALIDATED routing=AUTO_VALIDATED reason=ok
    [dry-run KG3 write OK] would write concept_id=4016239 (Erythrocyte mean corpuscular volume determination)
  [8/12] 'MCHC-30' (Lab Test)  [elapsed 1.8m | done 89 | skipped 1385 | errors 0]
    -> tier=TIER_3_AUTO_VALIDATED routing=AUTO_VALIDATED reason=ok
    [dry-run KG3 write OK] would write concept_id=4290193 (Mean corpuscular hemoglobin concentration determination)
  [9/12] 'RDW-13' (Lab Test)  [elapsed 1.8m | done 90 | skipped 1385 | errors 0]
    -> tier=TIER_3_AUTO_VALIDATED routing=AUTO_VALIDATED reason=ok
    [dry-run KG3 write OK] would write concept_id=4281085 (Red cell distribution width determination)
  [10/12] 'Neuts-61.0' (Lab Test)  [elapsed 1.8m | done 91 | skipped 1385 | errors 0]
    -> tier=TIER_3_AUTO_VALIDATED routing=AUTO_VALIDATED reason=ok
    [dry-run KG3 write OK] would write concept_id=4148615 (Neutrophil count)
  [11/12] 'RBC-2' (Lab Test)  [elapsed 1.8m | done 92 | skipped 1385 | errors 0]
    -> tier=TIER_3_AUTO_VALIDATED routing=AUTO_VALIDATED reason=ok
    [dry-run KG3 write OK] would write concept_id=4030871 (Red blood cell count)
  [12/12] 'WBC-0' (Lab Test)  [elapsed 1.8m | done 93 | skipped 1385 | errors 0]
    -> tier=TIER_3_AUTO_VALIDATED routing=AUTO_VALIDATED reason=ok
    [dry-run KG3 write OK] would write concept_id=4097906 (White blood cell test)
[note 14/108] 10575317-DS-6: 84 record(s), 8 remaining after resume-skip
  [1/8] 'HbsAg-' (Lab Test)  [elapsed 1.8m | done 94 | skipped 1461 | errors 0]
    -> tier=TIER_3_AUTO_VALIDATED routing=AUTO_VALIDATED reason=ok
    [dry-run KG3 write OK] would write concept_id=4168615 (Hepatitis B surface antigen measurement)
  [2/8] 'HIV' (Lab Test)  [elapsed 1.9m | done 95 | skipped 1461 | errors 0]
    -> tier=TIER_3_AUTO_VALIDATED routing=AUTO_VALIDATED reason=ok
    [dry-run KG3 write OK] would write concept_id=4136494 (HIV antigen test)
  [3/8] 'CT' (Lab Test)  [elapsed 1.9m | done 96 | skipped 1461 | errors 0]
    -> tier=TIER_3_AUTO_VALIDATED routing=AUTO_VALIDATED reason=ok
    [dry-run KG3 write OK] would write concept_id=4300757 (Computed tomography)
  [4/8] 'WBC-12' (Lab Test)  [elapsed 1.9m | done 97 | skipped 1461 | errors 0]
    -> tier=TIER_3_AUTO_VALIDATED routing=AUTO_VALIDATED reason=ok
    [dry-run KG3 write OK] would write concept_id=4298431 (White blood cell count)
  [5/8] 'RBC-3' (Lab Test)  [elapsed 1.9m | done 98 | skipped 1461 | errors 0]
    -> tier=TIER_3_AUTO_VALIDATED routing=AUTO_VALIDATED reason=ok
    [dry-run KG3 write OK] would write concept_id=4030871 (Red blood cell count)
  [6/8] 'Hgb-10' (Lab Test)  [elapsed 1.9m | done 99 | skipped 1461 | errors 0]
    -> tier=TIER_3_AUTO_VALIDATED routing=AUTO_VALIDATED reason=ok
    [dry-run KG3 write OK] would write concept_id=40480067 (Measurement of total hemoglobin concentration)
  [7/8] 'Neuts-90' (Lab Test)  [elapsed 1.9m | done 100 | skipped 1461 | errors 0]
    -> tier=TIER_3_AUTO_VALIDATED routing=AUTO_VALIDATED reason=ok
    [dry-run KG3 write OK] would write concept_id=4148615 (Neutrophil count)
  [8/8] 'ALT-9' (Lab Test)  [elapsed 1.9m | done 101 | skipped 1461 | errors 0]
    -> tier=TIER_3_AUTO_VALIDATED routing=AUTO_VALIDATED reason=ok
    [dry-run KG3 write OK] would write concept_id=44810789 (Alanine transaminase activity measurement)
[note 15/108] 10597114-DS-10: 192 record(s), 14 remaining after resume-skip
  [1/14] 'urine' (Lab Test)  [elapsed 2.0m | done 102 | skipped 1639 | errors 0]
    -> tier=TIER_3_AUTO_VALIDATED routing=AUTO_VALIDATED reason=ok
    [dry-run KG3 write OK] would write concept_id=4055811 (Urine examination)
  [2/14] 'WBC-20' (Lab Test)  [elapsed 2.0m | done 103 | skipped 1639 | errors 0]
    -> tier=TIER_3_AUTO_VALIDATED routing=AUTO_VALIDATED reason=ok
    [dry-run KG3 write OK] would write concept_id=4298431 (White blood cell count)
  [3/14] 'RBC-6' (Lab Test)  [elapsed 2.0m | done 104 | skipped 1639 | errors 0]
    -> tier=TIER_3_AUTO_VALIDATED routing=AUTO_VALIDATED reason=ok
    [dry-run KG3 write OK] would write concept_id=4030871 (Red blood cell count)
  [4/14] 'HGB-10' (Lab Test)  [elapsed 2.0m | done 105 | skipped 1639 | errors 0]
    -> tier=TIER_3_AUTO_VALIDATED routing=AUTO_VALIDATED reason=ok
    [dry-run KG3 write OK] would write concept_id=40480067 (Measurement of total hemoglobin concentration)
  [5/14] 'MCV-63' (Lab Test)  [elapsed 2.0m | done 106 | skipped 1639 | errors 0]
    -> tier=TIER_3_AUTO_VALIDATED routing=AUTO_VALIDATED reason=ok
    [dry-run KG3 write OK] would write concept_id=4016239 (Erythrocyte mean corpuscular volume determination)
  [6/14] 'MCH-17' (Lab Test)  [elapsed 2.0m | done 107 | skipped 1639 | errors 0]
    -> tier=TIER_3_AUTO_VALIDATED routing=AUTO_VALIDATED reason=ok
    [dry-run KG3 write OK] would write concept_id=4290193 (Mean corpuscular hemoglobin concentration determination)
  [7/14] 'MCHC-27' (Lab Test)  [elapsed 2.0m | done 108 | skipped 1639 | errors 0]
    -> tier=TIER_3_AUTO_VALIDATED routing=AUTO_VALIDATED reason=ok
    [dry-run KG3 write OK] would write concept_id=4290193 (Mean corpuscular hemoglobin concentration determination)
  [8/14] 'RDW-19' (Lab Test)  [elapsed 2.0m | done 109 | skipped 1639 | errors 0]
    -> tier=TIER_3_AUTO_VALIDATED routing=AUTO_VALIDATED reason=ok
    [dry-run KG3 write OK] would write concept_id=4281085 (Red cell distribution width determination)
  [9/14] 'PLT' (Lab Test)  [elapsed 2.1m | done 110 | skipped 1639 | errors 0]
    -> tier=TIER_3_AUTO_VALIDATED routing=AUTO_VALIDATED reason=ok
    [dry-run KG3 write OK] would write concept_id=4267147 (Platelet count)
  [10/14] 'lactate' (Lab Test)  [elapsed 2.1m | done 111 | skipped 1639 | errors 0]
    -> tier=TIER_4_ENSEMBLE_SPLIT routing=HITL_REQUIRED reason=ensemble_split
  [11/14] 'Urine' (Lab Test)  [elapsed 2.3m | done 112 | skipped 1639 | errors 0]
    -> tier=TIER_3_AUTO_VALIDATED routing=AUTO_VALIDATED reason=ok
    [dry-run KG3 write OK] would write concept_id=4055811 (Urine examination)
  [12/14] 'SBP' (Lab Test)  [elapsed 2.3m | done 113 | skipped 1639 | errors 0]
    -> tier=TIER_4_ENSEMBLE_SPLIT routing=HITL_REQUIRED reason=ensemble_split
  [13/14] 'WBC' (Lab Test)  [elapsed 2.4m | done 114 | skipped 1639 | errors 0]
    -> tier=TIER_5_TRUE_AMBIGUITY routing=HITL_REQUIRED reason=unresolved_acronym
  [14/14] 'PMN diff' (Lab Test)  [elapsed 2.4m | done 115 | skipped 1639 | errors 0]
    -> tier=TIER_3_AUTO_VALIDATED routing=AUTO_VALIDATED reason=ok
    [dry-run KG3 write OK] would write concept_id=4024539 (Polymorphonuclear leukocyte count)
[note 16/108] 10653756-DS-22: 141 record(s), 6 remaining after resume-skip
  [1/6] 'RBC-4' (Lab Test)  [elapsed 2.5m | done 116 | skipped 1774 | errors 0]
    -> tier=TIER_3_AUTO_VALIDATED routing=AUTO_VALIDATED reason=ok
    [dry-run KG3 write OK] would write concept_id=4030871 (Red blood cell count)
  [2/6] 'Hgb-13' (Lab Test)  [elapsed 2.5m | done 117 | skipped 1774 | errors 0]
    -> tier=TIER_3_AUTO_VALIDATED routing=AUTO_VALIDATED reason=ok
    [dry-run KG3 write OK] would write concept_id=40480067 (Measurement of total hemoglobin concentration)
  [3/6] 'MCV-87' (Lab Test)  [elapsed 2.5m | done 118 | skipped 1774 | errors 0]
    -> tier=TIER_3_AUTO_VALIDATED routing=AUTO_VALIDATED reason=ok
    [dry-run KG3 write OK] would write concept_id=4016239 (Erythrocyte mean corpuscular volume determination)
  [4/6] 'MCH-29' (Lab Test)  [elapsed 2.5m | done 119 | skipped 1774 | errors 0]
    -> tier=TIER_3_AUTO_VALIDATED routing=AUTO_VALIDATED reason=ok
    [dry-run KG3 write OK] would write concept_id=4290193 (Mean corpuscular hemoglobin concentration determination)
  [5/6] 'MCHC-34' (Lab Test)  [elapsed 2.5m | done 120 | skipped 1774 | errors 0]
    -> tier=TIER_3_AUTO_VALIDATED routing=AUTO_VALIDATED reason=ok
    [dry-run KG3 write OK] would write concept_id=4290193 (Mean corpuscular hemoglobin concentration determination)
  [6/6] 'RDW-13' (Lab Test)  [elapsed 2.5m | done 121 | skipped 1774 | errors 0]
    -> tier=TIER_3_AUTO_VALIDATED routing=AUTO_VALIDATED reason=ok
    [dry-run KG3 write OK] would write concept_id=4281085 (Red cell distribution width determination)
[note 17/108] 10667959-DS-19: 124 record(s), 3 remaining after resume-skip
  [1/3] 'BUN/Creat' (Lab Test)  [elapsed 2.5m | done 122 | skipped 1895 | errors 0]
    -> tier=TIER_3_AUTO_VALIDATED routing=AUTO_VALIDATED reason=ok
    [dry-run KG3 write OK] would write concept_id=4112223 (BUN/Creatinine ratio)
  [2/3] 'Osmolal-453' (Lab Test)  [elapsed 2.6m | done 123 | skipped 1895 | errors 0]
    -> tier=TIER_3_AUTO_VALIDATED routing=AUTO_VALIDATED reason=ok
    [dry-run KG3 write OK] would write concept_id=4353606 (Osmolal gap measurement)
  [3/3] 'BUN/Cr' (Lab Test)  [elapsed 2.6m | done 124 | skipped 1895 | errors 0]
    -> tier=TIER_3_AUTO_VALIDATED routing=AUTO_VALIDATED reason=ok
    [dry-run KG3 write OK] would write concept_id=4112223 (BUN/Creatinine ratio)
[note 18/108] 10686970-DS-21: 157 record(s), 8 remaining after resume-skip
  [1/8] 'WBCs' (Lab Test)  [elapsed 2.6m | done 125 | skipped 2044 | errors 0]
    -> tier=TIER_4_ENSEMBLE_SPLIT routing=HITL_REQUIRED reason=ensemble_split
  [2/8] 'PMNs' (Lab Test)  [elapsed 2.9m | done 126 | skipped 2044 | errors 0]
    -> tier=TIER_4_ENSEMBLE_SPLIT routing=HITL_REQUIRED reason=ensemble_split
  [3/8] 'd-dimer' (Lab Test)  [elapsed 3.0m | done 127 | skipped 2044 | errors 0]
    -> tier=TIER_3_AUTO_VALIDATED routing=AUTO_VALIDATED reason=ok
    [dry-run KG3 write OK] would write concept_id=4322628 (D-dimer assay)
  [4/8] 'MCV-95' (Lab Test)  [elapsed 3.0m | done 128 | skipped 2044 | errors 0]
    -> tier=TIER_3_AUTO_VALIDATED routing=AUTO_VALIDATED reason=ok
    [dry-run KG3 write OK] would write concept_id=4016239 (Erythrocyte mean corpuscular volume determination)
  [5/8] 'ALT-11' (Lab Test)  [elapsed 3.0m | done 129 | skipped 2044 | errors 0]
    -> tier=TIER_3_AUTO_VALIDATED routing=AUTO_VALIDATED reason=ok
    [dry-run KG3 write OK] would write concept_id=44810789 (Alanine transaminase activity measurement)
  [6/8] 'AST-16' (Lab Test)  [elapsed 3.0m | done 130 | skipped 2044 | errors 0]
    -> tier=TIER_3_AUTO_VALIDATED routing=AUTO_VALIDATED reason=ok
    [dry-run KG3 write OK] would write concept_id=4263457 (Aspartate aminotransferase measurement)
  [7/8] 'MCV-96' (Lab Test)  [elapsed 3.0m | done 131 | skipped 2044 | errors 0]
    -> tier=TIER_3_AUTO_VALIDATED routing=AUTO_VALIDATED reason=ok
    [dry-run KG3 write OK] would write concept_id=4016239 (Erythrocyte mean corpuscular volume determination)
  [8/8] 'RDW-13' (Lab Test)  [elapsed 3.0m | done 132 | skipped 2044 | errors 0]
    -> tier=TIER_3_AUTO_VALIDATED routing=AUTO_VALIDATED reason=ok
    [dry-run KG3 write OK] would write concept_id=4281085 (Red cell distribution width determination)
[note 19/108] 10794068-DS-18: 186 record(s), 14 remaining after resume-skip
  [1/14] 'RBC-4' (Lab Test)  [elapsed 3.1m | done 133 | skipped 2216 | errors 0]
    -> tier=TIER_3_AUTO_VALIDATED routing=AUTO_VALIDATED reason=ok
    [dry-run KG3 write OK] would write concept_id=4030871 (Red blood cell count)
  [2/14] 'Hgb-13' (Lab Test)  [elapsed 3.1m | done 134 | skipped 2216 | errors 0]
    -> tier=TIER_3_AUTO_VALIDATED routing=AUTO_VALIDATED reason=ok
    [dry-run KG3 write OK] would write concept_id=40480067 (Measurement of total hemoglobin concentration)
  [3/14] 'MCV-91' (Lab Test)  [elapsed 3.1m | done 135 | skipped 2216 | errors 0]
    -> tier=TIER_3_AUTO_VALIDATED routing=AUTO_VALIDATED reason=ok
    [dry-run KG3 write OK] would write concept_id=4016239 (Erythrocyte mean corpuscular volume determination)
  [4/14] 'MCH-31' (Lab Test)  [elapsed 3.1m | done 136 | skipped 2216 | errors 0]
    -> tier=TIER_3_AUTO_VALIDATED routing=AUTO_VALIDATED reason=ok
    [dry-run KG3 write OK] would write concept_id=4290193 (Mean corpuscular hemoglobin concentration determination)
  [5/14] 'MCHC-34' (Lab Test)  [elapsed 3.1m | done 137 | skipped 2216 | errors 0]
    -> tier=TIER_3_AUTO_VALIDATED routing=AUTO_VALIDATED reason=ok
    [dry-run KG3 write OK] would write concept_id=4290193 (Mean corpuscular hemoglobin concentration determination)
  [6/14] 'RDW-16' (Lab Test)  [elapsed 3.1m | done 138 | skipped 2216 | errors 0]
    -> tier=TIER_3_AUTO_VALIDATED routing=AUTO_VALIDATED reason=ok
    [dry-run KG3 write OK] would write concept_id=4281085 (Red cell distribution width determination)
  [7/14] 'Plt' (Lab Test)  [elapsed 3.1m | done 139 | skipped 2216 | errors 0]
    -> tier=TIER_3_AUTO_VALIDATED routing=AUTO_VALIDATED reason=ok
    [dry-run KG3 write OK] would write concept_id=4267147 (Platelet count)
  [8/14] 'ALT-12' (Lab Test)  [elapsed 3.2m | done 140 | skipped 2216 | errors 0]
    -> tier=TIER_3_AUTO_VALIDATED routing=AUTO_VALIDATED reason=ok
    [dry-run KG3 write OK] would write concept_id=44810789 (Alanine transaminase activity measurement)
  [9/14] 'AST-27' (Lab Test)  [elapsed 3.2m | done 141 | skipped 2216 | errors 0]
    -> tier=TIER_3_AUTO_VALIDATED routing=AUTO_VALIDATED reason=ok
    [dry-run KG3 write OK] would write concept_id=4263457 (Aspartate aminotransferase measurement)
  [10/14] 'CK(CPK)' (Lab Test)  [elapsed 3.2m | done 142 | skipped 2216 | errors 0]
    -> tier=TIER_3_AUTO_VALIDATED routing=AUTO_VALIDATED reason=ok
    [dry-run KG3 write OK] would write concept_id=4265595 (Creatine kinase measurement)
  [11/14] 'Calcium-7.6' (Lab Test)  [elapsed 3.2m | done 143 | skipped 2216 | errors 0]
    -> tier=TIER_3_AUTO_VALIDATED routing=AUTO_VALIDATED reason=ok
    [dry-run KG3 write OK] would write concept_id=4216722 (Calcium measurement)
  [12/14] 'Tidal V-500' (Lab Test)  [elapsed 3.2m | done 144 | skipped 2216 | errors 0]
    -> tier=TIER_3_AUTO_VALIDATED routing=AUTO_VALIDATED reason=ok
    [dry-run KG3 write OK] would write concept_id=4101916 (Tidal volume test)
  [13/14] 'pO2-501' (Lab Test)  [elapsed 3.2m | done 145 | skipped 2216 | errors 0]
    -> tier=TIER_3_AUTO_VALIDATED routing=AUTO_VALIDATED reason=ok
    [dry-run KG3 write OK] would write concept_id=4103460 (Oxygen measurement, partial pressure, arterial)
  [14/14] 'SBP' (Lab Test)  [elapsed 3.2m | done 146 | skipped 2216 | errors 0]
    -> tier=TIER_3_AUTO_VALIDATED routing=AUTO_VALIDATED reason=ok
    [dry-run KG3 write OK] would write concept_id=44805916 (Protein S binding protein measurement)
[note 20/108] 10797747-DS-20: 66 record(s), 10 remaining after resume-skip
  [1/10] 'HBsAg' (Lab Test)  [elapsed 3.2m | done 147 | skipped 2272 | errors 0]
    -> tier=TIER_3_AUTO_VALIDATED routing=AUTO_VALIDATED reason=ok
    [dry-run KG3 write OK] would write concept_id=4168615 (Hepatitis B surface antigen measurement)
  [2/10] 'WBC-13' (Lab Test)  [elapsed 3.3m | done 148 | skipped 2272 | errors 0]
    -> tier=TIER_3_AUTO_VALIDATED routing=AUTO_VALIDATED reason=ok
    [dry-run KG3 write OK] would write concept_id=4298431 (White blood cell count)
  [3/10] 'MCH-28' (Lab Test)  [elapsed 3.3m | done 149 | skipped 2272 | errors 0]
    -> tier=TIER_3_AUTO_VALIDATED routing=AUTO_VALIDATED reason=ok
    [dry-run KG3 write OK] would write concept_id=4290193 (Mean corpuscular hemoglobin concentration determination)
  [4/10] 'MCHC-33' (Lab Test)  [elapsed 3.3m | done 150 | skipped 2272 | errors 0]
    -> tier=TIER_3_AUTO_VALIDATED routing=AUTO_VALIDATED reason=ok
    [dry-run KG3 write OK] would write concept_id=4290193 (Mean corpuscular hemoglobin concentration determination)
  [5/10] 'WBC-14' (Lab Test)  [elapsed 3.3m | done 151 | skipped 2272 | errors 0]
    -> tier=TIER_3_AUTO_VALIDATED routing=AUTO_VALIDATED reason=ok
    [dry-run KG3 write OK] would write concept_id=4298431 (White blood cell count)
  [6/10] 'RBC-3' (Lab Test)  [elapsed 3.3m | done 152 | skipped 2272 | errors 0]
    -> tier=TIER_3_AUTO_VALIDATED routing=AUTO_VALIDATED reason=ok
    [dry-run KG3 write OK] would write concept_id=4030871 (Red blood cell count)
  [7/10] 'MCV-85' (Lab Test)  [elapsed 3.3m | done 153 | skipped 2272 | errors 0]
    -> tier=TIER_3_AUTO_VALIDATED routing=AUTO_VALIDATED reason=ok
    [dry-run KG3 write OK] would write concept_id=4016239 (Erythrocyte mean corpuscular volume determination)
  [8/10] 'RDW-14' (Lab Test)  [elapsed 3.3m | done 154 | skipped 2272 | errors 0]
    -> tier=TIER_3_AUTO_VALIDATED routing=AUTO_VALIDATED reason=ok
    [dry-run KG3 write OK] would write concept_id=4281085 (Red cell distribution width determination)
  [9/10] 'Neuts-71.3' (Lab Test)  [elapsed 3.3m | done 155 | skipped 2272 | errors 0]
    -> tier=TIER_3_AUTO_VALIDATED routing=AUTO_VALIDATED reason=ok
    [dry-run KG3 write OK] would write concept_id=4148615 (Neutrophil count)
  [10/10] 'Leuks-NEG' (Lab Test)  [elapsed 3.4m | done 156 | skipped 2272 | errors 0]
    -> tier=TIER_3_AUTO_VALIDATED routing=AUTO_VALIDATED reason=ok
    [dry-run KG3 write OK] would write concept_id=4298431 (White blood cell count)
[note 21/108] 10813665-DS-7: 188 record(s), 4 remaining after resume-skip
  [1/4] 'lactate' (Lab Test)  [elapsed 3.4m | done 157 | skipped 2456 | errors 0]
    -> tier=TIER_3_AUTO_VALIDATED routing=AUTO_VALIDATED reason=ok
    [dry-run KG3 write OK] would write concept_id=4213582 (Lactic acid measurement)
  [2/4] 'WBC' (Lab Test)  [elapsed 3.4m | done 158 | skipped 2456 | errors 0]
    -> tier=TIER_5_TRUE_AMBIGUITY routing=HITL_REQUIRED reason=unresolved_acronym
  [3/4] 'MCV-94' (Lab Test)  [elapsed 3.4m | done 159 | skipped 2456 | errors 0]
    -> tier=TIER_3_AUTO_VALIDATED routing=AUTO_VALIDATED reason=ok
    [dry-run KG3 write OK] would write concept_id=4016239 (Erythrocyte mean corpuscular volume determination)
  [4/4] 'CPK' (Lab Test)  [elapsed 3.4m | done 160 | skipped 2456 | errors 0]
    -> tier=TIER_3_AUTO_VALIDATED routing=AUTO_VALIDATED reason=ok
    [dry-run KG3 write OK] would write concept_id=4265595 (Creatine kinase measurement)
[note 22/108] 10839721-DS-9: 178 record(s), 5 remaining after resume-skip
  [1/5] 'WBC 14' (Lab Test)  [elapsed 3.4m | done 161 | skipped 2629 | errors 0]
    -> tier=TIER_5_TRUE_AMBIGUITY routing=HITL_REQUIRED reason=unresolved_acronym
  [2/5] 'ALT-17' (Lab Test)  [elapsed 3.4m | done 162 | skipped 2629 | errors 0]
    -> tier=TIER_3_AUTO_VALIDATED routing=AUTO_VALIDATED reason=ok
    [dry-run KG3 write OK] would write concept_id=44810789 (Alanine transaminase activity measurement)
  [3/5] 'AST-29' (Lab Test)  [elapsed 3.5m | done 163 | skipped 2629 | errors 0]
    -> tier=TIER_3_AUTO_VALIDATED routing=AUTO_VALIDATED reason=ok
    [dry-run KG3 write OK] would write concept_id=4263457 (Aspartate aminotransferase measurement)
  [4/5] 'mod leuk esterase' (Lab Test)  [elapsed 3.5m | done 164 | skipped 2629 | errors 0]
    -> tier=TIER_3_AUTO_VALIDATED routing=AUTO_VALIDATED reason=ok
    [dry-run KG3 write OK] would write concept_id=4017784 (Leukocyte esterase measurement)
  [5/5] 'EKG' (Lab Test)  [elapsed 3.5m | done 165 | skipped 2629 | errors 0]
    -> tier=TIER_3_AUTO_VALIDATED routing=AUTO_VALIDATED reason=ok
    [dry-run KG3 write OK] would write concept_id=4261794 (Electrocardiogram with exercise test)
[note 23/108] 10848570-DS-12: 165 record(s), 13 remaining after resume-skip
  [1/13] 'WBC-6' (Lab Test)  [elapsed 3.5m | done 166 | skipped 2781 | errors 0]
    -> tier=TIER_3_AUTO_VALIDATED routing=AUTO_VALIDATED reason=ok
    [dry-run KG3 write OK] would write concept_id=4298431 (White blood cell count)
  [2/13] 'RBC-3' (Lab Test)  [elapsed 3.5m | done 167 | skipped 2781 | errors 0]
    -> tier=TIER_3_AUTO_VALIDATED routing=AUTO_VALIDATED reason=ok
    [dry-run KG3 write OK] would write concept_id=4030871 (Red blood cell count)
  [3/13] 'MCV-87' (Lab Test)  [elapsed 3.5m | done 168 | skipped 2781 | errors 0]
    -> tier=TIER_3_AUTO_VALIDATED routing=AUTO_VALIDATED reason=ok
    [dry-run KG3 write OK] would write concept_id=4016239 (Erythrocyte mean corpuscular volume determination)
  [4/13] 'RDW-15' (Lab Test)  [elapsed 3.5m | done 169 | skipped 2781 | errors 0]
    -> tier=TIER_3_AUTO_VALIDATED routing=AUTO_VALIDATED reason=ok
    [dry-run KG3 write OK] would write concept_id=4281085 (Red cell distribution width determination)
  [5/13] 'Plt' (Lab Test)  [elapsed 3.5m | done 170 | skipped 2781 | errors 0]
    -> tier=TIER_3_AUTO_VALIDATED routing=AUTO_VALIDATED reason=ok
    [dry-run KG3 write OK] would write concept_id=4267147 (Platelet count)
  [6/13] 'Neuts-88.2' (Lab Test)  [elapsed 3.6m | done 171 | skipped 2781 | errors 0]
    -> tier=TIER_3_AUTO_VALIDATED routing=AUTO_VALIDATED reason=ok
    [dry-run KG3 write OK] would write concept_id=4148615 (Neutrophil count)
  [7/13] 'ALT-14' (Lab Test)  [elapsed 3.6m | done 172 | skipped 2781 | errors 0]
    -> tier=TIER_3_AUTO_VALIDATED routing=AUTO_VALIDATED reason=ok
    [dry-run KG3 write OK] would write concept_id=44810789 (Alanine transaminase activity measurement)
  [8/13] 'AST-16' (Lab Test)  [elapsed 3.6m | done 173 | skipped 2781 | errors 0]
    -> tier=TIER_3_AUTO_VALIDATED routing=AUTO_VALIDATED reason=ok
    [dry-run KG3 write OK] would write concept_id=4263457 (Aspartate aminotransferase measurement)
  [9/13] 'CK(CPK)' (Lab Test)  [elapsed 3.6m | done 174 | skipped 2781 | errors 0]
    -> tier=TIER_3_AUTO_VALIDATED routing=AUTO_VALIDATED reason=ok
    [dry-run KG3 write OK] would write concept_id=4265595 (Creatine kinase measurement)
  [10/13] 'Calcium-8.3' (Lab Test)  [elapsed 3.6m | done 175 | skipped 2781 | errors 0]
    -> tier=TIER_3_AUTO_VALIDATED routing=AUTO_VALIDATED reason=ok
    [dry-run KG3 write OK] would write concept_id=4216722 (Calcium measurement)
  [11/13] 'Lactate-0.9' (Lab Test)  [elapsed 3.6m | done 176 | skipped 2781 | errors 0]
    -> tier=TIER_3_AUTO_VALIDATED routing=AUTO_VALIDATED reason=ok
    [dry-run KG3 write OK] would write concept_id=4213582 (Lactic acid measurement)
  [12/13] 'RDW-14' (Lab Test)  [elapsed 3.6m | done 177 | skipped 2781 | errors 0]
    -> tier=TIER_3_AUTO_VALIDATED routing=AUTO_VALIDATED reason=ok
    [dry-run KG3 write OK] would write concept_id=4281085 (Red cell distribution width determination)
  [13/13] 'Calcium-9' (Lab Test)  [elapsed 3.6m | done 178 | skipped 2781 | errors 0]
    -> tier=TIER_3_AUTO_VALIDATED routing=AUTO_VALIDATED reason=ok
    [dry-run KG3 write OK] would write concept_id=4216722 (Calcium measurement)
[note 24/108] 10850358-DS-17: 106 record(s), 5 remaining after resume-skip
  [1/5] 'WBC' (Lab Test)  [elapsed 3.7m | done 179 | skipped 2882 | errors 0]
    -> tier=TIER_5_TRUE_AMBIGUITY routing=HITL_REQUIRED reason=unresolved_acronym
  [2/5] 'lactate' (Lab Test)  [elapsed 3.7m | done 180 | skipped 2882 | errors 0]
    -> tier=TIER_3_AUTO_VALIDATED routing=AUTO_VALIDATED reason=ok
    [dry-run KG3 write OK] would write concept_id=4213582 (Lactic acid measurement)
  [3/5] 'HEMOGLOBIN A1C' (Lab Test)  [elapsed 3.7m | done 181 | skipped 2882 | errors 0]
    -> tier=TIER_3_AUTO_VALIDATED routing=AUTO_VALIDATED reason=ok
    [dry-run KG3 write OK] would write concept_id=4184637 (Hemoglobin A1c measurement)
  [4/5] 'WBC-1' (Lab Test)  [elapsed 3.7m | done 182 | skipped 2882 | errors 0]
    -> tier=TIER_3_AUTO_VALIDATED routing=AUTO_VALIDATED reason=ok
    [dry-run KG3 write OK] would write concept_id=4298431 (White blood cell count)
  [5/5] 'hemoglobin A1C' (Lab Test)  [elapsed 3.7m | done 183 | skipped 2882 | errors 0]
    -> tier=TIER_3_AUTO_VALIDATED routing=AUTO_VALIDATED reason=ok
    [dry-run KG3 write OK] would write concept_id=4184637 (Hemoglobin A1c measurement)
[note 25/108] 10850639-DS-7: 140 record(s), 18 remaining after resume-skip
  [1/18] 'WBC-9' (Lab Test)  [elapsed 3.7m | done 184 | skipped 3004 | errors 0]
    -> tier=TIER_3_AUTO_VALIDATED routing=AUTO_VALIDATED reason=ok
    [dry-run KG3 write OK] would write concept_id=4298431 (White blood cell count)
  [2/18] 'RBC-3' (Lab Test)  [elapsed 3.7m | done 185 | skipped 3004 | errors 0]
    -> tier=TIER_3_AUTO_VALIDATED routing=AUTO_VALIDATED reason=ok
    [dry-run KG3 write OK] would write concept_id=4030871 (Red blood cell count)
  [3/18] 'Hgb-12' (Lab Test)  [elapsed 3.7m | done 186 | skipped 3004 | errors 0]
    -> tier=TIER_3_AUTO_VALIDATED routing=AUTO_VALIDATED reason=ok
    [dry-run KG3 write OK] would write concept_id=40480067 (Measurement of total hemoglobin concentration)
  [4/18] 'MCV-101' (Lab Test)  [elapsed 3.8m | done 187 | skipped 3004 | errors 0]
    -> tier=TIER_3_AUTO_VALIDATED routing=AUTO_VALIDATED reason=ok
    [dry-run KG3 write OK] would write concept_id=4016239 (Erythrocyte mean corpuscular volume determination)
  [5/18] 'MCH-32' (Lab Test)  [elapsed 3.8m | done 188 | skipped 3004 | errors 0]
    -> tier=TIER_3_AUTO_VALIDATED routing=AUTO_VALIDATED reason=ok
    [dry-run KG3 write OK] would write concept_id=4290193 (Mean corpuscular hemoglobin concentration determination)
  [6/18] 'MCHC-32' (Lab Test)  [elapsed 3.8m | done 189 | skipped 3004 | errors 0]
    -> tier=TIER_3_AUTO_VALIDATED routing=AUTO_VALIDATED reason=ok
    [dry-run KG3 write OK] would write concept_id=4290193 (Mean corpuscular hemoglobin concentration determination)
  [7/18] 'ALT-121' (Lab Test)  [elapsed 3.8m | done 190 | skipped 3004 | errors 0]
    -> tier=TIER_3_AUTO_VALIDATED routing=AUTO_VALIDATED reason=ok
    [dry-run KG3 write OK] would write concept_id=44810789 (Alanine transaminase activity measurement)
  [8/18] 'CK(CPK)' (Lab Test)  [elapsed 3.8m | done 191 | skipped 3004 | errors 0]
    -> tier=TIER_3_AUTO_VALIDATED routing=AUTO_VALIDATED reason=ok
    [dry-run KG3 write OK] would write concept_id=4265595 (Creatine kinase measurement)
  [9/18] 'Calcium-9' (Lab Test)  [elapsed 3.8m | done 192 | skipped 3004 | errors 0]
    -> tier=TIER_3_AUTO_VALIDATED routing=AUTO_VALIDATED reason=ok
    [dry-run KG3 write OK] would write concept_id=4216722 (Calcium measurement)
  [10/18] 'Type-ART pO2-82' (Lab Test)  [elapsed 3.8m | done 193 | skipped 3004 | errors 0]
    -> tier=TIER_4_ENSEMBLE_SPLIT routing=HITL_REQUIRED reason=ensemble_split
  [11/18] 'Lactate-12.5' (Lab Test)  [elapsed 4.1m | done 194 | skipped 3004 | errors 0]
    -> tier=TIER_3_AUTO_VALIDATED routing=AUTO_VALIDATED reason=ok
    [dry-run KG3 write OK] would write concept_id=4213582 (Lactic acid measurement)
  [12/18] 'WBC-12' (Lab Test)  [elapsed 4.2m | done 195 | skipped 3004 | errors 0]
    -> tier=TIER_3_AUTO_VALIDATED routing=AUTO_VALIDATED reason=ok
    [dry-run KG3 write OK] would write concept_id=4298431 (White blood cell count)
  [13/18] 'MCV-99' (Lab Test)  [elapsed 4.2m | done 196 | skipped 3004 | errors 0]
    -> tier=TIER_3_AUTO_VALIDATED routing=AUTO_VALIDATED reason=ok
    [dry-run KG3 write OK] would write concept_id=4016239 (Erythrocyte mean corpuscular volume determination)
  [14/18] 'MCHC-33' (Lab Test)  [elapsed 4.2m | done 197 | skipped 3004 | errors 0]
    -> tier=TIER_3_AUTO_VALIDATED routing=AUTO_VALIDATED reason=ok
    [dry-run KG3 write OK] would write concept_id=4290193 (Mean corpuscular hemoglobin concentration determination)
  [15/18] 'ALT-123' (Lab Test)  [elapsed 4.2m | done 198 | skipped 3004 | errors 0]
    -> tier=TIER_3_AUTO_VALIDATED routing=AUTO_VALIDATED reason=ok
    [dry-run KG3 write OK] would write concept_id=44810789 (Alanine transaminase activity measurement)
  [16/18] 'AST-136' (Lab Test)  [elapsed 4.2m | done 199 | skipped 3004 | errors 0]
    -> tier=TIER_3_AUTO_VALIDATED routing=AUTO_VALIDATED reason=ok
    [dry-run KG3 write OK] would write concept_id=4263457 (Aspartate aminotransferase measurement)
  [17/18] 'O2 Sat-98' (Lab Test)  [elapsed 4.2m | done 200 | skipped 3004 | errors 0]
    -> tier=TIER_3_AUTO_VALIDATED routing=AUTO_VALIDATED reason=ok
    [dry-run KG3 write OK] would write concept_id=4021125 (Oxygen measurement)
  [18/18] 'oxygen sats' (Lab Test)  [elapsed 4.2m | done 201 | skipped 3004 | errors 0]
    -> tier=TIER_3_AUTO_VALIDATED routing=AUTO_VALIDATED reason=ok
    [dry-run KG3 write OK] would write concept_id=4021125 (Oxygen measurement)
[note 26/108] 10860165-DS-24: 177 record(s), 14 remaining after resume-skip
  [1/14] 'PLT' (Lab Test)  [elapsed 4.2m | done 202 | skipped 3167 | errors 0]
    -> tier=TIER_3_AUTO_VALIDATED routing=AUTO_VALIDATED reason=ok
    [dry-run KG3 write OK] would write concept_id=4267147 (Platelet count)
  [2/14] 'WBC-10' (Lab Test)  [elapsed 4.3m | done 203 | skipped 3167 | errors 0]
    -> tier=TIER_3_AUTO_VALIDATED routing=AUTO_VALIDATED reason=ok
    [dry-run KG3 write OK] would write concept_id=4298431 (White blood cell count)
  [3/14] 'RBC-4' (Lab Test)  [elapsed 4.3m | done 204 | skipped 3167 | errors 0]
    -> tier=TIER_3_AUTO_VALIDATED routing=AUTO_VALIDATED reason=ok
    [dry-run KG3 write OK] would write concept_id=4030871 (Red blood cell count)
  [4/14] 'HGB-15' (Lab Test)  [elapsed 4.3m | done 205 | skipped 3167 | errors 0]
    -> tier=TIER_3_AUTO_VALIDATED routing=AUTO_VALIDATED reason=ok
    [dry-run KG3 write OK] would write concept_id=40480067 (Measurement of total hemoglobin concentration)
  [5/14] 'MCV-101' (Lab Test)  [elapsed 4.3m | done 206 | skipped 3167 | errors 0]
    -> tier=TIER_3_AUTO_VALIDATED routing=AUTO_VALIDATED reason=ok
    [dry-run KG3 write OK] would write concept_id=4016239 (Erythrocyte mean corpuscular volume determination)
  [6/14] 'MCH-37' (Lab Test)  [elapsed 4.3m | done 207 | skipped 3167 | errors 0]
    -> tier=TIER_3_AUTO_VALIDATED routing=AUTO_VALIDATED reason=ok
    [dry-run KG3 write OK] would write concept_id=4290193 (Mean corpuscular hemoglobin concentration determination)
  [7/14] 'MCHC-37' (Lab Test)  [elapsed 4.3m | done 208 | skipped 3167 | errors 0]
    -> tier=TIER_3_AUTO_VALIDATED routing=AUTO_VALIDATED reason=ok
    [dry-run KG3 write OK] would write concept_id=4290193 (Mean corpuscular hemoglobin concentration determination)
  [8/14] 'RDW-14' (Lab Test)  [elapsed 4.3m | done 209 | skipped 3167 | errors 0]
    -> tier=TIER_3_AUTO_VALIDATED routing=AUTO_VALIDATED reason=ok
    [dry-run KG3 write OK] would write concept_id=4281085 (Red cell distribution width determination)
  [9/14] 'CREAT-0.6' (Lab Test)  [elapsed 4.3m | done 210 | skipped 3167 | errors 0]
    -> tier=TIER_3_AUTO_VALIDATED routing=AUTO_VALIDATED reason=ok
    [dry-run KG3 write OK] would write concept_id=4324383 (Creatinine measurement)
  [10/14] 'HGB-14' (Lab Test)  [elapsed 4.4m | done 211 | skipped 3167 | errors 0]
    -> tier=TIER_3_AUTO_VALIDATED routing=AUTO_VALIDATED reason=ok
    [dry-run KG3 write OK] would write concept_id=40480067 (Measurement of total hemoglobin concentration)
  [11/14] 'HGB-0' (Lab Test)  [elapsed 4.4m | done 212 | skipped 3167 | errors 0]
    -> tier=TIER_3_AUTO_VALIDATED routing=AUTO_VALIDATED reason=ok
    [dry-run KG3 write OK] would write concept_id=40480067 (Measurement of total hemoglobin concentration)
  [12/14] 'PO2-48' (Lab Test)  [elapsed 4.4m | done 213 | skipped 3167 | errors 0]
    -> tier=TIER_3_AUTO_VALIDATED routing=AUTO_VALIDATED reason=ok
    [dry-run KG3 write OK] would write concept_id=4103460 (Oxygen measurement, partial pressure, arterial)
  [13/14] 'Platelets' (Lab Test)  [elapsed 4.4m | done 214 | skipped 3167 | errors 0]
    -> tier=TIER_3_AUTO_VALIDATED routing=AUTO_VALIDATED reason=ok
    [dry-run KG3 write OK] would write concept_id=4267147 (Platelet count)
  [14/14] 'hematocrits' (Lab Test)  [elapsed 4.4m | done 215 | skipped 3167 | errors 0]
    -> tier=TIER_3_AUTO_VALIDATED routing=AUTO_VALIDATED reason=ok
    [dry-run KG3 write OK] would write concept_id=4151358 (Hematocrit determination)
[note 27/108] 10912090-DS-23: 179 record(s), 15 remaining after resume-skip
  [1/15] 'WBC' (Lab Test)  [elapsed 4.4m | done 216 | skipped 3331 | errors 0]
    -> tier=TIER_5_TRUE_AMBIGUITY routing=HITL_REQUIRED reason=unresolved_acronym
  [2/15] 'H/H' (Lab Test)  [elapsed 4.4m | done 217 | skipped 3331 | errors 0]
    -> tier=TIER_3_AUTO_VALIDATED routing=AUTO_VALIDATED reason=ok
    [dry-run KG3 write OK] would write concept_id=4288754 (Measurement of total hemoglobin concentration and hematocrit)
  [3/15] 'plt' (Lab Test)  [elapsed 4.4m | done 218 | skipped 3331 | errors 0]
    -> tier=TIER_3_AUTO_VALIDATED routing=AUTO_VALIDATED reason=ok
    [dry-run KG3 write OK] would write concept_id=4267147 (Platelet count)
  [4/15] 'Na 137' (Lab Test)  [elapsed 4.5m | done 219 | skipped 3331 | errors 0]
    -> tier=TIER_3_AUTO_VALIDATED routing=AUTO_VALIDATED reason=ok
    [dry-run KG3 write OK] would write concept_id=4097430 (Sodium measurement)
  [5/15] 'ALT' (Lab Test)  [elapsed 4.5m | done 220 | skipped 3331 | errors 0]
    -> tier=TIER_3_AUTO_VALIDATED routing=AUTO_VALIDATED reason=ok
    [dry-run KG3 write OK] would write concept_id=4146380 (Alanine aminotransferase measurement)
  [6/15] 'AST' (Lab Test)  [elapsed 4.5m | done 221 | skipped 3331 | errors 0]
    -> tier=TIER_3_AUTO_VALIDATED routing=AUTO_VALIDATED reason=ok
    [dry-run KG3 write OK] would write concept_id=4263457 (Aspartate aminotransferase measurement)
  [7/15] 'MCV-87' (Lab Test)  [elapsed 4.5m | done 222 | skipped 3331 | errors 0]
    -> tier=TIER_3_AUTO_VALIDATED routing=AUTO_VALIDATED reason=ok
    [dry-run KG3 write OK] would write concept_id=4016239 (Erythrocyte mean corpuscular volume determination)
  [8/15] 'MCHC-34' (Lab Test)  [elapsed 4.5m | done 223 | skipped 3331 | errors 0]
    -> tier=TIER_3_AUTO_VALIDATED routing=AUTO_VALIDATED reason=ok
    [dry-run KG3 write OK] would write concept_id=4290193 (Mean corpuscular hemoglobin concentration determination)
  [9/15] 'RDW-15' (Lab Test)  [elapsed 4.5m | done 224 | skipped 3331 | errors 0]
    -> tier=TIER_3_AUTO_VALIDATED routing=AUTO_VALIDATED reason=ok
    [dry-run KG3 write OK] would write concept_id=4281085 (Red cell distribution width determination)
  [10/15] 'EOS-0' (Lab Test)  [elapsed 4.5m | done 225 | skipped 3331 | errors 0]
    -> tier=TIER_3_AUTO_VALIDATED routing=AUTO_VALIDATED reason=ok
    [dry-run KG3 write OK] would write concept_id=4216098 (Eosinophil count)
  [11/15] 'PLT' (Lab Test)  [elapsed 4.5m | done 226 | skipped 3331 | errors 0]
    -> tier=TIER_3_AUTO_VALIDATED routing=AUTO_VALIDATED reason=ok
    [dry-run KG3 write OK] would write concept_id=4267147 (Platelet count)
  [12/15] 'ALT' (Lab Test)  [elapsed 4.6m | done 227 | skipped 3331 | errors 0]
    -> tier=TIER_3_AUTO_VALIDATED routing=AUTO_VALIDATED reason=ok
    [dry-run KG3 write OK] would write concept_id=44810789 (Alanine transaminase activity measurement)
  [13/15] 'AST' (Lab Test)  [elapsed 4.6m | done 228 | skipped 3331 | errors 0]
    -> tier=TIER_3_AUTO_VALIDATED routing=AUTO_VALIDATED reason=ok
    [dry-run KG3 write OK] would write concept_id=4263457 (Aspartate aminotransferase measurement)
  [14/15] 'Cryptococcal antigen' (Lab Test)  [elapsed 4.6m | done 229 | skipped 3331 | errors 0]
    -> tier=TIER_3_AUTO_VALIDATED routing=AUTO_VALIDATED reason=ok
    [dry-run KG3 write OK] would write concept_id=44808624 (Cryptococcus neoformans antigen measurement)
  [15/15] 'CD4' (Lab Test)  [elapsed 4.6m | done 230 | skipped 3331 | errors 0]
    -> tier=TIER_3_AUTO_VALIDATED routing=AUTO_VALIDATED reason=ok
    [dry-run KG3 write OK] would write concept_id=4017420 (Detection of lymphocytes positive for CD4 antigen)
[note 28/108] 10912090-DS-33: 237 record(s), 18 remaining after resume-skip
  [1/18] 'Lactate' (Lab Test)  [elapsed 4.6m | done 231 | skipped 3550 | errors 0]
    -> tier=TIER_3_AUTO_VALIDATED routing=AUTO_VALIDATED reason=ok
    [dry-run KG3 write OK] would write concept_id=4213582 (Lactic acid measurement)
  [2/18] 'ALT' (Lab Test)  [elapsed 4.6m | done 232 | skipped 3550 | errors 0]
    -> tier=TIER_3_AUTO_VALIDATED routing=AUTO_VALIDATED reason=ok
    [dry-run KG3 write OK] would write concept_id=4146380 (Alanine aminotransferase measurement)
  [3/18] 'AST' (Lab Test)  [elapsed 4.6m | done 233 | skipped 3550 | errors 0]
    -> tier=TIER_3_AUTO_VALIDATED routing=AUTO_VALIDATED reason=ok
    [dry-run KG3 write OK] would write concept_id=4263457 (Aspartate aminotransferase measurement)
  [4/18] 'Cryptococcal Ag' (Lab Test)  [elapsed 4.7m | done 234 | skipped 3550 | errors 0]
    -> tier=TIER_4_ENSEMBLE_SPLIT routing=HITL_REQUIRED reason=ensemble_split
  [5/18] 'CMV VL \nHSV PCR' (Lab Test)  [elapsed 4.8m | done 235 | skipped 3550 | errors 0]
    -> tier=TIER_5_TRUE_AMBIGUITY routing=HITL_REQUIRED reason=unresolved_acronym
  [6/18] 'ALT' (Lab Test)  [elapsed 4.8m | done 236 | skipped 3550 | errors 0]
    -> tier=TIER_3_AUTO_VALIDATED routing=AUTO_VALIDATED reason=ok
    [dry-run KG3 write OK] would write concept_id=44810789 (Alanine transaminase activity measurement)
  [7/18] 'AST' (Lab Test)  [elapsed 4.8m | done 237 | skipped 3550 | errors 0]
    -> tier=TIER_3_AUTO_VALIDATED routing=AUTO_VALIDATED reason=ok
    [dry-run KG3 write OK] would write concept_id=4263457 (Aspartate aminotransferase measurement)
  [8/18] 'OSMOLAL-288' (Lab Test)  [elapsed 4.8m | done 238 | skipped 3550 | errors 0]
    -> tier=TIER_3_AUTO_VALIDATED routing=AUTO_VALIDATED reason=ok
    [dry-run KG3 write OK] would write concept_id=4353606 (Osmolal gap measurement)
  [9/18] 'EIA' (Lab Test)  [elapsed 4.8m | done 239 | skipped 3550 | errors 0]
    -> tier=TIER_5_TRUE_AMBIGUITY routing=HITL_REQUIRED reason=unresolved_acronym
  [10/18] 'SERUM' (Lab Test)  [elapsed 4.8m | done 240 | skipped 3550 | errors 0]
    -> tier=TIER_3_AUTO_VALIDATED routing=AUTO_VALIDATED reason=ok
    [dry-run KG3 write OK] would write concept_id=4078133 (Serum blood tests)
  [11/18] 'Toxoplasma IgG and IgM' (Lab Test)  [elapsed 4.8m | done 241 | skipped 3550 | errors 0]
    -> tier=TIER_4_ENSEMBLE_SPLIT routing=HITL_REQUIRED reason=ensemble_split
  [12/18] 'Nasal MRSA screen' (Lab Test)  [elapsed 5.2m | done 242 | skipped 3550 | errors 0]
    -> tier=TIER_2_AUTO_RESOLVED routing=HITL_REQUIRED reason=tier2_auto_resolved_pending_revalidation
  [13/18] 'respiratory viral panel' (Lab Test)  [elapsed 5.6m | done 243 | skipped 3550 | errors 0]
    -> tier=TIER_4_ENSEMBLE_SPLIT routing=HITL_REQUIRED reason=ensemble_split
  [14/18] 'stool C. diff antigen' (Lab Test)  [elapsed 5.9m | done 244 | skipped 3550 | errors 0]
    -> tier=TIER_4_ENSEMBLE_SPLIT routing=HITL_REQUIRED reason=ensemble_split
  [15/18] 'left atrial volume index' (Lab Test)  [elapsed 6.3m | done 245 | skipped 3550 | errors 0]
    -> tier=TIER_2_AUTO_RESOLVED routing=HITL_REQUIRED reason=tier2_auto_resolved_pending_revalidation
  [16/18] 'respiratory viral \npanel' (Lab Test)  [elapsed 6.6m | done 246 | skipped 3550 | errors 0]
    -> tier=TIER_4_ENSEMBLE_SPLIT routing=HITL_REQUIRED reason=ensemble_split
  [17/18] 'legionella urinary antigen' (Lab Test)  [elapsed 6.9m | done 247 | skipped 3550 | errors 0]
    -> tier=TIER_4_ENSEMBLE_SPLIT routing=HITL_REQUIRED reason=ensemble_split
  [18/18] 'S. pneumo \nantigen' (Lab Test)  [elapsed 7.2m | done 248 | skipped 3550 | errors 0]
    -> tier=TIER_4_ENSEMBLE_SPLIT routing=HITL_REQUIRED reason=ensemble_split
[note 29/108] 10938537-DS-20: 112 record(s), 9 remaining after resume-skip
  [1/9] 'Cytology' (Lab Test)  [elapsed 7.6m | done 249 | skipped 3653 | errors 0]
    -> tier=TIER_3_AUTO_VALIDATED routing=AUTO_VALIDATED reason=ok
    [dry-run KG3 write OK] would write concept_id=4023405 (Cytologic test)
  [2/9] 'RBC-3' (Lab Test)  [elapsed 7.6m | done 250 | skipped 3653 | errors 0]
    -> tier=TIER_3_AUTO_VALIDATED routing=AUTO_VALIDATED reason=ok
    [dry-run KG3 write OK] would write concept_id=4030871 (Red blood cell count)
  [3/9] 'Hgb-11' (Lab Test)  [elapsed 7.6m | done 251 | skipped 3653 | errors 0]
    -> tier=TIER_3_AUTO_VALIDATED routing=AUTO_VALIDATED reason=ok
    [dry-run KG3 write OK] would write concept_id=40480067 (Measurement of total hemoglobin concentration)
  [4/9] 'MCV-94' (Lab Test)  [elapsed 7.6m | done 252 | skipped 3653 | errors 0]
    -> tier=TIER_3_AUTO_VALIDATED routing=AUTO_VALIDATED reason=ok
    [dry-run KG3 write OK] would write concept_id=4016239 (Erythrocyte mean corpuscular volume determination)
  [5/9] 'MCH-31' (Lab Test)  [elapsed 7.6m | done 253 | skipped 3653 | errors 0]
    -> tier=TIER_3_AUTO_VALIDATED routing=AUTO_VALIDATED reason=ok
    [dry-run KG3 write OK] would write concept_id=4290193 (Mean corpuscular hemoglobin concentration determination)
  [6/9] 'MCHC-33' (Lab Test)  [elapsed 7.6m | done 254 | skipped 3653 | errors 0]
    -> tier=TIER_3_AUTO_VALIDATED routing=AUTO_VALIDATED reason=ok
    [dry-run KG3 write OK] would write concept_id=4290193 (Mean corpuscular hemoglobin concentration determination)
  [7/9] 'RDW-16' (Lab Test)  [elapsed 7.6m | done 255 | skipped 3653 | errors 0]
    -> tier=TIER_3_AUTO_VALIDATED routing=AUTO_VALIDATED reason=ok
    [dry-run KG3 write OK] would write concept_id=4281085 (Red cell distribution width determination)
  [8/9] 'Plt' (Lab Test)  [elapsed 7.7m | done 256 | skipped 3653 | errors 0]
    -> tier=TIER_3_AUTO_VALIDATED routing=AUTO_VALIDATED reason=ok
    [dry-run KG3 write OK] would write concept_id=4267147 (Platelet count)
  [9/9] 'WBC' (Lab Test)  [elapsed 7.7m | done 257 | skipped 3653 | errors 0]
    -> tier=TIER_5_TRUE_AMBIGUITY routing=HITL_REQUIRED reason=unresolved_acronym
[note 30/108] 10960609-DS-16: 90 record(s), 15 remaining after resume-skip
  [1/15] 'Bone scan' (Lab Test)  [elapsed 7.7m | done 258 | skipped 3728 | errors 0]
    -> tier=TIER_3_AUTO_VALIDATED routing=AUTO_VALIDATED reason=ok
    [dry-run KG3 write OK] would write concept_id=4195803 (Bone density scan)
  [2/15] 'white blood cells' (Lab Test)  [elapsed 7.7m | done 259 | skipped 3728 | errors 0]
    -> tier=TIER_3_AUTO_VALIDATED routing=AUTO_VALIDATED reason=ok
    [dry-run KG3 write OK] would write concept_id=4298431 (White blood cell count)
  [3/15] 'bone scan' (Lab Test)  [elapsed 7.7m | done 260 | skipped 3728 | errors 0]
    -> tier=TIER_3_AUTO_VALIDATED routing=AUTO_VALIDATED reason=ok
    [dry-run KG3 write OK] would write concept_id=4195803 (Bone density scan)
  [4/15] 'PLT COUNT-296' (Lab Test)  [elapsed 7.7m | done 261 | skipped 3728 | errors 0]
    -> tier=TIER_3_AUTO_VALIDATED routing=AUTO_VALIDATED reason=ok
    [dry-run KG3 write OK] would write concept_id=4267147 (Platelet count)
  [5/15] 'HGB-11.6' (Lab Test)  [elapsed 7.7m | done 262 | skipped 3728 | errors 0]
    -> tier=TIER_3_AUTO_VALIDATED routing=AUTO_VALIDATED reason=ok
    [dry-run KG3 write OK] would write concept_id=40480067 (Measurement of total hemoglobin concentration)
  [6/15] 'CREAT-0.7' (Lab Test)  [elapsed 7.7m | done 263 | skipped 3728 | errors 0]
    -> tier=TIER_3_AUTO_VALIDATED routing=AUTO_VALIDATED reason=ok
    [dry-run KG3 write OK] would write concept_id=4324383 (Creatinine measurement)
  [7/15] 'SODIUM-138' (Lab Test)  [elapsed 7.8m | done 264 | skipped 3728 | errors 0]
    -> tier=TIER_3_AUTO_VALIDATED routing=AUTO_VALIDATED reason=ok
    [dry-run KG3 write OK] would write concept_id=4097430 (Sodium measurement)
  [8/15] 'TOTAL CO2-24' (Lab Test)  [elapsed 7.8m | done 265 | skipped 3728 | errors 0]
    -> tier=TIER_3_AUTO_VALIDATED routing=AUTO_VALIDATED reason=ok
    [dry-run KG3 write OK] would write concept_id=4135963 (Carbon dioxide content measurement)
  [9/15] 'BLOOD Hct-28.8' (Lab Test)  [elapsed 7.8m | done 266 | skipped 3728 | errors 0]
    -> tier=TIER_3_AUTO_VALIDATED routing=AUTO_VALIDATED reason=ok
    [dry-run KG3 write OK] would write concept_id=4151358 (Hematocrit determination)
  [10/15] 'RDW-13.1' (Lab Test)  [elapsed 7.8m | done 267 | skipped 3728 | errors 0]
    -> tier=TIER_3_AUTO_VALIDATED routing=AUTO_VALIDATED reason=ok
    [dry-run KG3 write OK] would write concept_id=4281085 (Red cell distribution width determination)
  [11/15] 'WBC-12.7' (Lab Test)  [elapsed 7.8m | done 268 | skipped 3728 | errors 0]
    -> tier=TIER_3_AUTO_VALIDATED routing=AUTO_VALIDATED reason=ok
    [dry-run KG3 write OK] would write concept_id=4298431 (White blood cell count)
  [12/15] 'Hgb-11.6' (Lab Test)  [elapsed 7.8m | done 269 | skipped 3728 | errors 0]
    -> tier=TIER_3_AUTO_VALIDATED routing=AUTO_VALIDATED reason=ok
    [dry-run KG3 write OK] would write concept_id=40480067 (Measurement of total hemoglobin concentration)
  [13/15] 'MCHC-35.6' (Lab Test)  [elapsed 7.8m | done 270 | skipped 3728 | errors 0]
    -> tier=TIER_3_AUTO_VALIDATED routing=AUTO_VALIDATED reason=ok
    [dry-run KG3 write OK] would write concept_id=4290193 (Mean corpuscular hemoglobin concentration determination)
  [14/15] 'RDW-13.5' (Lab Test)  [elapsed 7.8m | done 271 | skipped 3728 | errors 0]
    -> tier=TIER_3_AUTO_VALIDATED routing=AUTO_VALIDATED reason=ok
    [dry-run KG3 write OK] would write concept_id=4281085 (Red cell distribution width determination)
  [15/15] 'Plt' (Lab Test)  [elapsed 7.9m | done 272 | skipped 3728 | errors 0]
    -> tier=TIER_3_AUTO_VALIDATED routing=AUTO_VALIDATED reason=ok
    [dry-run KG3 write OK] would write concept_id=4267147 (Platelet count)
[note 31/108] 10965697-DS-12: 172 record(s), 19 remaining after resume-skip
  [1/19] 'CD34' (Lab Test)  [elapsed 7.9m | done 273 | skipped 3881 | errors 0]
    -> tier=TIER_3_AUTO_VALIDATED routing=AUTO_VALIDATED reason=ok
    [dry-run KG3 write OK] would write concept_id=4193720 (CD34 stem cell count procedure)
  [2/19] 'NEUTS-2' (Lab Test)  [elapsed 7.9m | done 274 | skipped 3881 | errors 0]
    -> tier=TIER_3_AUTO_VALIDATED routing=AUTO_VALIDATED reason=ok
    [dry-run KG3 write OK] would write concept_id=4148615 (Neutrophil count)
  [3/19] 'WBC-27' (Lab Test)  [elapsed 7.9m | done 275 | skipped 3881 | errors 0]
    -> tier=TIER_3_AUTO_VALIDATED routing=AUTO_VALIDATED reason=ok
    [dry-run KG3 write OK] would write concept_id=4298431 (White blood cell count)
  [4/19] 'MCV-109' (Lab Test)  [elapsed 7.9m | done 276 | skipped 3881 | errors 0]
    -> tier=TIER_3_AUTO_VALIDATED routing=AUTO_VALIDATED reason=ok
    [dry-run KG3 write OK] would write concept_id=4016239 (Erythrocyte mean corpuscular volume determination)
  [5/19] 'MCHC-31' (Lab Test)  [elapsed 7.9m | done 277 | skipped 3881 | errors 0]
    -> tier=TIER_3_AUTO_VALIDATED routing=AUTO_VALIDATED reason=ok
    [dry-run KG3 write OK] would write concept_id=4290193 (Mean corpuscular hemoglobin concentration determination)
  [6/19] 'D-DIMER-2732' (Lab Test)  [elapsed 7.9m | done 278 | skipped 3881 | errors 0]
    -> tier=TIER_3_AUTO_VALIDATED routing=AUTO_VALIDATED reason=ok
    [dry-run KG3 write OK] would write concept_id=4322628 (D-dimer assay)
  [7/19] 'ALT' (Lab Test)  [elapsed 7.9m | done 279 | skipped 3881 | errors 0]
    -> tier=TIER_3_AUTO_VALIDATED routing=AUTO_VALIDATED reason=ok
    [dry-run KG3 write OK] would write concept_id=44810789 (Alanine transaminase activity measurement)
  [8/19] 'AST' (Lab Test)  [elapsed 8.0m | done 280 | skipped 3881 | errors 0]
    -> tier=TIER_3_AUTO_VALIDATED routing=AUTO_VALIDATED reason=ok
    [dry-run KG3 write OK] would write concept_id=4263457 (Aspartate aminotransferase measurement)
  [9/19] 'Neuts-2' (Lab Test)  [elapsed 8.0m | done 281 | skipped 3881 | errors 0]
    -> tier=TIER_3_AUTO_VALIDATED routing=AUTO_VALIDATED reason=ok
    [dry-run KG3 write OK] would write concept_id=4148615 (Neutrophil count)
  [10/19] 'ALT-85' (Lab Test)  [elapsed 8.0m | done 282 | skipped 3881 | errors 0]
    -> tier=TIER_3_AUTO_VALIDATED routing=AUTO_VALIDATED reason=ok
    [dry-run KG3 write OK] would write concept_id=44810789 (Alanine transaminase activity measurement)
  [11/19] 'AST-153' (Lab Test)  [elapsed 8.0m | done 283 | skipped 3881 | errors 0]
    -> tier=TIER_3_AUTO_VALIDATED routing=AUTO_VALIDATED reason=ok
    [dry-run KG3 write OK] would write concept_id=4263457 (Aspartate aminotransferase measurement)
  [12/19] 'MCHC-34' (Lab Test)  [elapsed 8.0m | done 284 | skipped 3881 | errors 0]
    -> tier=TIER_3_AUTO_VALIDATED routing=AUTO_VALIDATED reason=ok
    [dry-run KG3 write OK] would write concept_id=4290193 (Mean corpuscular hemoglobin concentration determination)
  [13/19] 'Neuts-4' (Lab Test)  [elapsed 8.0m | done 285 | skipped 3881 | errors 0]
    -> tier=TIER_3_AUTO_VALIDATED routing=AUTO_VALIDATED reason=ok
    [dry-run KG3 write OK] would write concept_id=4148615 (Neutrophil count)
  [14/19] 'ALT-19' (Lab Test)  [elapsed 8.0m | done 286 | skipped 3881 | errors 0]
    -> tier=TIER_3_AUTO_VALIDATED routing=AUTO_VALIDATED reason=ok
    [dry-run KG3 write OK] would write concept_id=44810789 (Alanine transaminase activity measurement)
  [15/19] 'AST-20' (Lab Test)  [elapsed 8.0m | done 287 | skipped 3881 | errors 0]
    -> tier=TIER_3_AUTO_VALIDATED routing=AUTO_VALIDATED reason=ok
    [dry-run KG3 write OK] would write concept_id=4263457 (Aspartate aminotransferase measurement)
  [16/19] 'WBC' (Lab Test)  [elapsed 8.1m | done 288 | skipped 3881 | errors 0]
    -> tier=TIER_5_TRUE_AMBIGUITY routing=HITL_REQUIRED reason=unresolved_acronym
  [17/19] 'white count' (Lab Test)  [elapsed 8.1m | done 289 | skipped 3881 | errors 0]
    -> tier=TIER_3_AUTO_VALIDATED routing=AUTO_VALIDATED reason=ok
    [dry-run KG3 write OK] would write concept_id=4298431 (White blood cell count)
  [18/19] 'ALT' (Lab Test)  [elapsed 8.1m | done 290 | skipped 3881 | errors 0]
    -> tier=TIER_3_AUTO_VALIDATED routing=AUTO_VALIDATED reason=ok
    [dry-run KG3 write OK] would write concept_id=4146380 (Alanine aminotransferase measurement)
  [19/19] 'AST' (Lab Test)  [elapsed 8.1m | done 291 | skipped 3881 | errors 0]
    -> tier=TIER_3_AUTO_VALIDATED routing=AUTO_VALIDATED reason=ok
    [dry-run KG3 write OK] would write concept_id=4263457 (Aspartate aminotransferase measurement)
[note 32/108] 10989002-DS-3: 131 record(s), 5 remaining after resume-skip
  [1/5] 'ECG' (Lab Test)  [elapsed 8.1m | done 292 | skipped 4007 | errors 0]
    -> tier=TIER_3_AUTO_VALIDATED routing=AUTO_VALIDATED reason=ok
    [dry-run KG3 write OK] would write concept_id=4261794 (Electrocardiogram with exercise test)
  [2/5] 'WBC' (Lab Test)  [elapsed 8.1m | done 293 | skipped 4007 | errors 0]
    -> tier=TIER_5_TRUE_AMBIGUITY routing=HITL_REQUIRED reason=unresolved_acronym
  [3/5] 'ALT' (Lab Test)  [elapsed 8.1m | done 294 | skipped 4007 | errors 0]
    -> tier=TIER_3_AUTO_VALIDATED routing=AUTO_VALIDATED reason=ok
    [dry-run KG3 write OK] would write concept_id=4146380 (Alanine aminotransferase measurement)
  [4/5] 'AST' (Lab Test)  [elapsed 8.2m | done 295 | skipped 4007 | errors 0]
    -> tier=TIER_3_AUTO_VALIDATED routing=AUTO_VALIDATED reason=ok
    [dry-run KG3 write OK] would write concept_id=4263457 (Aspartate aminotransferase measurement)
  [5/5] 'labs' (Lab Test)  [elapsed 8.2m | done 296 | skipped 4007 | errors 0]
    -> tier=TIER_1_AUTO_VALIDATED routing=AUTO_VALIDATED reason=ok
    [dry-run KG3 write OK] would write concept_id=4034850 (Laboratory test)
[note 33/108] 10993096-DS-12: 114 record(s), 10 remaining after resume-skip
  [1/10] 'ALT' (Lab Test)  [elapsed 8.3m | done 297 | skipped 4111 | errors 0]
    -> tier=TIER_3_AUTO_VALIDATED routing=AUTO_VALIDATED reason=ok
    [dry-run KG3 write OK] would write concept_id=44810789 (Alanine transaminase activity measurement)
  [2/10] 'AST' (Lab Test)  [elapsed 8.3m | done 298 | skipped 4111 | errors 0]
    -> tier=TIER_3_AUTO_VALIDATED routing=AUTO_VALIDATED reason=ok
    [dry-run KG3 write OK] would write concept_id=4263457 (Aspartate aminotransferase measurement)
  [3/10] 'WBC-6' (Lab Test)  [elapsed 8.3m | done 299 | skipped 4111 | errors 0]
    -> tier=TIER_3_AUTO_VALIDATED routing=AUTO_VALIDATED reason=ok
    [dry-run KG3 write OK] would write concept_id=4298431 (White blood cell count)
  [4/10] 'RBC-4' (Lab Test)  [elapsed 8.3m | done 300 | skipped 4111 | errors 0]
    -> tier=TIER_3_AUTO_VALIDATED routing=AUTO_VALIDATED reason=ok
    [dry-run KG3 write OK] would write concept_id=4030871 (Red blood cell count)
  [5/10] 'HGB-12' (Lab Test)  [elapsed 8.3m | done 301 | skipped 4111 | errors 0]
    -> tier=TIER_3_AUTO_VALIDATED routing=AUTO_VALIDATED reason=ok
    [dry-run KG3 write OK] would write concept_id=40480067 (Measurement of total hemoglobin concentration)
  [6/10] 'MCV-85' (Lab Test)  [elapsed 8.3m | done 302 | skipped 4111 | errors 0]
    -> tier=TIER_3_AUTO_VALIDATED routing=AUTO_VALIDATED reason=ok
    [dry-run KG3 write OK] would write concept_id=4016239 (Erythrocyte mean corpuscular volume determination)
  [7/10] 'MCH-30' (Lab Test)  [elapsed 8.3m | done 303 | skipped 4111 | errors 0]
    -> tier=TIER_3_AUTO_VALIDATED routing=AUTO_VALIDATED reason=ok
    [dry-run KG3 write OK] would write concept_id=4290193 (Mean corpuscular hemoglobin concentration determination)
  [8/10] 'MCHC-35' (Lab Test)  [elapsed 8.4m | done 304 | skipped 4111 | errors 0]
    -> tier=TIER_3_AUTO_VALIDATED routing=AUTO_VALIDATED reason=ok
    [dry-run KG3 write OK] would write concept_id=4290193 (Mean corpuscular hemoglobin concentration determination)
  [9/10] 'RDW-13' (Lab Test)  [elapsed 8.4m | done 305 | skipped 4111 | errors 0]
    -> tier=TIER_3_AUTO_VALIDATED routing=AUTO_VALIDATED reason=ok
    [dry-run KG3 write OK] would write concept_id=4281085 (Red cell distribution width determination)
  [10/10] 'PLT' (Lab Test)  [elapsed 8.4m | done 306 | skipped 4111 | errors 0]
    -> tier=TIER_3_AUTO_VALIDATED routing=AUTO_VALIDATED reason=ok
    [dry-run KG3 write OK] would write concept_id=4267147 (Platelet count)
[note 34/108] 11021124-DS-15: 183 record(s), 5 remaining after resume-skip
  [1/5] 'URINE' (Lab Test)  [elapsed 8.4m | done 307 | skipped 4289 | errors 0]
    -> tier=TIER_3_AUTO_VALIDATED routing=AUTO_VALIDATED reason=ok
    [dry-run KG3 write OK] would write concept_id=4055811 (Urine examination)
  [2/5] 'WBC-4' (Lab Test)  [elapsed 8.4m | done 308 | skipped 4289 | errors 0]
    -> tier=TIER_3_AUTO_VALIDATED routing=AUTO_VALIDATED reason=ok
    [dry-run KG3 write OK] would write concept_id=4298431 (White blood cell count)
  [3/5] 'CK(CPK)' (Lab Test)  [elapsed 8.4m | done 309 | skipped 4289 | errors 0]
    -> tier=TIER_3_AUTO_VALIDATED routing=AUTO_VALIDATED reason=ok
    [dry-run KG3 write OK] would write concept_id=4265595 (Creatine kinase measurement)
  [4/5] 'EKG' (Lab Test)  [elapsed 8.4m | done 310 | skipped 4289 | errors 0]
    -> tier=TIER_3_AUTO_VALIDATED routing=AUTO_VALIDATED reason=ok
    [dry-run KG3 write OK] would write concept_id=4261794 (Electrocardiogram with exercise test)
  [5/5] 'Cardiac biomarkers' (Lab Test)  [elapsed 8.4m | done 311 | skipped 4289 | errors 0]
    -> tier=TIER_3_AUTO_VALIDATED routing=AUTO_VALIDATED reason=ok
    [dry-run KG3 write OK] would write concept_id=4310355 (Cardiac markers)
[note 35/108] 11025563-DS-7: 85 record(s), 13 remaining after resume-skip
  [1/13] 'CREAT-0' (Lab Test)  [elapsed 8.5m | done 312 | skipped 4361 | errors 0]
    -> tier=TIER_3_AUTO_VALIDATED routing=AUTO_VALIDATED reason=ok
    [dry-run KG3 write OK] would write concept_id=44790124 (Corrected creatinine measurement)
  [2/13] 'SODIUM-140' (Lab Test)  [elapsed 8.5m | done 313 | skipped 4361 | errors 0]
    -> tier=TIER_3_AUTO_VALIDATED routing=AUTO_VALIDATED reason=ok
    [dry-run KG3 write OK] would write concept_id=4097430 (Sodium measurement)
  [3/13] 'POTASSIUM-4' (Lab Test)  [elapsed 8.5m | done 314 | skipped 4361 | errors 0]
    -> tier=TIER_3_AUTO_VALIDATED routing=AUTO_VALIDATED reason=ok
    [dry-run KG3 write OK] would write concept_id=4245152 (Potassium measurement)
  [4/13] 'TOTAL CO2-27' (Lab Test)  [elapsed 8.5m | done 315 | skipped 4361 | errors 0]
    -> tier=TIER_3_AUTO_VALIDATED routing=AUTO_VALIDATED reason=ok
    [dry-run KG3 write OK] would write concept_id=4135963 (Carbon dioxide content measurement)
  [5/13] 'WBC-10' (Lab Test)  [elapsed 8.5m | done 316 | skipped 4361 | errors 0]
    -> tier=TIER_3_AUTO_VALIDATED routing=AUTO_VALIDATED reason=ok
    [dry-run KG3 write OK] would write concept_id=4298431 (White blood cell count)
  [6/13] 'RBC-4' (Lab Test)  [elapsed 8.5m | done 317 | skipped 4361 | errors 0]
    -> tier=TIER_3_AUTO_VALIDATED routing=AUTO_VALIDATED reason=ok
    [dry-run KG3 write OK] would write concept_id=4030871 (Red blood cell count)
  [7/13] 'HGB-14' (Lab Test)  [elapsed 8.5m | done 318 | skipped 4361 | errors 0]
    -> tier=TIER_3_AUTO_VALIDATED routing=AUTO_VALIDATED reason=ok
    [dry-run KG3 write OK] would write concept_id=40480067 (Measurement of total hemoglobin concentration)
  [8/13] 'MCV-91' (Lab Test)  [elapsed 8.5m | done 319 | skipped 4361 | errors 0]
    -> tier=TIER_3_AUTO_VALIDATED routing=AUTO_VALIDATED reason=ok
    [dry-run KG3 write OK] would write concept_id=4016239 (Erythrocyte mean corpuscular volume determination)
  [9/13] 'MCH-31' (Lab Test)  [elapsed 8.6m | done 320 | skipped 4361 | errors 0]
    -> tier=TIER_3_AUTO_VALIDATED routing=AUTO_VALIDATED reason=ok
    [dry-run KG3 write OK] would write concept_id=4290193 (Mean corpuscular hemoglobin concentration determination)
  [10/13] 'MCHC-34' (Lab Test)  [elapsed 8.6m | done 321 | skipped 4361 | errors 0]
    -> tier=TIER_3_AUTO_VALIDATED routing=AUTO_VALIDATED reason=ok
    [dry-run KG3 write OK] would write concept_id=4290193 (Mean corpuscular hemoglobin concentration determination)
  [11/13] 'RDW-13' (Lab Test)  [elapsed 8.6m | done 322 | skipped 4361 | errors 0]
    -> tier=TIER_3_AUTO_VALIDATED routing=AUTO_VALIDATED reason=ok
    [dry-run KG3 write OK] would write concept_id=4281085 (Red cell distribution width determination)
  [12/13] 'NEUTS-74' (Lab Test)  [elapsed 8.6m | done 323 | skipped 4361 | errors 0]
    -> tier=TIER_3_AUTO_VALIDATED routing=AUTO_VALIDATED reason=ok
    [dry-run KG3 write OK] would write concept_id=4148615 (Neutrophil count)
  [13/13] 'EOS-1' (Lab Test)  [elapsed 8.6m | done 324 | skipped 4361 | errors 0]
    -> tier=TIER_3_AUTO_VALIDATED routing=AUTO_VALIDATED reason=ok
    [dry-run KG3 write OK] would write concept_id=4216098 (Eosinophil count)
[note 36/108] 11026054-DS-14: 125 record(s), 5 remaining after resume-skip
  [1/5] 'Neuts-48.5' (Lab Test)  [elapsed 8.6m | done 325 | skipped 4481 | errors 0]
    -> tier=TIER_3_AUTO_VALIDATED routing=AUTO_VALIDATED reason=ok
    [dry-run KG3 write OK] would write concept_id=4148615 (Neutrophil count)
  [2/5] 'ALT-15' (Lab Test)  [elapsed 8.6m | done 326 | skipped 4481 | errors 0]
    -> tier=TIER_3_AUTO_VALIDATED routing=AUTO_VALIDATED reason=ok
    [dry-run KG3 write OK] would write concept_id=44810789 (Alanine transaminase activity measurement)
  [3/5] 'AST-22' (Lab Test)  [elapsed 8.6m | done 327 | skipped 4481 | errors 0]
    -> tier=TIER_3_AUTO_VALIDATED routing=AUTO_VALIDATED reason=ok
    [dry-run KG3 write OK] would write concept_id=4263457 (Aspartate aminotransferase measurement)
  [4/5] 'WBC-4' (Lab Test)  [elapsed 8.7m | done 328 | skipped 4481 | errors 0]
    -> tier=TIER_3_AUTO_VALIDATED routing=AUTO_VALIDATED reason=ok
    [dry-run KG3 write OK] would write concept_id=4298431 (White blood cell count)
  [5/5] 'kidney stone' (Lab Test)  [elapsed 8.7m | done 329 | skipped 4481 | errors 0]
    -> tier=TIER_3_AUTO_VALIDATED routing=AUTO_VALIDATED reason=ok
    [dry-run KG3 write OK] would write concept_id=4041004 (Kidney stone analysis)
[note 37/108] 11050097-DS-13: 168 record(s), 17 remaining after resume-skip
  [1/17] 'Hgb-12' (Lab Test)  [elapsed 8.7m | done 330 | skipped 4632 | errors 0]
    -> tier=TIER_3_AUTO_VALIDATED routing=AUTO_VALIDATED reason=ok
    [dry-run KG3 write OK] would write concept_id=40480067 (Measurement of total hemoglobin concentration)
  [2/17] 'MCV-92' (Lab Test)  [elapsed 8.7m | done 331 | skipped 4632 | errors 0]
    -> tier=TIER_3_AUTO_VALIDATED routing=AUTO_VALIDATED reason=ok
    [dry-run KG3 write OK] would write concept_id=4016239 (Erythrocyte mean corpuscular volume determination)
  [3/17] 'Neuts-58' (Lab Test)  [elapsed 8.7m | done 332 | skipped 4632 | errors 0]
    -> tier=TIER_3_AUTO_VALIDATED routing=AUTO_VALIDATED reason=ok
    [dry-run KG3 write OK] would write concept_id=4148615 (Neutrophil count)
  [4/17] 'Eos-3' (Lab Test)  [elapsed 8.7m | done 333 | skipped 4632 | errors 0]
    -> tier=TIER_3_AUTO_VALIDATED routing=AUTO_VALIDATED reason=ok
    [dry-run KG3 write OK] would write concept_id=4216098 (Eosinophil count)
  [5/17] 'ALT-9' (Lab Test)  [elapsed 8.7m | done 334 | skipped 4632 | errors 0]
    -> tier=TIER_3_AUTO_VALIDATED routing=AUTO_VALIDATED reason=ok
    [dry-run KG3 write OK] would write concept_id=44810789 (Alanine transaminase activity measurement)
  [6/17] 'AST-16' (Lab Test)  [elapsed 8.7m | done 335 | skipped 4632 | errors 0]
    -> tier=TIER_3_AUTO_VALIDATED routing=AUTO_VALIDATED reason=ok
    [dry-run KG3 write OK] would write concept_id=4263457 (Aspartate aminotransferase measurement)
  [7/17] 'Calcium-10' (Lab Test)  [elapsed 8.8m | done 336 | skipped 4632 | errors 0]
    -> tier=TIER_3_AUTO_VALIDATED routing=AUTO_VALIDATED reason=ok
    [dry-run KG3 write OK] would write concept_id=44789220 (Ionised calcium measurement)
  [8/17] 'HbA1c-5' (Lab Test)  [elapsed 8.8m | done 337 | skipped 4632 | errors 0]
    -> tier=TIER_3_AUTO_VALIDATED routing=AUTO_VALIDATED reason=ok
    [dry-run KG3 write OK] would write concept_id=4184637 (Hemoglobin A1c measurement)
  [9/17] 'WBC-6' (Lab Test)  [elapsed 8.8m | done 338 | skipped 4632 | errors 0]
    -> tier=TIER_3_AUTO_VALIDATED routing=AUTO_VALIDATED reason=ok
    [dry-run KG3 write OK] would write concept_id=4298431 (White blood cell count)
  [10/17] 'RBC-4' (Lab Test)  [elapsed 8.8m | done 339 | skipped 4632 | errors 0]
    -> tier=TIER_3_AUTO_VALIDATED routing=AUTO_VALIDATED reason=ok
    [dry-run KG3 write OK] would write concept_id=4030871 (Red blood cell count)
  [11/17] 'Hgb-13' (Lab Test)  [elapsed 8.8m | done 340 | skipped 4632 | errors 0]
    -> tier=TIER_3_AUTO_VALIDATED routing=AUTO_VALIDATED reason=ok
    [dry-run KG3 write OK] would write concept_id=40480067 (Measurement of total hemoglobin concentration)
  [12/17] 'MCV-91' (Lab Test)  [elapsed 8.8m | done 341 | skipped 4632 | errors 0]
    -> tier=TIER_3_AUTO_VALIDATED routing=AUTO_VALIDATED reason=ok
    [dry-run KG3 write OK] would write concept_id=4016239 (Erythrocyte mean corpuscular volume determination)
  [13/17] 'MCH-28' (Lab Test)  [elapsed 8.8m | done 342 | skipped 4632 | errors 0]
    -> tier=TIER_3_AUTO_VALIDATED routing=AUTO_VALIDATED reason=ok
    [dry-run KG3 write OK] would write concept_id=4290193 (Mean corpuscular hemoglobin concentration determination)
  [14/17] 'MCHC-31' (Lab Test)  [elapsed 8.8m | done 343 | skipped 4632 | errors 0]
    -> tier=TIER_3_AUTO_VALIDATED routing=AUTO_VALIDATED reason=ok
    [dry-run KG3 write OK] would write concept_id=4290193 (Mean corpuscular hemoglobin concentration determination)
  [15/17] 'RDW-13' (Lab Test)  [elapsed 8.9m | done 344 | skipped 4632 | errors 0]
    -> tier=TIER_3_AUTO_VALIDATED routing=AUTO_VALIDATED reason=ok
    [dry-run KG3 write OK] would write concept_id=4281085 (Red cell distribution width determination)
  [16/17] 'Creat-1' (Lab Test)  [elapsed 8.9m | done 345 | skipped 4632 | errors 0]
    -> tier=TIER_3_AUTO_VALIDATED routing=AUTO_VALIDATED reason=ok
    [dry-run KG3 write OK] would write concept_id=4324383 (Creatinine measurement)
  [17/17] 'HbA1C' (Lab Test)  [elapsed 8.9m | done 346 | skipped 4632 | errors 0]
    -> tier=TIER_3_AUTO_VALIDATED routing=AUTO_VALIDATED reason=ok
    [dry-run KG3 write OK] would write concept_id=4184637 (Hemoglobin A1c measurement)
[note 38/108] 11051092-DS-3: 119 record(s), 8 remaining after resume-skip
  [1/8] 'EKG' (Lab Test)  [elapsed 8.9m | done 347 | skipped 4743 | errors 0]
    -> tier=TIER_3_AUTO_VALIDATED routing=AUTO_VALIDATED reason=ok
    [dry-run KG3 write OK] would write concept_id=4261794 (Electrocardiogram with exercise test)
  [2/8] 'ALT' (Lab Test)  [elapsed 8.9m | done 348 | skipped 4743 | errors 0]
    -> tier=TIER_3_AUTO_VALIDATED routing=AUTO_VALIDATED reason=ok
    [dry-run KG3 write OK] would write concept_id=44810789 (Alanine transaminase activity measurement)
  [3/8] 'AST' (Lab Test)  [elapsed 8.9m | done 349 | skipped 4743 | errors 0]
    -> tier=TIER_3_AUTO_VALIDATED routing=AUTO_VALIDATED reason=ok
    [dry-run KG3 write OK] would write concept_id=4263457 (Aspartate aminotransferase measurement)
  [4/8] 'CK(CPK)' (Lab Test)  [elapsed 8.9m | done 350 | skipped 4743 | errors 0]
    -> tier=TIER_3_AUTO_VALIDATED routing=AUTO_VALIDATED reason=ok
    [dry-run KG3 write OK] would write concept_id=4265595 (Creatine kinase measurement)
  [5/8] 'RBC-4' (Lab Test)  [elapsed 8.9m | done 351 | skipped 4743 | errors 0]
    -> tier=TIER_3_AUTO_VALIDATED routing=AUTO_VALIDATED reason=ok
    [dry-run KG3 write OK] would write concept_id=4030871 (Red blood cell count)
  [6/8] 'MCV-94' (Lab Test)  [elapsed 9.0m | done 352 | skipped 4743 | errors 0]
    -> tier=TIER_3_AUTO_VALIDATED routing=AUTO_VALIDATED reason=ok
    [dry-run KG3 write OK] would write concept_id=4016239 (Erythrocyte mean corpuscular volume determination)
  [7/8] 'MCHC-34' (Lab Test)  [elapsed 9.0m | done 353 | skipped 4743 | errors 0]
    -> tier=TIER_3_AUTO_VALIDATED routing=AUTO_VALIDATED reason=ok
    [dry-run KG3 write OK] would write concept_id=4290193 (Mean corpuscular hemoglobin concentration determination)
  [8/8] 'RDW-12' (Lab Test)  [elapsed 9.0m | done 354 | skipped 4743 | errors 0]
    -> tier=TIER_3_AUTO_VALIDATED routing=AUTO_VALIDATED reason=ok
    [dry-run KG3 write OK] would write concept_id=4281085 (Red cell distribution width determination)
[note 39/108] 11062354-DS-8: 137 record(s), 9 remaining after resume-skip
  [1/9] 'MCH-30' (Lab Test)  [elapsed 9.0m | done 355 | skipped 4871 | errors 0]
    -> tier=TIER_3_AUTO_VALIDATED routing=AUTO_VALIDATED reason=ok
    [dry-run KG3 write OK] would write concept_id=4290193 (Mean corpuscular hemoglobin concentration determination)
  [2/9] 'Lactate-1.0' (Lab Test)  [elapsed 9.0m | done 356 | skipped 4871 | errors 0]
    -> tier=TIER_3_AUTO_VALIDATED routing=AUTO_VALIDATED reason=ok
    [dry-run KG3 write OK] would write concept_id=4138179 (D-lactate measurement)
  [3/9] 'RBC-3' (Lab Test)  [elapsed 9.0m | done 357 | skipped 4871 | errors 0]
    -> tier=TIER_3_AUTO_VALIDATED routing=AUTO_VALIDATED reason=ok
    [dry-run KG3 write OK] would write concept_id=4030871 (Red blood cell count)
  [4/9] 'MCV-90' (Lab Test)  [elapsed 9.0m | done 358 | skipped 4871 | errors 0]
    -> tier=TIER_3_AUTO_VALIDATED routing=AUTO_VALIDATED reason=ok
    [dry-run KG3 write OK] would write concept_id=4016239 (Erythrocyte mean corpuscular volume determination)
  [5/9] 'MCHC-33' (Lab Test)  [elapsed 9.0m | done 359 | skipped 4871 | errors 0]
    -> tier=TIER_3_AUTO_VALIDATED routing=AUTO_VALIDATED reason=ok
    [dry-run KG3 write OK] would write concept_id=4290193 (Mean corpuscular hemoglobin concentration determination)
  [6/9] 'RDW-13' (Lab Test)  [elapsed 9.1m | done 360 | skipped 4871 | errors 0]
    -> tier=TIER_3_AUTO_VALIDATED routing=AUTO_VALIDATED reason=ok
    [dry-run KG3 write OK] would write concept_id=4281085 (Red cell distribution width determination)
  [7/9] 'Leuks-NEG' (Lab Test)  [elapsed 9.1m | done 361 | skipped 4871 | errors 0]
    -> tier=TIER_3_AUTO_VALIDATED routing=AUTO_VALIDATED reason=ok
    [dry-run KG3 write OK] would write concept_id=4298431 (White blood cell count)
  [8/9] 'ECG' (Lab Test)  [elapsed 9.1m | done 362 | skipped 4871 | errors 0]
    -> tier=TIER_4_ENSEMBLE_SPLIT routing=HITL_REQUIRED reason=short_alphanumeric_code_trap
  [9/9] 'EKG' (Lab Test)  [elapsed 9.3m | done 363 | skipped 4871 | errors 0]
    -> tier=TIER_3_AUTO_VALIDATED routing=AUTO_VALIDATED reason=ok
    [dry-run KG3 write OK] would write concept_id=4261794 (Electrocardiogram with exercise test)
[note 40/108] 11134545-DS-21: 165 record(s), 3 remaining after resume-skip
  [1/3] 'WBC' (Lab Test)  [elapsed 9.3m | done 364 | skipped 5033 | errors 0]
    -> tier=TIER_5_TRUE_AMBIGUITY routing=HITL_REQUIRED reason=unresolved_acronym
  [2/3] 'CPK' (Lab Test)  [elapsed 9.3m | done 365 | skipped 5033 | errors 0]
    -> tier=TIER_3_AUTO_VALIDATED routing=AUTO_VALIDATED reason=ok
    [dry-run KG3 write OK] would write concept_id=4265595 (Creatine kinase measurement)
  [3/3] 'ECG' (Lab Test)  [elapsed 9.3m | done 366 | skipped 5033 | errors 0]
    -> tier=TIER_3_AUTO_VALIDATED routing=AUTO_VALIDATED reason=ok
    [dry-run KG3 write OK] would write concept_id=4261794 (Electrocardiogram with exercise test)
[note 41/108] 11161110-DS-13: 121 record(s), 8 remaining after resume-skip
  [1/8] 'CO2' (Lab Test)  [elapsed 9.3m | done 367 | skipped 5146 | errors 0]
    -> tier=TIER_3_AUTO_VALIDATED routing=AUTO_VALIDATED reason=ok
    [dry-run KG3 write OK] would write concept_id=4135963 (Carbon dioxide content measurement)
  [2/8] 'WBC' (Lab Test)  [elapsed 9.4m | done 368 | skipped 5146 | errors 0]
    -> tier=TIER_5_TRUE_AMBIGUITY routing=HITL_REQUIRED reason=unresolved_acronym
  [3/8] 'pCO2' (Lab Test)  [elapsed 9.4m | done 369 | skipped 5146 | errors 0]
    -> tier=TIER_3_AUTO_VALIDATED routing=AUTO_VALIDATED reason=ok
    [dry-run KG3 write OK] would write concept_id=4135963 (Carbon dioxide content measurement)
  [4/8] 'pO2 36' (Lab Test)  [elapsed 9.4m | done 370 | skipped 5146 | errors 0]
    -> tier=TIER_3_AUTO_VALIDATED routing=AUTO_VALIDATED reason=ok
    [dry-run KG3 write OK] would write concept_id=4103460 (Oxygen measurement, partial pressure, arterial)
  [5/8] 'chem panel' (Lab Test)  [elapsed 9.4m | done 371 | skipped 5146 | errors 0]
    -> tier=TIER_3_AUTO_VALIDATED routing=AUTO_VALIDATED reason=ok
    [dry-run KG3 write OK] would write concept_id=4244197 (Chemical test, qualitative and quantitative)
  [6/8] 'lactate' (Lab Test)  [elapsed 9.4m | done 372 | skipped 5146 | errors 0]
    -> tier=TIER_3_AUTO_VALIDATED routing=AUTO_VALIDATED reason=ok
    [dry-run KG3 write OK] would write concept_id=4213582 (Lactic acid measurement)
  [7/8] 'UA with \nketones' (Lab Test)  [elapsed 9.4m | done 373 | skipped 5146 | errors 0]
    -> tier=TIER_3_AUTO_VALIDATED routing=AUTO_VALIDATED reason=ok
    [dry-run KG3 write OK] would write concept_id=4166208 (Urinalysis, acetone or ketone bodies measurement)
  [8/8] 'ALT-18' (Lab Test)  [elapsed 9.4m | done 374 | skipped 5146 | errors 0]
    -> tier=TIER_3_AUTO_VALIDATED routing=AUTO_VALIDATED reason=ok
    [dry-run KG3 write OK] would write concept_id=44810789 (Alanine transaminase activity measurement)
[note 42/108] 11167566-DS-4: 82 record(s), 4 remaining after resume-skip
  [1/4] 'WBCs' (Lab Test)  [elapsed 9.4m | done 375 | skipped 5224 | errors 0]
    -> tier=TIER_3_AUTO_VALIDATED routing=AUTO_VALIDATED reason=ok
    [dry-run KG3 write OK] would write concept_id=4298431 (White blood cell count)
  [2/4] 'MCV-83' (Lab Test)  [elapsed 9.5m | done 376 | skipped 5224 | errors 0]
    -> tier=TIER_3_AUTO_VALIDATED routing=AUTO_VALIDATED reason=ok
    [dry-run KG3 write OK] would write concept_id=4016239 (Erythrocyte mean corpuscular volume determination)
  [3/4] 'MCHC-33' (Lab Test)  [elapsed 9.5m | done 377 | skipped 5224 | errors 0]
    -> tier=TIER_3_AUTO_VALIDATED routing=AUTO_VALIDATED reason=ok
    [dry-run KG3 write OK] would write concept_id=4290193 (Mean corpuscular hemoglobin concentration determination)
  [4/4] 'CK(CPK)' (Lab Test)  [elapsed 9.5m | done 378 | skipped 5224 | errors 0]
    -> tier=TIER_3_AUTO_VALIDATED routing=AUTO_VALIDATED reason=ok
    [dry-run KG3 write OK] would write concept_id=4265595 (Creatine kinase measurement)
[note 43/108] 11180362-DS-10: 153 record(s), 12 remaining after resume-skip
  [1/12] 'HGB-12.0' (Lab Test)  [elapsed 9.5m | done 379 | skipped 5365 | errors 0]
    -> tier=TIER_3_AUTO_VALIDATED routing=AUTO_VALIDATED reason=ok
    [dry-run KG3 write OK] would write concept_id=40480067 (Measurement of total hemoglobin concentration)
  [2/12] 'MCHC-34' (Lab Test)  [elapsed 9.5m | done 380 | skipped 5365 | errors 0]
    -> tier=TIER_3_AUTO_VALIDATED routing=AUTO_VALIDATED reason=ok
    [dry-run KG3 write OK] would write concept_id=4290193 (Mean corpuscular hemoglobin concentration determination)
  [3/12] 'CREAT-1.6' (Lab Test)  [elapsed 9.5m | done 381 | skipped 5365 | errors 0]
    -> tier=TIER_3_AUTO_VALIDATED routing=AUTO_VALIDATED reason=ok
    [dry-run KG3 write OK] would write concept_id=4324383 (Creatinine measurement)
  [4/12] 'WBC-13' (Lab Test)  [elapsed 9.5m | done 382 | skipped 5365 | errors 0]
    -> tier=TIER_3_AUTO_VALIDATED routing=AUTO_VALIDATED reason=ok
    [dry-run KG3 write OK] would write concept_id=4298431 (White blood cell count)
  [5/12] 'WBC-10' (Lab Test)  [elapsed 9.6m | done 383 | skipped 5365 | errors 0]
    -> tier=TIER_3_AUTO_VALIDATED routing=AUTO_VALIDATED reason=ok
    [dry-run KG3 write OK] would write concept_id=4298431 (White blood cell count)
  [6/12] 'RBC-3' (Lab Test)  [elapsed 9.6m | done 384 | skipped 5365 | errors 0]
    -> tier=TIER_3_AUTO_VALIDATED routing=AUTO_VALIDATED reason=ok
    [dry-run KG3 write OK] would write concept_id=4030871 (Red blood cell count)
  [7/12] 'RDW-12' (Lab Test)  [elapsed 9.6m | done 385 | skipped 5365 | errors 0]
    -> tier=TIER_3_AUTO_VALIDATED routing=AUTO_VALIDATED reason=ok
    [dry-run KG3 write OK] would write concept_id=4281085 (Red cell distribution width determination)
  [8/12] 'MCV-88' (Lab Test)  [elapsed 9.6m | done 386 | skipped 5365 | errors 0]
    -> tier=TIER_3_AUTO_VALIDATED routing=AUTO_VALIDATED reason=ok
    [dry-run KG3 write OK] would write concept_id=4016239 (Erythrocyte mean corpuscular volume determination)
  [9/12] 'RDW-13' (Lab Test)  [elapsed 9.6m | done 387 | skipped 5365 | errors 0]
    -> tier=TIER_3_AUTO_VALIDATED routing=AUTO_VALIDATED reason=ok
    [dry-run KG3 write OK] would write concept_id=4281085 (Red cell distribution width determination)
  [10/12] 'Creat-1.6' (Lab Test)  [elapsed 9.6m | done 388 | skipped 5365 | errors 0]
    -> tier=TIER_3_AUTO_VALIDATED routing=AUTO_VALIDATED reason=ok
    [dry-run KG3 write OK] would write concept_id=4324383 (Creatinine measurement)
  [11/12] 'ALT-24' (Lab Test)  [elapsed 9.6m | done 389 | skipped 5365 | errors 0]
    -> tier=TIER_3_AUTO_VALIDATED routing=AUTO_VALIDATED reason=ok
    [dry-run KG3 write OK] would write concept_id=44810789 (Alanine transaminase activity measurement)
  [12/12] 'AST-25' (Lab Test)  [elapsed 9.6m | done 390 | skipped 5365 | errors 0]
    -> tier=TIER_3_AUTO_VALIDATED routing=AUTO_VALIDATED reason=ok
    [dry-run KG3 write OK] would write concept_id=4263457 (Aspartate aminotransferase measurement)
[note 44/108] 11198666-DS-27: 134 record(s), 6 remaining after resume-skip
  [1/6] 'WBC' (Lab Test)  [elapsed 9.7m | done 391 | skipped 5493 | errors 0]
    -> tier=TIER_5_TRUE_AMBIGUITY routing=HITL_REQUIRED reason=unresolved_acronym
  [2/6] 'Hbg 10.6' (Lab Test)  [elapsed 9.7m | done 392 | skipped 5493 | errors 0]
    -> tier=TIER_3_AUTO_VALIDATED routing=AUTO_VALIDATED reason=ok
    [dry-run KG3 write OK] would write concept_id=4250135 (Hemoglobin G level)
  [3/6] 'pCO2 51' (Lab Test)  [elapsed 9.7m | done 393 | skipped 5493 | errors 0]
    -> tier=TIER_3_AUTO_VALIDATED routing=AUTO_VALIDATED reason=ok
    [dry-run KG3 write OK] would write concept_id=4135963 (Carbon dioxide content measurement)
  [4/6] 'O2sat 95' (Lab Test)  [elapsed 9.7m | done 394 | skipped 5493 | errors 0]
    -> tier=TIER_3_AUTO_VALIDATED routing=AUTO_VALIDATED reason=ok
    [dry-run KG3 write OK] would write concept_id=4020553 (Oxygen saturation measurement)
  [5/6] 'pO2-132' (Lab Test)  [elapsed 9.7m | done 395 | skipped 5493 | errors 0]
    -> tier=TIER_3_AUTO_VALIDATED routing=AUTO_VALIDATED reason=ok
    [dry-run KG3 write OK] would write concept_id=4103460 (Oxygen measurement, partial pressure, arterial)
  [6/6] 'RDW-16.9' (Lab Test)  [elapsed 9.7m | done 396 | skipped 5493 | errors 0]
    -> tier=TIER_3_AUTO_VALIDATED routing=AUTO_VALIDATED reason=ok
    [dry-run KG3 write OK] would write concept_id=4281085 (Red cell distribution width determination)
[note 45/108] 11215929-DS-4: 166 record(s), 4 remaining after resume-skip
  [1/4] 'Factor VIII level' (Lab Test)  [elapsed 9.7m | done 397 | skipped 5655 | errors 0]
    -> tier=TIER_3_AUTO_VALIDATED routing=AUTO_VALIDATED reason=ok
    [dry-run KG3 write OK] would write concept_id=4148587 (Factor VIII assay)
  [2/4] 'ALT-10' (Lab Test)  [elapsed 9.7m | done 398 | skipped 5655 | errors 0]
    -> tier=TIER_3_AUTO_VALIDATED routing=AUTO_VALIDATED reason=ok
    [dry-run KG3 write OK] would write concept_id=44810789 (Alanine transaminase activity measurement)
  [3/4] 'AST-14' (Lab Test)  [elapsed 9.8m | done 399 | skipped 5655 | errors 0]
    -> tier=TIER_3_AUTO_VALIDATED routing=AUTO_VALIDATED reason=ok
    [dry-run KG3 write OK] would write concept_id=4263457 (Aspartate aminotransferase measurement)
  [4/4] 'hematocrits' (Lab Test)  [elapsed 9.8m | done 400 | skipped 5655 | errors 0]
    -> tier=TIER_3_AUTO_VALIDATED routing=AUTO_VALIDATED reason=ok
    [dry-run KG3 write OK] would write concept_id=4151358 (Hematocrit determination)
[note 46/108] 11250426-DS-3: 156 record(s), 4 remaining after resume-skip
  [1/4] 'WBC' (Lab Test)  [elapsed 9.8m | done 401 | skipped 5807 | errors 0]
    -> tier=TIER_5_TRUE_AMBIGUITY routing=HITL_REQUIRED reason=unresolved_acronym
  [2/4] 'H/H' (Lab Test)  [elapsed 9.8m | done 402 | skipped 5807 | errors 0]
    -> tier=TIER_3_AUTO_VALIDATED routing=AUTO_VALIDATED reason=ok
    [dry-run KG3 write OK] would write concept_id=4288754 (Measurement of total hemoglobin concentration and hematocrit)
  [3/4] 'wbc' (Lab Test)  [elapsed 9.8m | done 403 | skipped 5807 | errors 0]
    -> tier=TIER_5_TRUE_AMBIGUITY routing=HITL_REQUIRED reason=unresolved_acronym
  [4/4] 'HbA1C' (Lab Test)  [elapsed 9.8m | done 404 | skipped 5807 | errors 0]
    -> tier=TIER_3_AUTO_VALIDATED routing=AUTO_VALIDATED reason=ok
    [dry-run KG3 write OK] would write concept_id=4184637 (Hemoglobin A1c measurement)
[note 47/108] 11296936-DS-66: 187 record(s), 8 remaining after resume-skip
  [1/8] 'cardiac biomarkers' (Lab Test)  [elapsed 9.8m | done 405 | skipped 5986 | errors 0]
    -> tier=TIER_3_AUTO_VALIDATED routing=AUTO_VALIDATED reason=ok
    [dry-run KG3 write OK] would write concept_id=4310355 (Cardiac markers)
  [2/8] 'RBC-4' (Lab Test)  [elapsed 9.9m | done 406 | skipped 5986 | errors 0]
    -> tier=TIER_3_AUTO_VALIDATED routing=AUTO_VALIDATED reason=ok
    [dry-run KG3 write OK] would write concept_id=4030871 (Red blood cell count)
  [3/8] 'Hgb-12' (Lab Test)  [elapsed 9.9m | done 407 | skipped 5986 | errors 0]
    -> tier=TIER_3_AUTO_VALIDATED routing=AUTO_VALIDATED reason=ok
    [dry-run KG3 write OK] would write concept_id=40480067 (Measurement of total hemoglobin concentration)
  [4/8] 'MCV-86' (Lab Test)  [elapsed 9.9m | done 408 | skipped 5986 | errors 0]
    -> tier=TIER_3_AUTO_VALIDATED routing=AUTO_VALIDATED reason=ok
    [dry-run KG3 write OK] would write concept_id=4016239 (Erythrocyte mean corpuscular volume determination)
  [5/8] 'MCH-28' (Lab Test)  [elapsed 9.9m | done 409 | skipped 5986 | errors 0]
    -> tier=TIER_3_AUTO_VALIDATED routing=AUTO_VALIDATED reason=ok
    [dry-run KG3 write OK] would write concept_id=4290193 (Mean corpuscular hemoglobin concentration determination)
  [6/8] 'MCHC-32' (Lab Test)  [elapsed 9.9m | done 410 | skipped 5986 | errors 0]
    -> tier=TIER_3_AUTO_VALIDATED routing=AUTO_VALIDATED reason=ok
    [dry-run KG3 write OK] would write concept_id=4290193 (Mean corpuscular hemoglobin concentration determination)
  [7/8] 'RDW-17' (Lab Test)  [elapsed 9.9m | done 411 | skipped 5986 | errors 0]
    -> tier=TIER_3_AUTO_VALIDATED routing=AUTO_VALIDATED reason=ok
    [dry-run KG3 write OK] would write concept_id=4281085 (Red cell distribution width determination)
  [8/8] 'Plt' (Lab Test)  [elapsed 9.9m | done 412 | skipped 5986 | errors 0]
    -> tier=TIER_3_AUTO_VALIDATED routing=AUTO_VALIDATED reason=ok
    [dry-run KG3 write OK] would write concept_id=4267147 (Platelet count)
[note 48/108] 11299687-DS-9: 135 record(s), 4 remaining after resume-skip
  [1/4] 'WBC' (Lab Test)  [elapsed 9.9m | done 413 | skipped 6117 | errors 0]
    -> tier=TIER_5_TRUE_AMBIGUITY routing=HITL_REQUIRED reason=unresolved_acronym
  [2/4] 'BUN/Cr' (Lab Test)  [elapsed 10.0m | done 414 | skipped 6117 | errors 0]
    -> tier=TIER_3_AUTO_VALIDATED routing=AUTO_VALIDATED reason=ok
    [dry-run KG3 write OK] would write concept_id=4112223 (BUN/Creatinine ratio)
  [3/4] 'CK(CPK)' (Lab Test)  [elapsed 10.0m | done 415 | skipped 6117 | errors 0]
    -> tier=TIER_3_AUTO_VALIDATED routing=AUTO_VALIDATED reason=ok
    [dry-run KG3 write OK] would write concept_id=4265595 (Creatine kinase measurement)
  [4/4] 'EKG' (Lab Test)  [elapsed 10.0m | done 416 | skipped 6117 | errors 0]
    -> tier=TIER_3_AUTO_VALIDATED routing=AUTO_VALIDATED reason=ok
    [dry-run KG3 write OK] would write concept_id=4261794 (Electrocardiogram with exercise test)
[note 49/108] 11319259-DS-14: 119 record(s), 15 remaining after resume-skip
  [1/15] 'WBC-4' (Lab Test)  [elapsed 10.0m | done 417 | skipped 6221 | errors 0]
    -> tier=TIER_3_AUTO_VALIDATED routing=AUTO_VALIDATED reason=ok
    [dry-run KG3 write OK] would write concept_id=4298431 (White blood cell count)
  [2/15] 'RBC-3' (Lab Test)  [elapsed 10.0m | done 418 | skipped 6221 | errors 0]
    -> tier=TIER_3_AUTO_VALIDATED routing=AUTO_VALIDATED reason=ok
    [dry-run KG3 write OK] would write concept_id=4030871 (Red blood cell count)
  [3/15] 'HGB-11' (Lab Test)  [elapsed 10.0m | done 419 | skipped 6221 | errors 0]
    -> tier=TIER_3_AUTO_VALIDATED routing=AUTO_VALIDATED reason=ok
    [dry-run KG3 write OK] would write concept_id=40480067 (Measurement of total hemoglobin concentration)
  [4/15] 'MCV-87' (Lab Test)  [elapsed 10.0m | done 420 | skipped 6221 | errors 0]
    -> tier=TIER_3_AUTO_VALIDATED routing=AUTO_VALIDATED reason=ok
    [dry-run KG3 write OK] would write concept_id=4016239 (Erythrocyte mean corpuscular volume determination)
  [5/15] 'MCH-29' (Lab Test)  [elapsed 10.0m | done 421 | skipped 6221 | errors 0]
    -> tier=TIER_3_AUTO_VALIDATED routing=AUTO_VALIDATED reason=ok
    [dry-run KG3 write OK] would write concept_id=4290193 (Mean corpuscular hemoglobin concentration determination)
  [6/15] 'MCHC-33' (Lab Test)  [elapsed 10.1m | done 422 | skipped 6221 | errors 0]
    -> tier=TIER_3_AUTO_VALIDATED routing=AUTO_VALIDATED reason=ok
    [dry-run KG3 write OK] would write concept_id=4290193 (Mean corpuscular hemoglobin concentration determination)
  [7/15] 'RDW-14' (Lab Test)  [elapsed 10.1m | done 423 | skipped 6221 | errors 0]
    -> tier=TIER_3_AUTO_VALIDATED routing=AUTO_VALIDATED reason=ok
    [dry-run KG3 write OK] would write concept_id=4281085 (Red cell distribution width determination)
  [8/15] 'NEUTS-19' (Lab Test)  [elapsed 10.1m | done 424 | skipped 6221 | errors 0]
    -> tier=TIER_3_AUTO_VALIDATED routing=AUTO_VALIDATED reason=ok
    [dry-run KG3 write OK] would write concept_id=4148615 (Neutrophil count)
  [9/15] 'EOS-4' (Lab Test)  [elapsed 10.1m | done 425 | skipped 6221 | errors 0]
    -> tier=TIER_3_AUTO_VALIDATED routing=AUTO_VALIDATED reason=ok
    [dry-run KG3 write OK] would write concept_id=4216098 (Eosinophil count)
  [10/15] 'ALT(SGPT)' (Lab Test)  [elapsed 10.1m | done 426 | skipped 6221 | errors 0]
    -> tier=TIER_3_AUTO_VALIDATED routing=AUTO_VALIDATED reason=ok
    [dry-run KG3 write OK] would write concept_id=44788835 (Serum alanine aminotransferase level)
  [11/15] 'AST(SGOT)' (Lab Test)  [elapsed 10.1m | done 427 | skipped 6221 | errors 0]
    -> tier=TIER_3_AUTO_VALIDATED routing=AUTO_VALIDATED reason=ok
    [dry-run KG3 write OK] would write concept_id=44810795 (Aspartate transaminase activity measurement)
  [12/15] 'AST-46' (Lab Test)  [elapsed 10.1m | done 428 | skipped 6221 | errors 0]
    -> tier=TIER_3_AUTO_VALIDATED routing=AUTO_VALIDATED reason=ok
    [dry-run KG3 write OK] would write concept_id=4263457 (Aspartate aminotransferase measurement)
  [13/15] 'CK(CPK)' (Lab Test)  [elapsed 10.1m | done 429 | skipped 6221 | errors 0]
    -> tier=TIER_3_AUTO_VALIDATED routing=AUTO_VALIDATED reason=ok
    [dry-run KG3 write OK] would write concept_id=4265595 (Creatine kinase measurement)
  [14/15] 'CK' (Lab Test)  [elapsed 10.2m | done 430 | skipped 6221 | errors 0]
    -> tier=TIER_3_AUTO_VALIDATED routing=AUTO_VALIDATED reason=ok
    [dry-run KG3 write OK] would write concept_id=4265595 (Creatine kinase measurement)
  [15/15] 'creatine kinase' (Lab Test)  [elapsed 10.2m | done 431 | skipped 6221 | errors 0]
    -> tier=TIER_3_AUTO_VALIDATED routing=AUTO_VALIDATED reason=ok
    [dry-run KG3 write OK] would write concept_id=4265595 (Creatine kinase measurement)
[note 50/108] 11365932-DS-23: 159 record(s), 13 remaining after resume-skip
  [1/13] 'WBC' (Lab Test)  [elapsed 10.2m | done 432 | skipped 6367 | errors 0]
    -> tier=TIER_5_TRUE_AMBIGUITY routing=HITL_REQUIRED reason=unresolved_acronym
  [2/13] 'CREAT-10' (Lab Test)  [elapsed 10.2m | done 433 | skipped 6367 | errors 0]
    -> tier=TIER_3_AUTO_VALIDATED routing=AUTO_VALIDATED reason=ok
    [dry-run KG3 write OK] would write concept_id=4324383 (Creatinine measurement)
  [3/13] 'SODIUM-132' (Lab Test)  [elapsed 10.2m | done 434 | skipped 6367 | errors 0]
    -> tier=TIER_3_AUTO_VALIDATED routing=AUTO_VALIDATED reason=ok
    [dry-run KG3 write OK] would write concept_id=4097430 (Sodium measurement)
  [4/13] 'TOTAL CO2-29' (Lab Test)  [elapsed 10.2m | done 435 | skipped 6367 | errors 0]
    -> tier=TIER_3_AUTO_VALIDATED routing=AUTO_VALIDATED reason=ok
    [dry-run KG3 write OK] would write concept_id=4135963 (Carbon dioxide content measurement)
  [5/13] 'ALT' (Lab Test)  [elapsed 10.2m | done 436 | skipped 6367 | errors 0]
    -> tier=TIER_3_AUTO_VALIDATED routing=AUTO_VALIDATED reason=ok
    [dry-run KG3 write OK] would write concept_id=44810789 (Alanine transaminase activity measurement)
  [6/13] 'AST' (Lab Test)  [elapsed 10.2m | done 437 | skipped 6367 | errors 0]
    -> tier=TIER_3_AUTO_VALIDATED routing=AUTO_VALIDATED reason=ok
    [dry-run KG3 write OK] would write concept_id=4263457 (Aspartate aminotransferase measurement)
  [7/13] 'RBC-2' (Lab Test)  [elapsed 10.3m | done 438 | skipped 6367 | errors 0]
    -> tier=TIER_3_AUTO_VALIDATED routing=AUTO_VALIDATED reason=ok
    [dry-run KG3 write OK] would write concept_id=4030871 (Red blood cell count)
  [8/13] 'HGB-7' (Lab Test)  [elapsed 10.3m | done 439 | skipped 6367 | errors 0]
    -> tier=TIER_3_AUTO_VALIDATED routing=AUTO_VALIDATED reason=ok
    [dry-run KG3 write OK] would write concept_id=40480067 (Measurement of total hemoglobin concentration)
  [9/13] 'MCV-108' (Lab Test)  [elapsed 10.3m | done 440 | skipped 6367 | errors 0]
    -> tier=TIER_3_AUTO_VALIDATED routing=AUTO_VALIDATED reason=ok
    [dry-run KG3 write OK] would write concept_id=4016239 (Erythrocyte mean corpuscular volume determination)
  [10/13] 'MCH-31' (Lab Test)  [elapsed 10.3m | done 441 | skipped 6367 | errors 0]
    -> tier=TIER_3_AUTO_VALIDATED routing=AUTO_VALIDATED reason=ok
    [dry-run KG3 write OK] would write concept_id=4290193 (Mean corpuscular hemoglobin concentration determination)
  [11/13] 'MCHC-29' (Lab Test)  [elapsed 10.3m | done 442 | skipped 6367 | errors 0]
    -> tier=TIER_3_AUTO_VALIDATED routing=AUTO_VALIDATED reason=ok
    [dry-run KG3 write OK] would write concept_id=4290193 (Mean corpuscular hemoglobin concentration determination)
  [12/13] 'RDW-19' (Lab Test)  [elapsed 10.3m | done 443 | skipped 6367 | errors 0]
    -> tier=TIER_3_AUTO_VALIDATED routing=AUTO_VALIDATED reason=ok
    [dry-run KG3 write OK] would write concept_id=4281085 (Red cell distribution width determination)
  [13/13] 'EOS-2' (Lab Test)  [elapsed 10.3m | done 444 | skipped 6367 | errors 0]
    -> tier=TIER_3_AUTO_VALIDATED routing=AUTO_VALIDATED reason=ok
    [dry-run KG3 write OK] would write concept_id=4216098 (Eosinophil count)
[note 51/108] 11386597-DS-15: 162 record(s), 16 remaining after resume-skip
  [1/16] 'MCV-100' (Lab Test)  [elapsed 10.3m | done 445 | skipped 6513 | errors 0]
    -> tier=TIER_3_AUTO_VALIDATED routing=AUTO_VALIDATED reason=ok
    [dry-run KG3 write OK] would write concept_id=4016239 (Erythrocyte mean corpuscular volume determination)
  [2/16] 'MCH-32.2' (Lab Test)  [elapsed 10.4m | done 446 | skipped 6513 | errors 0]
    -> tier=TIER_3_AUTO_VALIDATED routing=AUTO_VALIDATED reason=ok
    [dry-run KG3 write OK] would write concept_id=4290193 (Mean corpuscular hemoglobin concentration determination)
  [3/16] 'MCHC-32' (Lab Test)  [elapsed 10.4m | done 447 | skipped 6513 | errors 0]
    -> tier=TIER_3_AUTO_VALIDATED routing=AUTO_VALIDATED reason=ok
    [dry-run KG3 write OK] would write concept_id=4290193 (Mean corpuscular hemoglobin concentration determination)
  [4/16] 'RDW-13' (Lab Test)  [elapsed 10.4m | done 448 | skipped 6513 | errors 0]
    -> tier=TIER_3_AUTO_VALIDATED routing=AUTO_VALIDATED reason=ok
    [dry-run KG3 write OK] would write concept_id=4281085 (Red cell distribution width determination)
  [5/16] 'Neuts-56.5' (Lab Test)  [elapsed 10.4m | done 449 | skipped 6513 | errors 0]
    -> tier=TIER_3_AUTO_VALIDATED routing=AUTO_VALIDATED reason=ok
    [dry-run KG3 write OK] would write concept_id=4148615 (Neutrophil count)
  [6/16] 'Creat-2.1' (Lab Test)  [elapsed 10.4m | done 450 | skipped 6513 | errors 0]
    -> tier=TIER_3_AUTO_VALIDATED routing=AUTO_VALIDATED reason=ok
    [dry-run KG3 write OK] would write concept_id=4324383 (Creatinine measurement)
  [7/16] 'Lactate-2.4' (Lab Test)  [elapsed 10.4m | done 451 | skipped 6513 | errors 0]
    -> tier=TIER_3_AUTO_VALIDATED routing=AUTO_VALIDATED reason=ok
    [dry-run KG3 write OK] would write concept_id=4138179 (D-lactate measurement)
  [8/16] 'WBC-7' (Lab Test)  [elapsed 10.4m | done 452 | skipped 6513 | errors 0]
    -> tier=TIER_3_AUTO_VALIDATED routing=AUTO_VALIDATED reason=ok
    [dry-run KG3 write OK] would write concept_id=4298431 (White blood cell count)
  [9/16] 'RBC-4' (Lab Test)  [elapsed 10.4m | done 453 | skipped 6513 | errors 0]
    -> tier=TIER_3_AUTO_VALIDATED routing=AUTO_VALIDATED reason=ok
    [dry-run KG3 write OK] would write concept_id=4030871 (Red blood cell count)
  [10/16] 'Hgb-14' (Lab Test)  [elapsed 10.5m | done 454 | skipped 6513 | errors 0]
    -> tier=TIER_3_AUTO_VALIDATED routing=AUTO_VALIDATED reason=ok
    [dry-run KG3 write OK] would write concept_id=40480067 (Measurement of total hemoglobin concentration)
  [11/16] 'MCV-101' (Lab Test)  [elapsed 10.5m | done 455 | skipped 6513 | errors 0]
    -> tier=TIER_3_AUTO_VALIDATED routing=AUTO_VALIDATED reason=ok
    [dry-run KG3 write OK] would write concept_id=4016239 (Erythrocyte mean corpuscular volume determination)
  [12/16] 'MCH-33.3' (Lab Test)  [elapsed 10.5m | done 456 | skipped 6513 | errors 0]
    -> tier=TIER_3_AUTO_VALIDATED routing=AUTO_VALIDATED reason=ok
    [dry-run KG3 write OK] would write concept_id=4290193 (Mean corpuscular hemoglobin concentration determination)
  [13/16] 'MCHC-33' (Lab Test)  [elapsed 10.5m | done 457 | skipped 6513 | errors 0]
    -> tier=TIER_3_AUTO_VALIDATED routing=AUTO_VALIDATED reason=ok
    [dry-run KG3 write OK] would write concept_id=4290193 (Mean corpuscular hemoglobin concentration determination)
  [14/16] 'Plt' (Lab Test)  [elapsed 10.5m | done 458 | skipped 6513 | errors 0]
    -> tier=TIER_3_AUTO_VALIDATED routing=AUTO_VALIDATED reason=ok
    [dry-run KG3 write OK] would write concept_id=4267147 (Platelet count)
  [15/16] 'SBP' (Lab Test)  [elapsed 10.5m | done 459 | skipped 6513 | errors 0]
    -> tier=TIER_5_TRUE_AMBIGUITY routing=HITL_REQUIRED reason=unresolved_acronym
  [16/16] 'MCV' (Lab Test)  [elapsed 10.5m | done 460 | skipped 6513 | errors 0]
    -> tier=TIER_3_AUTO_VALIDATED routing=AUTO_VALIDATED reason=ok
    [dry-run KG3 write OK] would write concept_id=4016239 (Erythrocyte mean corpuscular volume determination)
[note 52/108] 11392990-DS-6: 235 record(s), 14 remaining after resume-skip
  [1/14] 'SBP' (Lab Test)  [elapsed 10.6m | done 461 | skipped 6734 | errors 0]
    -> tier=TIER_5_TRUE_AMBIGUITY routing=HITL_REQUIRED reason=unresolved_acronym
  [2/14] 'WBC' (Lab Test)  [elapsed 10.6m | done 462 | skipped 6734 | errors 0]
    -> tier=TIER_5_TRUE_AMBIGUITY routing=HITL_REQUIRED reason=unresolved_acronym
  [3/14] 'Lactate' (Lab Test)  [elapsed 10.6m | done 463 | skipped 6734 | errors 0]
    -> tier=TIER_3_AUTO_VALIDATED routing=AUTO_VALIDATED reason=ok
    [dry-run KG3 write OK] would write concept_id=4213582 (Lactic acid measurement)
  [4/14] 'Lactate-1' (Lab Test)  [elapsed 10.6m | done 464 | skipped 6734 | errors 0]
    -> tier=TIER_3_AUTO_VALIDATED routing=AUTO_VALIDATED reason=ok
    [dry-run KG3 write OK] would write concept_id=4138179 (D-lactate measurement)
  [5/14] 'ALT' (Lab Test)  [elapsed 10.6m | done 465 | skipped 6734 | errors 0]
    -> tier=TIER_3_AUTO_VALIDATED routing=AUTO_VALIDATED reason=ok
    [dry-run KG3 write OK] would write concept_id=44810789 (Alanine transaminase activity measurement)
  [6/14] 'AST' (Lab Test)  [elapsed 10.6m | done 466 | skipped 6734 | errors 0]
    -> tier=TIER_3_AUTO_VALIDATED routing=AUTO_VALIDATED reason=ok
    [dry-run KG3 write OK] would write concept_id=4263457 (Aspartate aminotransferase measurement)
  [7/14] 'AST-20' (Lab Test)  [elapsed 10.6m | done 467 | skipped 6734 | errors 0]
    -> tier=TIER_3_AUTO_VALIDATED routing=AUTO_VALIDATED reason=ok
    [dry-run KG3 write OK] would write concept_id=4263457 (Aspartate aminotransferase measurement)
  [8/14] 'WBC-7' (Lab Test)  [elapsed 10.6m | done 468 | skipped 6734 | errors 0]
    -> tier=TIER_3_AUTO_VALIDATED routing=AUTO_VALIDATED reason=ok
    [dry-run KG3 write OK] would write concept_id=4298431 (White blood cell count)
  [9/14] 'Creat-1.5' (Lab Test)  [elapsed 10.6m | done 469 | skipped 6734 | errors 0]
    -> tier=TIER_3_AUTO_VALIDATED routing=AUTO_VALIDATED reason=ok
    [dry-run KG3 write OK] would write concept_id=4324383 (Creatinine measurement)
  [10/14] 'Hgb-9.9' (Lab Test)  [elapsed 10.7m | done 470 | skipped 6734 | errors 0]
    -> tier=TIER_3_AUTO_VALIDATED routing=AUTO_VALIDATED reason=ok
    [dry-run KG3 write OK] would write concept_id=40480067 (Measurement of total hemoglobin concentration)
  [11/14] 'MCV-85' (Lab Test)  [elapsed 10.7m | done 471 | skipped 6734 | errors 0]
    -> tier=TIER_3_AUTO_VALIDATED routing=AUTO_VALIDATED reason=ok
    [dry-run KG3 write OK] would write concept_id=4016239 (Erythrocyte mean corpuscular volume determination)
  [12/14] 'MCHC-33' (Lab Test)  [elapsed 10.7m | done 472 | skipped 6734 | errors 0]
    -> tier=TIER_3_AUTO_VALIDATED routing=AUTO_VALIDATED reason=ok
    [dry-run KG3 write OK] would write concept_id=4290193 (Mean corpuscular hemoglobin concentration determination)
  [13/14] 'RDW-15' (Lab Test)  [elapsed 10.7m | done 473 | skipped 6734 | errors 0]
    -> tier=TIER_3_AUTO_VALIDATED routing=AUTO_VALIDATED reason=ok
    [dry-run KG3 write OK] would write concept_id=4281085 (Red cell distribution width determination)
  [14/14] 'O2 sat' (Lab Test)  [elapsed 10.7m | done 474 | skipped 6734 | errors 0]
    -> tier=TIER_3_AUTO_VALIDATED routing=AUTO_VALIDATED reason=ok
    [dry-run KG3 write OK] would write concept_id=4020553 (Oxygen saturation measurement)
[note 53/108] 11417242-DS-18: 137 record(s), 7 remaining after resume-skip
  [1/7] 'EKG' (Lab Test)  [elapsed 10.7m | done 475 | skipped 6864 | errors 0]
    -> tier=TIER_3_AUTO_VALIDATED routing=AUTO_VALIDATED reason=ok
    [dry-run KG3 write OK] would write concept_id=4261794 (Electrocardiogram with exercise test)
  [2/7] 'Extr' (Lab Test)  [elapsed 10.7m | done 476 | skipped 6864 | errors 0]
    -> tier=TIER_3_AUTO_VALIDATED routing=AUTO_VALIDATED reason=ok
    [dry-run KG3 write OK] would write concept_id=4328798 (Examination of fluid specimen)
  [3/7] 'RBC-4' (Lab Test)  [elapsed 10.8m | done 477 | skipped 6864 | errors 0]
    -> tier=TIER_3_AUTO_VALIDATED routing=AUTO_VALIDATED reason=ok
    [dry-run KG3 write OK] would write concept_id=4030871 (Red blood cell count)
  [4/7] 'Hgb-13' (Lab Test)  [elapsed 10.8m | done 478 | skipped 6864 | errors 0]
    -> tier=TIER_3_AUTO_VALIDATED routing=AUTO_VALIDATED reason=ok
    [dry-run KG3 write OK] would write concept_id=40480067 (Measurement of total hemoglobin concentration)
  [5/7] 'WBC-13' (Lab Test)  [elapsed 10.8m | done 479 | skipped 6864 | errors 0]
    -> tier=TIER_3_AUTO_VALIDATED routing=AUTO_VALIDATED reason=ok
    [dry-run KG3 write OK] would write concept_id=4298431 (White blood cell count)
  [6/7] 'RDW-15' (Lab Test)  [elapsed 10.8m | done 480 | skipped 6864 | errors 0]
    -> tier=TIER_3_AUTO_VALIDATED routing=AUTO_VALIDATED reason=ok
    [dry-run KG3 write OK] would write concept_id=4281085 (Red cell distribution width determination)
  [7/7] 'BUN/Creat' (Lab Test)  [elapsed 10.8m | done 481 | skipped 6864 | errors 0]
    -> tier=TIER_3_AUTO_VALIDATED routing=AUTO_VALIDATED reason=ok
    [dry-run KG3 write OK] would write concept_id=4112223 (BUN/Creatinine ratio)
[note 54/108] 11436844-DS-4: 119 record(s), 15 remaining after resume-skip
  [1/15] 'CREAT-1' (Lab Test)  [elapsed 10.8m | done 482 | skipped 6968 | errors 0]
    -> tier=TIER_3_AUTO_VALIDATED routing=AUTO_VALIDATED reason=ok
    [dry-run KG3 write OK] would write concept_id=4324383 (Creatinine measurement)
  [2/15] 'SODIUM-138' (Lab Test)  [elapsed 10.8m | done 483 | skipped 6968 | errors 0]
    -> tier=TIER_3_AUTO_VALIDATED routing=AUTO_VALIDATED reason=ok
    [dry-run KG3 write OK] would write concept_id=4097430 (Sodium measurement)
  [3/15] 'POTASSIUM-4.3' (Lab Test)  [elapsed 10.8m | done 484 | skipped 6968 | errors 0]
    -> tier=TIER_3_AUTO_VALIDATED routing=AUTO_VALIDATED reason=ok
    [dry-run KG3 write OK] would write concept_id=4245152 (Potassium measurement)
  [4/15] 'TOTAL CO2-21' (Lab Test)  [elapsed 10.9m | done 485 | skipped 6968 | errors 0]
    -> tier=TIER_3_AUTO_VALIDATED routing=AUTO_VALIDATED reason=ok
    [dry-run KG3 write OK] would write concept_id=4135963 (Carbon dioxide content measurement)
  [5/15] 'CALCIUM-8.4' (Lab Test)  [elapsed 10.9m | done 486 | skipped 6968 | errors 0]
    -> tier=TIER_3_AUTO_VALIDATED routing=AUTO_VALIDATED reason=ok
    [dry-run KG3 write OK] would write concept_id=4216722 (Calcium measurement)
  [6/15] 'WBC-6' (Lab Test)  [elapsed 10.9m | done 487 | skipped 6968 | errors 0]
    -> tier=TIER_3_AUTO_VALIDATED routing=AUTO_VALIDATED reason=ok
    [dry-run KG3 write OK] would write concept_id=4298431 (White blood cell count)
  [7/15] 'RBC-3.03' (Lab Test)  [elapsed 10.9m | done 488 | skipped 6968 | errors 0]
    -> tier=TIER_3_AUTO_VALIDATED routing=AUTO_VALIDATED reason=ok
    [dry-run KG3 write OK] would write concept_id=4030871 (Red blood cell count)
  [8/15] 'HGB-11.1' (Lab Test)  [elapsed 10.9m | done 489 | skipped 6968 | errors 0]
    -> tier=TIER_3_AUTO_VALIDATED routing=AUTO_VALIDATED reason=ok
    [dry-run KG3 write OK] would write concept_id=40480067 (Measurement of total hemoglobin concentration)
  [9/15] 'MCV-109' (Lab Test)  [elapsed 10.9m | done 490 | skipped 6968 | errors 0]
    -> tier=TIER_3_AUTO_VALIDATED routing=AUTO_VALIDATED reason=ok
    [dry-run KG3 write OK] would write concept_id=4016239 (Erythrocyte mean corpuscular volume determination)
  [10/15] 'MCH-36.6' (Lab Test)  [elapsed 10.9m | done 491 | skipped 6968 | errors 0]
    -> tier=TIER_3_AUTO_VALIDATED routing=AUTO_VALIDATED reason=ok
    [dry-run KG3 write OK] would write concept_id=4290193 (Mean corpuscular hemoglobin concentration determination)
  [11/15] 'MCHC-33.6' (Lab Test)  [elapsed 10.9m | done 492 | skipped 6968 | errors 0]
    -> tier=TIER_3_AUTO_VALIDATED routing=AUTO_VALIDATED reason=ok
    [dry-run KG3 write OK] would write concept_id=4290193 (Mean corpuscular hemoglobin concentration determination)
  [12/15] 'RDW-16.3' (Lab Test)  [elapsed 10.9m | done 493 | skipped 6968 | errors 0]
    -> tier=TIER_3_AUTO_VALIDATED routing=AUTO_VALIDATED reason=ok
    [dry-run KG3 write OK] would write concept_id=4281085 (Red cell distribution width determination)
  [13/15] 'NEUTS-79.7' (Lab Test)  [elapsed 11.0m | done 494 | skipped 6968 | errors 0]
    -> tier=TIER_3_AUTO_VALIDATED routing=AUTO_VALIDATED reason=ok
    [dry-run KG3 write OK] would write concept_id=4148615 (Neutrophil count)
  [14/15] 'EOS-2.4' (Lab Test)  [elapsed 11.0m | done 495 | skipped 6968 | errors 0]
    -> tier=TIER_3_AUTO_VALIDATED routing=AUTO_VALIDATED reason=ok
    [dry-run KG3 write OK] would write concept_id=4216098 (Eosinophil count)
  [15/15] 'PLT COUNT-90' (Lab Test)  [elapsed 11.0m | done 496 | skipped 6968 | errors 0]
    -> tier=TIER_3_AUTO_VALIDATED routing=AUTO_VALIDATED reason=ok
    [dry-run KG3 write OK] would write concept_id=4267147 (Platelet count)
[note 55/108] 11438886-DS-9: 146 record(s), 14 remaining after resume-skip
  [1/14] 'SaO2' (Lab Test)  [elapsed 11.0m | done 497 | skipped 7100 | errors 0]
    -> tier=TIER_3_AUTO_VALIDATED routing=AUTO_VALIDATED reason=ok
    [dry-run KG3 write OK] would write concept_id=4020553 (Oxygen saturation measurement)
  [2/14] 'SpO2' (Lab Test)  [elapsed 11.0m | done 498 | skipped 7100 | errors 0]
    -> tier=TIER_3_AUTO_VALIDATED routing=AUTO_VALIDATED reason=ok
    [dry-run KG3 write OK] would write concept_id=4020553 (Oxygen saturation measurement)
  [3/14] 'ALT' (Lab Test)  [elapsed 11.0m | done 499 | skipped 7100 | errors 0]
    -> tier=TIER_3_AUTO_VALIDATED routing=AUTO_VALIDATED reason=ok
    [dry-run KG3 write OK] would write concept_id=44810789 (Alanine transaminase activity measurement)
  [4/14] 'AST(SGOT)' (Lab Test)  [elapsed 11.0m | done 500 | skipped 7100 | errors 0]
    -> tier=TIER_3_AUTO_VALIDATED routing=AUTO_VALIDATED reason=ok
    [dry-run KG3 write OK] would write concept_id=44810795 (Aspartate transaminase activity measurement)
  [5/14] 'WBC-19' (Lab Test)  [elapsed 11.1m | done 501 | skipped 7100 | errors 0]
    -> tier=TIER_3_AUTO_VALIDATED routing=AUTO_VALIDATED reason=ok
    [dry-run KG3 write OK] would write concept_id=4298431 (White blood cell count)
  [6/14] 'RBC-3' (Lab Test)  [elapsed 11.1m | done 502 | skipped 7100 | errors 0]
    -> tier=TIER_3_AUTO_VALIDATED routing=AUTO_VALIDATED reason=ok
    [dry-run KG3 write OK] would write concept_id=4030871 (Red blood cell count)
  [7/14] 'HGB-8' (Lab Test)  [elapsed 11.1m | done 503 | skipped 7100 | errors 0]
    -> tier=TIER_3_AUTO_VALIDATED routing=AUTO_VALIDATED reason=ok
    [dry-run KG3 write OK] would write concept_id=40480067 (Measurement of total hemoglobin concentration)
  [8/14] 'MCV-89' (Lab Test)  [elapsed 11.1m | done 504 | skipped 7100 | errors 0]
    -> tier=TIER_3_AUTO_VALIDATED routing=AUTO_VALIDATED reason=ok
    [dry-run KG3 write OK] would write concept_id=4016239 (Erythrocyte mean corpuscular volume determination)
  [9/14] 'MCH-26' (Lab Test)  [elapsed 11.1m | done 505 | skipped 7100 | errors 0]
    -> tier=TIER_3_AUTO_VALIDATED routing=AUTO_VALIDATED reason=ok
    [dry-run KG3 write OK] would write concept_id=4290193 (Mean corpuscular hemoglobin concentration determination)
  [10/14] 'MCHC-30' (Lab Test)  [elapsed 11.1m | done 506 | skipped 7100 | errors 0]
    -> tier=TIER_3_AUTO_VALIDATED routing=AUTO_VALIDATED reason=ok
    [dry-run KG3 write OK] would write concept_id=4290193 (Mean corpuscular hemoglobin concentration determination)
  [11/14] 'RDW-16' (Lab Test)  [elapsed 11.1m | done 507 | skipped 7100 | errors 0]
    -> tier=TIER_3_AUTO_VALIDATED routing=AUTO_VALIDATED reason=ok
    [dry-run KG3 write OK] would write concept_id=4281085 (Red cell distribution width determination)
  [12/14] 'WBC' (Lab Test)  [elapsed 11.1m | done 508 | skipped 7100 | errors 0]
    -> tier=TIER_5_TRUE_AMBIGUITY routing=HITL_REQUIRED reason=unresolved_acronym
  [13/14] 'RDW' (Lab Test)  [elapsed 11.1m | done 509 | skipped 7100 | errors 0]
    -> tier=TIER_3_AUTO_VALIDATED routing=AUTO_VALIDATED reason=ok
    [dry-run KG3 write OK] would write concept_id=4281085 (Red cell distribution width determination)
  [14/14] 'MCV' (Lab Test)  [elapsed 11.2m | done 510 | skipped 7100 | errors 0]
    -> tier=TIER_3_AUTO_VALIDATED routing=AUTO_VALIDATED reason=ok
    [dry-run KG3 write OK] would write concept_id=4016239 (Erythrocyte mean corpuscular volume determination)
[note 56/108] 11513575-DS-15: 98 record(s), 98 remaining after resume-skip
  [1/98] 'Bactrim DS' (Medication)  [elapsed 11.2m | done 511 | skipped 7100 | errors 0]
    -> tier=TIER_5_TRUE_AMBIGUITY routing=HITL_REQUIRED reason=unresolved_acronym
  [2/98] 'bladder' (Anatomy)  [elapsed 11.2m | done 512 | skipped 7100 | errors 0]
    -> tier=TIER_4_ENSEMBLE_SPLIT routing=HITL_REQUIRED reason=ensemble_split
  [3/98] 'biopsy' (Procedure)  [elapsed 11.3m | done 513 | skipped 7100 | errors 0]
    -> tier=TIER_1_AUTO_VALIDATED routing=AUTO_VALIDATED reason=ok
    [dry-run KG3 write OK] would write concept_id=4311405 (Biopsy)
  [4/98] 'urodynamics' (Procedure)  [elapsed 11.4m | done 514 | skipped 7100 | errors 0]
    -> tier=TIER_4_ENSEMBLE_SPLIT routing=HITL_REQUIRED reason=ensemble_split
  [5/98] 'urinary retention' (Symptom)  [elapsed 11.5m | done 515 | skipped 7100 | errors 0]
    -> tier=TIER_4_ENSEMBLE_SPLIT routing=HITL_REQUIRED reason=ensemble_split
  [6/98] 'weak stream' (Symptom)  [elapsed 11.7m | done 516 | skipped 7100 | errors 0]
    -> tier=TIER_4_ENSEMBLE_SPLIT routing=HITL_REQUIRED reason=ensemble_split
  [7/98] 'UTI' (Condition)  [elapsed 11.9m | done 517 | skipped 7100 | errors 0]
    -> tier=TIER_4_ENSEMBLE_SPLIT routing=HITL_REQUIRED reason=short_alphanumeric_code_trap
  [8/98] 'blood' (Symptom)  [elapsed 12.0m | done 518 | skipped 7100 | errors 0]
    -> tier=TIER_1_AUTO_VALIDATED routing=AUTO_VALIDATED reason=ok
    [dry-run KG3 write OK] would write concept_id=4226865 (Blood)
  [9/98] '3 way foley' (Anatomy)  [elapsed 12.1m | done 519 | skipped 7100 | errors 0]
    -> tier=TIER_5_TRUE_AMBIGUITY routing=HITL_REQUIRED reason=no_candidates
  [10/98] 'Diabetes type 2' (Condition)  [elapsed 12.1m | done 520 | skipped 7100 | errors 0]
    -> tier=TIER_1_AUTO_VALIDATED routing=AUTO_VALIDATED reason=ok
    [dry-run KG3 write OK] would write concept_id=201826 (Type 2 diabetes mellitus)
  [11/98] 'retinopathy' (Condition)  [elapsed 12.2m | done 521 | skipped 7100 | errors 0]
    -> tier=TIER_4_ENSEMBLE_SPLIT routing=HITL_REQUIRED reason=ensemble_split
  [12/98] 'syphilis' (Condition)  [elapsed 12.3m | done 522 | skipped 7100 | errors 0]
    -> tier=TIER_1_AUTO_VALIDATED routing=AUTO_VALIDATED reason=ok
    [dry-run KG3 write OK] would write concept_id=436033 (Syphilis)
  [13/98] 'Angioedema' (Condition)  [elapsed 12.4m | done 523 | skipped 7100 | errors 0]
    -> tier=TIER_4_ENSEMBLE_SPLIT routing=HITL_REQUIRED reason=ensemble_split
  [14/98] 'Glaucoma' (Condition)  [elapsed 12.6m | done 524 | skipped 7100 | errors 0]
    -> tier=TIER_1_AUTO_VALIDATED routing=AUTO_VALIDATED reason=ok
    [dry-run KG3 write OK] would write concept_id=437541 (Glaucoma)
  [15/98] 'spinal stenosis' (Condition)  [elapsed 12.7m | done 525 | skipped 7100 | errors 0]
    -> tier=TIER_4_ENSEMBLE_SPLIT routing=HITL_REQUIRED reason=ensemble_split
  [16/98] 'laminectomy' (Procedure)  [elapsed 12.8m | done 526 | skipped 7100 | errors 0]
    -> tier=TIER_1_AUTO_VALIDATED routing=AUTO_VALIDATED reason=ok
    [dry-run KG3 write OK] would write concept_id=4306206 (Laminectomy)
  [17/98] "Paget's disease" (Condition)  [elapsed 12.9m | done 527 | skipped 7100 | errors 0]
    -> tier=TIER_4_ENSEMBLE_SPLIT routing=HITL_REQUIRED reason=ensemble_split
  [18/98] 'gout' (Condition)  [elapsed 13.0m | done 528 | skipped 7100 | errors 0]
    -> tier=TIER_4_ENSEMBLE_SPLIT routing=HITL_REQUIRED reason=ensemble_split
  [19/98] 'lichen planus' (Condition)  [elapsed 13.1m | done 529 | skipped 7100 | errors 0]
    -> tier=TIER_1_AUTO_VALIDATED routing=AUTO_VALIDATED reason=ok
    [dry-run KG3 write OK] would write concept_id=132703 (Lichen planus)
  [20/98] 'Physical Exam' (Procedure)  [elapsed 13.2m | done 530 | skipped 7100 | errors 0]
    -> tier=TIER_3_AUTO_VALIDATED routing=AUTO_VALIDATED reason=ok
    [dry-run KG3 write OK] would write concept_id=4240345 (Physical examination)
  [21/98] 'soft' (Symptom)  [elapsed 13.2m | done 531 | skipped 7100 | errors 0]
    -> tier=TIER_3_AUTO_VALIDATED routing=AUTO_VALIDATED reason=ok
    [dry-run KG3 write OK] would write concept_id=4096862 (Abdomen soft)
  [22/98] 'HCT-37' (Lab Test)  [elapsed 13.2m | done 532 | skipped 7100 | errors 0]
    -> tier=TIER_5_TRUE_AMBIGUITY routing=HITL_REQUIRED reason=below_similarity_floor
  [23/98] 'GLUCOSE-238' (Lab Test)  [elapsed 13.2m | done 533 | skipped 7100 | errors 0]
    -> tier=TIER_1_AUTO_VALIDATED routing=AUTO_VALIDATED reason=ok
    [dry-run KG3 write OK] would write concept_id=4149519 (Glucose measurement)
  [24/98] 'UREA N-19' (Lab Test)  [elapsed 13.3m | done 534 | skipped 7100 | errors 0]
    -> tier=TIER_4_ENSEMBLE_SPLIT routing=HITL_REQUIRED reason=ensemble_split
  [25/98] 'CREAT-1' (Lab Test)  [elapsed 13.6m | done 535 | skipped 7100 | errors 0]
    -> tier=TIER_3_AUTO_VALIDATED routing=AUTO_VALIDATED reason=ok
    [dry-run KG3 write OK] would write concept_id=4324383 (Creatinine measurement)
  [26/98] 'SODIUM-142' (Lab Test)  [elapsed 13.6m | done 536 | skipped 7100 | errors 0]
    -> tier=TIER_3_AUTO_VALIDATED routing=AUTO_VALIDATED reason=ok
    [dry-run KG3 write OK] would write concept_id=4097430 (Sodium measurement)
  [27/98] 'CHLORIDE-104' (Lab Test)  [elapsed 13.6m | done 537 | skipped 7100 | errors 0]
    -> tier=TIER_4_ENSEMBLE_SPLIT routing=HITL_REQUIRED reason=ensemble_split
  [28/98] 'TOTAL CO2-27' (Lab Test)  [elapsed 13.7m | done 538 | skipped 7100 | errors 0]
    -> tier=TIER_3_AUTO_VALIDATED routing=AUTO_VALIDATED reason=ok
    [dry-run KG3 write OK] would write concept_id=4135963 (Carbon dioxide content measurement)
  [29/98] 'ANION GAP-15' (Lab Test)  [elapsed 13.7m | done 539 | skipped 7100 | errors 0]
    -> tier=TIER_4_ENSEMBLE_SPLIT routing=HITL_REQUIRED reason=ensemble_split
  [30/98] 'Piperacillin/tazobactam' (Medication)  [elapsed 13.8m | done 540 | skipped 7100 | errors 0]
    -> tier=TIER_4_ENSEMBLE_SPLIT routing=HITL_REQUIRED reason=ensemble_split
  [31/98] 'AMPICILLIN/SULBACTAM' (Medication)  [elapsed 14.2m | done 541 | skipped 7100 | errors 0]
    -> tier=TIER_4_ENSEMBLE_SPLIT routing=HITL_REQUIRED reason=ensemble_split
  [32/98] 'CEFAZOLIN' (Medication)  [elapsed 14.5m | done 542 | skipped 7100 | errors 0]
    -> tier=TIER_1_AUTO_VALIDATED routing=AUTO_VALIDATED reason=ok
    [dry-run KG3 write OK] would write concept_id=1771162 (cefazolin)
  [33/98] 'CEFTAZIDIME' (Medication)  [elapsed 14.6m | done 543 | skipped 7100 | errors 0]
    -> tier=TIER_1_AUTO_VALIDATED routing=AUTO_VALIDATED reason=ok
    [dry-run KG3 write OK] would write concept_id=1776684 (ceftazidime)
  [34/98] 'CEFTRIAXONE' (Medication)  [elapsed 14.7m | done 544 | skipped 7100 | errors 0]
    -> tier=TIER_1_AUTO_VALIDATED routing=AUTO_VALIDATED reason=ok
    [dry-run KG3 write OK] would write concept_id=1777806 (ceftriaxone)
  [35/98] 'CIPROFLOXACIN' (Medication)  [elapsed 14.8m | done 545 | skipped 7100 | errors 0]
    -> tier=TIER_1_AUTO_VALIDATED routing=AUTO_VALIDATED reason=ok
    [dry-run KG3 write OK] would write concept_id=1797513 (ciprofloxacin)
  [36/98] 'GENTAMICIN' (Medication)  [elapsed 14.9m | done 546 | skipped 7100 | errors 0]
    -> tier=TIER_4_ENSEMBLE_SPLIT routing=HITL_REQUIRED reason=ensemble_split
  [37/98] 'MEROPENEM' (Medication)  [elapsed 15.0m | done 547 | skipped 7100 | errors 0]
    -> tier=TIER_1_AUTO_VALIDATED routing=AUTO_VALIDATED reason=ok
    [dry-run KG3 write OK] would write concept_id=1709170 (meropenem)
  [38/98] 'NITROFURANTOIN' (Medication)  [elapsed 15.1m | done 548 | skipped 7100 | errors 0]
    -> tier=TIER_1_AUTO_VALIDATED routing=AUTO_VALIDATED reason=ok
    [dry-run KG3 write OK] would write concept_id=920293 (nitrofurantoin)
  [39/98] 'TOBRAMYCIN' (Medication)  [elapsed 15.2m | done 549 | skipped 7100 | errors 0]
    -> tier=TIER_1_AUTO_VALIDATED routing=AUTO_VALIDATED reason=ok
    [dry-run KG3 write OK] would write concept_id=902722 (tobramycin)
  [40/98] 'TRIMETHOPRIM' (Medication)  [elapsed 15.3m | done 550 | skipped 7100 | errors 0]
    -> tier=TIER_1_AUTO_VALIDATED routing=AUTO_VALIDATED reason=ok
    [dry-run KG3 write OK] would write concept_id=1705674 (trimethoprim)
  [41/98] 'WBC-13' (Lab Test)  [elapsed 15.4m | done 551 | skipped 7100 | errors 0]
    -> tier=TIER_3_AUTO_VALIDATED routing=AUTO_VALIDATED reason=ok
    [dry-run KG3 write OK] would write concept_id=4298431 (White blood cell count)
  [42/98] 'Hgb-11' (Lab Test)  [elapsed 15.4m | done 552 | skipped 7100 | errors 0]
    -> tier=TIER_3_AUTO_VALIDATED routing=AUTO_VALIDATED reason=ok
    [dry-run KG3 write OK] would write concept_id=40480067 (Measurement of total hemoglobin concentration)
  [43/98] 'Hct-34' (Lab Test)  [elapsed 15.4m | done 553 | skipped 7100 | errors 0]
    -> tier=TIER_5_TRUE_AMBIGUITY routing=HITL_REQUIRED reason=below_similarity_floor
  [44/98] 'WBC-12' (Lab Test)  [elapsed 15.5m | done 554 | skipped 7100 | errors 0]
    -> tier=TIER_3_AUTO_VALIDATED routing=AUTO_VALIDATED reason=ok
    [dry-run KG3 write OK] would write concept_id=4298431 (White blood cell count)
  [45/98] 'RBC-3' (Lab Test)  [elapsed 15.5m | done 555 | skipped 7100 | errors 0]
    -> tier=TIER_3_AUTO_VALIDATED routing=AUTO_VALIDATED reason=ok
    [dry-run KG3 write OK] would write concept_id=4030871 (Red blood cell count)
  [46/98] 'Hct-32' (Lab Test)  [elapsed 15.5m | done 556 | skipped 7100 | errors 0]
    -> tier=TIER_5_TRUE_AMBIGUITY routing=HITL_REQUIRED reason=below_similarity_floor
  [47/98] 'MCV-90' (Lab Test)  [elapsed 15.5m | done 557 | skipped 7100 | errors 0]
    -> tier=TIER_3_AUTO_VALIDATED routing=AUTO_VALIDATED reason=ok
    [dry-run KG3 write OK] would write concept_id=4016239 (Erythrocyte mean corpuscular volume determination)
  [48/98] 'MCH-29' (Lab Test)  [elapsed 15.5m | done 558 | skipped 7100 | errors 0]
    -> tier=TIER_3_AUTO_VALIDATED routing=AUTO_VALIDATED reason=ok
    [dry-run KG3 write OK] would write concept_id=4290193 (Mean corpuscular hemoglobin concentration determination)
  [49/98] 'MCHC-32' (Lab Test)  [elapsed 15.5m | done 559 | skipped 7100 | errors 0]
    -> tier=TIER_3_AUTO_VALIDATED routing=AUTO_VALIDATED reason=ok
    [dry-run KG3 write OK] would write concept_id=4290193 (Mean corpuscular hemoglobin concentration determination)
  [50/98] 'RDW-13' (Lab Test)  [elapsed 15.5m | done 560 | skipped 7100 | errors 0]
    -> tier=TIER_3_AUTO_VALIDATED routing=AUTO_VALIDATED reason=ok
    [dry-run KG3 write OK] would write concept_id=4281085 (Red cell distribution width determination)
  [51/98] 'Glucose-122' (Lab Test)  [elapsed 15.5m | done 561 | skipped 7100 | errors 0]
    -> tier=TIER_1_AUTO_VALIDATED routing=AUTO_VALIDATED reason=ok
    [dry-run KG3 write OK] would write concept_id=4149519 (Glucose measurement)
  [52/98] 'UreaN-14' (Lab Test)  [elapsed 15.6m | done 562 | skipped 7100 | errors 0]
    -> tier=TIER_1_AUTO_VALIDATED routing=AUTO_VALIDATED reason=ok
    [dry-run KG3 write OK] would write concept_id=4020121 (Urea measurement)
  [53/98] 'HCO3-29' (Lab Test)  [elapsed 15.7m | done 563 | skipped 7100 | errors 0]
    -> tier=TIER_1_AUTO_VALIDATED routing=AUTO_VALIDATED reason=ok
    [dry-run KG3 write OK] would write concept_id=4227915 (Bicarbonate measurement)
  [54/98] 'AnGap-12' (Lab Test)  [elapsed 15.8m | done 564 | skipped 7100 | errors 0]
    -> tier=TIER_5_TRUE_AMBIGUITY routing=HITL_REQUIRED reason=no_candidates
  [55/98] 'CBI' (Medication)  [elapsed 15.9m | done 565 | skipped 7100 | errors 0]
    -> tier=TIER_5_TRUE_AMBIGUITY routing=HITL_REQUIRED reason=no_candidates
  [56/98] 'CBI' (Procedure)  [elapsed 15.9m | done 566 | skipped 7100 | errors 0]
    -> tier=TIER_5_TRUE_AMBIGUITY routing=HITL_REQUIRED reason=no_candidates
  [57/98] 'cystoscopy' (Procedure)  [elapsed 15.9m | done 567 | skipped 7100 | errors 0]
    -> tier=TIER_1_AUTO_VALIDATED routing=AUTO_VALIDATED reason=ok
    [dry-run KG3 write OK] would write concept_id=40299999 (Cystoscopy)
  [58/98] 'cystoscopy and bladder biopsy' (Procedure)  [elapsed 16.0m | done 568 | skipped 7100 | errors 0]
    -> tier=TIER_1_AUTO_VALIDATED routing=AUTO_VALIDATED reason=ok
    [dry-run KG3 write OK] would write concept_id=37163186 (Cystoscopy and biopsy of urinary bladder)
  [59/98] 'fevers and chills' (Symptom)  [elapsed 16.1m | done 569 | skipped 7100 | errors 0]
    -> tier=TIER_1_AUTO_VALIDATED routing=AUTO_VALIDATED reason=ok
    [dry-run KG3 write OK] would write concept_id=4164645 (Fever with chills)
  [60/98] 'WBC count' (Lab Test)  [elapsed 16.2m | done 570 | skipped 7100 | errors 0]
    -> tier=TIER_5_TRUE_AMBIGUITY routing=HITL_REQUIRED reason=unresolved_acronym
  [61/98] 'cipro' (Medication)  [elapsed 16.2m | done 571 | skipped 7100 | errors 0]
    -> tier=TIER_3_AUTO_VALIDATED routing=AUTO_VALIDATED reason=ok
    [dry-run KG3 write OK] would write concept_id=1797513 (ciprofloxacin)
  [62/98] 'BIMATOPROST' (Medication)  [elapsed 16.2m | done 572 | skipped 7100 | errors 0]
    -> tier=TIER_1_AUTO_VALIDATED routing=AUTO_VALIDATED reason=ok
    [dry-run KG3 write OK] would write concept_id=904525 (bimatoprost)
  [63/98] 'LUMIGAN' (Medication)  [elapsed 16.3m | done 573 | skipped 7100 | errors 0]
    -> tier=TIER_3_AUTO_VALIDATED routing=AUTO_VALIDATED reason=ok
    [dry-run KG3 write OK] would write concept_id=904525 (bimatoprost)
  [64/98] 'METFORMIN' (Medication)  [elapsed 16.3m | done 574 | skipped 7100 | errors 0]
    -> tier=TIER_1_AUTO_VALIDATED routing=AUTO_VALIDATED reason=ok
    [dry-run KG3 write OK] would write concept_id=1503297 (metformin)
  [65/98] 'TADALAFIL' (Medication)  [elapsed 16.4m | done 575 | skipped 7100 | errors 0]
    -> tier=TIER_1_AUTO_VALIDATED routing=AUTO_VALIDATED reason=ok
    [dry-run KG3 write OK] would write concept_id=1336926 (tadalafil)
  [66/98] 'CIALIS' (Medication)  [elapsed 16.5m | done 576 | skipped 7100 | errors 0]
    -> tier=TIER_3_AUTO_VALIDATED routing=AUTO_VALIDATED reason=ok
    [dry-run KG3 write OK] would write concept_id=1336926 (tadalafil)
  [67/98] 'TERAZOSIN' (Medication)  [elapsed 16.5m | done 577 | skipped 7100 | errors 0]
    -> tier=TIER_1_AUTO_VALIDATED routing=AUTO_VALIDATED reason=ok
    [dry-run KG3 write OK] would write concept_id=1341238 (terazosin)
  [68/98] 'TRIAMCINOLONE ACETONIDE' (Medication)  [elapsed 16.6m | done 578 | skipped 7100 | errors 0]
    -> tier=TIER_4_ENSEMBLE_SPLIT routing=HITL_REQUIRED reason=ensemble_split
  [69/98] 'ASPIRIN' (Medication)  [elapsed 16.7m | done 579 | skipped 7100 | errors 0]
    -> tier=TIER_4_ENSEMBLE_SPLIT routing=HITL_REQUIRED reason=ensemble_split
  [70/98] 'ERGOCALCIFEROL' (Medication)  [elapsed 16.8m | done 580 | skipped 7100 | errors 0]
    -> tier=TIER_1_AUTO_VALIDATED routing=AUTO_VALIDATED reason=ok
    [dry-run KG3 write OK] would write concept_id=19045045 (ergocalciferol)
  [71/98] 'GARLIC' (Medication)  [elapsed 17.0m | done 581 | skipped 7100 | errors 0]
    -> tier=TIER_4_ENSEMBLE_SPLIT routing=HITL_REQUIRED reason=ensemble_split
  [72/98] 'bacitracin' (Medication)  [elapsed 17.3m | done 582 | skipped 7100 | errors 0]
    -> tier=TIER_4_ENSEMBLE_SPLIT routing=HITL_REQUIRED reason=ensemble_split
  [73/98] 'zinc' (Medication)  [elapsed 17.4m | done 583 | skipped 7100 | errors 0]
    -> tier=TIER_1_AUTO_VALIDATED routing=AUTO_VALIDATED reason=ok
    [dry-run KG3 write OK] would write concept_id=19010696 (zinc)
  [74/98] 'ciprofloxacin' (Medication)  [elapsed 17.5m | done 584 | skipped 7100 | errors 0]
    -> tier=TIER_1_AUTO_VALIDATED routing=AUTO_VALIDATED reason=ok
    [dry-run KG3 write OK] would write concept_id=1797513 (ciprofloxacin)
  [75/98] 'cholecalciferol' (Medication)  [elapsed 17.6m | done 585 | skipped 7100 | errors 0]
    -> tier=TIER_1_AUTO_VALIDATED routing=AUTO_VALIDATED reason=ok
    [dry-run KG3 write OK] would write concept_id=19095164 (cholecalciferol)
  [76/98] 'latanoprost' (Medication)  [elapsed 17.7m | done 586 | skipped 7100 | errors 0]
    -> tier=TIER_1_AUTO_VALIDATED routing=AUTO_VALIDATED reason=ok
    [dry-run KG3 write OK] would write concept_id=954688 (latanoprost)
  [77/98] 'finasteride' (Medication)  [elapsed 17.8m | done 587 | skipped 7100 | errors 0]
    -> tier=TIER_1_AUTO_VALIDATED routing=AUTO_VALIDATED reason=ok
    [dry-run KG3 write OK] would write concept_id=996416 (finasteride)
  [78/98] 'terazosin' (Medication)  [elapsed 17.9m | done 588 | skipped 7100 | errors 0]
    -> tier=TIER_1_AUTO_VALIDATED routing=AUTO_VALIDATED reason=ok
    [dry-run KG3 write OK] would write concept_id=1341238 (terazosin)
  [79/98] 'oxycodone' (Medication)  [elapsed 18.0m | done 589 | skipped 7100 | errors 0]
    -> tier=TIER_1_AUTO_VALIDATED routing=AUTO_VALIDATED reason=ok
    [dry-run KG3 write OK] would write concept_id=1124957 (oxycodone)
  [80/98] 'metformin' (Medication)  [elapsed 18.1m | done 590 | skipped 7100 | errors 0]
    -> tier=TIER_1_AUTO_VALIDATED routing=AUTO_VALIDATED reason=ok
    [dry-run KG3 write OK] would write concept_id=1503297 (metformin)
  [81/98] 'hematuria' (Symptom)  [elapsed 18.2m | done 591 | skipped 7100 | errors 0]
    -> tier=TIER_1_AUTO_VALIDATED routing=AUTO_VALIDATED reason=ok
    [dry-run KG3 write OK] would write concept_id=437038 (Blood in urine)
  [82/98] 'BPH' (Condition)  [elapsed 18.2m | done 592 | skipped 7100 | errors 0]
    -> tier=TIER_5_TRUE_AMBIGUITY routing=HITL_REQUIRED reason=unresolved_acronym
  [83/98] 'Mental Status' (Procedure)  [elapsed 18.3m | done 593 | skipped 7100 | errors 0]
    -> tier=TIER_3_AUTO_VALIDATED routing=AUTO_VALIDATED reason=ok
    [dry-run KG3 write OK] would write concept_id=4190990 (Neurological mental status determination)
  [84/98] 'Activity Status' (Symptom)  [elapsed 18.3m | done 594 | skipped 7100 | errors 0]
    -> tier=TIER_3_AUTO_VALIDATED routing=AUTO_VALIDATED reason=ok
    [dry-run KG3 write OK] would write concept_id=4030753 (Physical functional dependency)
  [85/98] 'Tylenol' (Medication)  [elapsed 18.3m | done 595 | skipped 7100 | errors 0]
    -> tier=TIER_4_ENSEMBLE_SPLIT routing=HITL_REQUIRED reason=ensemble_split
  [86/98] 'acetaminophen' (Medication)  [elapsed 18.8m | done 596 | skipped 7100 | errors 0]
    -> tier=TIER_1_AUTO_VALIDATED routing=AUTO_VALIDATED reason=ok
    [dry-run KG3 write OK] would write concept_id=1125315 (acetaminophen)
  [87/98] 'Colace' (Medication)  [elapsed 18.9m | done 597 | skipped 7100 | errors 0]
    -> tier=TIER_3_AUTO_VALIDATED routing=AUTO_VALIDATED reason=ok
    [dry-run KG3 write OK] would write concept_id=941258 (docusate)
  [88/98] 'diarrhea' (Symptom)  [elapsed 18.9m | done 598 | skipped 7100 | errors 0]
    -> tier=TIER_1_AUTO_VALIDATED routing=AUTO_VALIDATED reason=ok
    [dry-run KG3 write OK] would write concept_id=196523 (Diarrhea)
  [89/98] 'ibuprofen' (Medication)  [elapsed 19.0m | done 599 | skipped 7100 | errors 0]
    -> tier=TIER_1_AUTO_VALIDATED routing=AUTO_VALIDATED reason=ok
    [dry-run KG3 write OK] would write concept_id=1177480 (ibuprofen)
  [90/98] 'motrin' (Medication)  [elapsed 19.1m | done 600 | skipped 7100 | errors 0]
    -> tier=TIER_2_AUTO_RESOLVED routing=HITL_REQUIRED reason=tier2_auto_resolved_pending_revalidation
  [91/98] 'aspirin' (Medication)  [elapsed 19.6m | done 601 | skipped 7100 | errors 0]
    -> tier=TIER_1_AUTO_VALIDATED routing=AUTO_VALIDATED reason=ok
    [dry-run KG3 write OK] would write concept_id=1112807 (aspirin)
  [92/98] 'advil' (Medication)  [elapsed 19.7m | done 602 | skipped 7100 | errors 0]
    -> tier=TIER_5_TRUE_AMBIGUITY routing=HITL_REQUIRED reason=below_similarity_floor
  [93/98] 'Ciprofloxacin' (Medication)  [elapsed 19.7m | done 603 | skipped 7100 | errors 0]
    -> tier=TIER_1_AUTO_VALIDATED routing=AUTO_VALIDATED reason=ok
    [dry-run KG3 write OK] would write concept_id=1797513 (ciprofloxacin)
  [94/98] 'fevers' (Symptom)  [elapsed 19.8m | done 604 | skipped 7100 | errors 0]
    -> tier=TIER_4_ENSEMBLE_SPLIT routing=HITL_REQUIRED reason=ensemble_split
  [95/98] 'vomiting' (Symptom)  [elapsed 20.2m | done 605 | skipped 7100 | errors 0]
    -> tier=TIER_1_AUTO_VALIDATED routing=AUTO_VALIDATED reason=ok
    [dry-run KG3 write OK] would write concept_id=441408 (Vomiting)
  [96/98] 'severe' (Symptom)  [elapsed 20.3m | done 606 | skipped 7100 | errors 0]
    -> tier=TIER_1_AUTO_VALIDATED routing=AUTO_VALIDATED reason=ok
    [dry-run KG3 write OK] would write concept_id=4087703 (Severe)
  [97/98] 'abdominal pain' (Condition)  [elapsed 20.4m | done 607 | skipped 7100 | errors 0]
    -> tier=TIER_1_AUTO_VALIDATED routing=AUTO_VALIDATED reason=ok
    [dry-run KG3 write OK] would write concept_id=200219 (Abdominal pain)
  [98/98] 'inability to urinate' (Symptom)  [elapsed 20.5m | done 608 | skipped 7100 | errors 0]
    -> tier=TIER_1_AUTO_VALIDATED routing=AUTO_VALIDATED reason=ok
    [dry-run KG3 write OK] would write concept_id=763998 (Unable to void urine)
[note 57/108] 11515132-DS-10: 177 record(s), 177 remaining after resume-skip
  [1/177] 'Nsaids' (Medication)  [elapsed 20.6m | done 609 | skipped 7100 | errors 0]
    -> tier=TIER_4_ENSEMBLE_SPLIT routing=HITL_REQUIRED reason=ensemble_split
  [2/177] 'Penicillins' (Medication)  [elapsed 21.0m | done 610 | skipped 7100 | errors 0]
    -> tier=TIER_1_AUTO_VALIDATED routing=AUTO_VALIDATED reason=ok
    [dry-run KG3 write OK] would write concept_id=4240903 (Allergy to penicillin)
  [3/177] 'Sulfa' (Medication)  [elapsed 21.1m | done 611 | skipped 7100 | errors 0]
    -> tier=TIER_4_ENSEMBLE_SPLIT routing=HITL_REQUIRED reason=ensemble_split
  [4/177] 'Benadryl' (Medication)  [elapsed 21.3m | done 612 | skipped 7100 | errors 0]
    -> tier=TIER_4_ENSEMBLE_SPLIT routing=HITL_REQUIRED reason=ensemble_split
  [5/177] 'Aspirin' (Medication)  [elapsed 21.4m | done 613 | skipped 7100 | errors 0]
    -> tier=TIER_4_ENSEMBLE_SPLIT routing=HITL_REQUIRED reason=ensemble_split
  [6/177] 'Zithromax' (Medication)  [elapsed 21.8m | done 614 | skipped 7100 | errors 0]
    -> tier=TIER_1_AUTO_VALIDATED routing=AUTO_VALIDATED reason=ok
    [dry-run KG3 write OK] would write concept_id=4171312 (Allergy to azithromycin)
  [7/177] 'Quinine' (Medication)  [elapsed 21.9m | done 615 | skipped 7100 | errors 0]
    -> tier=TIER_1_AUTO_VALIDATED routing=AUTO_VALIDATED reason=ok
    [dry-run KG3 write OK] would write concept_id=4164848 (Allergy to quinine)
  [8/177] 'chest tightness' (Symptom)  [elapsed 22.0m | done 616 | skipped 7100 | errors 0]
    -> tier=TIER_4_ENSEMBLE_SPLIT routing=HITL_REQUIRED reason=ensemble_split
  [9/177] 'right' (Qualifier)  [elapsed 22.1m | done 617 | skipped 7100 | errors 0]
    -> tier=TIER_5_TRUE_AMBIGUITY routing=HITL_REQUIRED reason=standalone_qualifier_span
  [10/177] 'elbow pain' (Condition)  [elapsed 22.1m | done 618 | skipped 7100 | errors 0]
    -> tier=TIER_4_ENSEMBLE_SPLIT routing=HITL_REQUIRED reason=ensemble_split
  [11/177] 'olecranon' (Anatomy)  [elapsed 22.2m | done 619 | skipped 7100 | errors 0]
    -> tier=TIER_4_ENSEMBLE_SPLIT routing=HITL_REQUIRED reason=ensemble_split
  [12/177] 'antecubital fossa' (Anatomy)  [elapsed 22.3m | done 620 | skipped 7100 | errors 0]
    -> tier=TIER_4_ENSEMBLE_SPLIT routing=HITL_REQUIRED reason=ensemble_split
  [13/177] 'fevers and chills' (Symptom)  [elapsed 22.5m | done 621 | skipped 7100 | errors 0]
    -> tier=TIER_1_AUTO_VALIDATED routing=AUTO_VALIDATED reason=ok
    [dry-run KG3 write OK] would write concept_id=4164645 (Fever with chills)
  [14/177] 'fatigued' (Symptom)  [elapsed 22.6m | done 622 | skipped 7100 | errors 0]
    -> tier=TIER_4_ENSEMBLE_SPLIT routing=HITL_REQUIRED reason=ensemble_split
  [15/177] 'bronchial \nasthma' (Condition)  [elapsed 22.7m | done 623 | skipped 7100 | errors 0]
    -> tier=TIER_1_AUTO_VALIDATED routing=AUTO_VALIDATED reason=ok
    [dry-run KG3 write OK] would write concept_id=317009 (Asthma)
  [16/177] 'asthma' (Condition)  [elapsed 22.8m | done 624 | skipped 7100 | errors 0]
    -> tier=TIER_4_ENSEMBLE_SPLIT routing=HITL_REQUIRED reason=ensemble_split
  [17/177] 'throat' (Anatomy)  [elapsed 22.9m | done 625 | skipped 7100 | errors 0]
    -> tier=TIER_4_ENSEMBLE_SPLIT routing=HITL_REQUIRED reason=ensemble_split
  [18/177] 'swelling' (Condition)  [elapsed 23.0m | done 626 | skipped 7100 | errors 0]
    -> tier=TIER_4_ENSEMBLE_SPLIT routing=HITL_REQUIRED reason=ensemble_split
  [19/177] 'sinus' (Anatomy)  [elapsed 23.2m | done 627 | skipped 7100 | errors 0]
    -> tier=TIER_4_ENSEMBLE_SPLIT routing=HITL_REQUIRED reason=ensemble_split
  [20/177] 'UA' (Lab Test)  [elapsed 23.4m | done 628 | skipped 7100 | errors 0]
    -> tier=TIER_4_ENSEMBLE_SPLIT routing=HITL_REQUIRED reason=ensemble_split
  [21/177] 'Urine culture' (Lab Test)  [elapsed 23.5m | done 629 | skipped 7100 | errors 0]
    -> tier=TIER_1_AUTO_VALIDATED routing=AUTO_VALIDATED reason=ok
    [dry-run KG3 write OK] would write concept_id=4024509 (Urine culture)
  [22/177] 'ST-T' (Lab Test)  [elapsed 23.6m | done 630 | skipped 7100 | errors 0]
    -> tier=TIER_4_ENSEMBLE_SPLIT routing=HITL_REQUIRED reason=ensemble_split
  [23/177] 'IV morphine' (Medication)  [elapsed 24.0m | done 631 | skipped 7100 | errors 0]
    -> tier=TIER_4_ENSEMBLE_SPLIT routing=HITL_REQUIRED reason=ensemble_split
  [24/177] 'Diabetes' (Condition)  [elapsed 24.3m | done 632 | skipped 7100 | errors 0]
    -> tier=TIER_1_AUTO_VALIDATED routing=AUTO_VALIDATED reason=ok
    [dry-run KG3 write OK] would write concept_id=201820 (Diabetes mellitus)
  [25/177] 'Hypertension' (Condition)  [elapsed 24.4m | done 633 | skipped 7100 | errors 0]
    -> tier=TIER_1_AUTO_VALIDATED routing=AUTO_VALIDATED reason=ok
    [dry-run KG3 write OK] would write concept_id=316866 (Hypertensive disorder)
  [26/177] 'breast cancer' (Condition)  [elapsed 24.5m | done 634 | skipped 7100 | errors 0]
    -> tier=TIER_4_ENSEMBLE_SPLIT routing=HITL_REQUIRED reason=ensemble_split
  [27/177] 'tamoxifen' (Medication)  [elapsed 24.6m | done 635 | skipped 7100 | errors 0]
    -> tier=TIER_1_AUTO_VALIDATED routing=AUTO_VALIDATED reason=ok
    [dry-run KG3 write OK] would write concept_id=1436678 (tamoxifen)
  [28/177] 'bone spurs' (Condition)  [elapsed 24.7m | done 636 | skipped 7100 | errors 0]
    -> tier=TIER_4_ENSEMBLE_SPLIT routing=HITL_REQUIRED reason=ensemble_split
  [29/177] 'heel' (Anatomy)  [elapsed 24.8m | done 637 | skipped 7100 | errors 0]
    -> tier=TIER_4_ENSEMBLE_SPLIT routing=HITL_REQUIRED reason=ensemble_split
  [30/177] 'bursitis' (Condition)  [elapsed 24.9m | done 638 | skipped 7100 | errors 0]
    -> tier=TIER_4_ENSEMBLE_SPLIT routing=HITL_REQUIRED reason=ensemble_split
  [31/177] 'Gout' (Condition)  [elapsed 25.0m | done 639 | skipped 7100 | errors 0]
    -> tier=TIER_1_AUTO_VALIDATED routing=AUTO_VALIDATED reason=ok
    [dry-run KG3 write OK] would write concept_id=440674 (Gout)
  [32/177] 'Hysteroscopy' (Procedure)  [elapsed 25.1m | done 640 | skipped 7100 | errors 0]
    -> tier=TIER_1_AUTO_VALIDATED routing=AUTO_VALIDATED reason=ok
    [dry-run KG3 write OK] would write concept_id=4052532 (Hysteroscopy)
  [33/177] 'Neuropathy' (Condition)  [elapsed 25.2m | done 641 | skipped 7100 | errors 0]
    -> tier=TIER_1_AUTO_VALIDATED routing=AUTO_VALIDATED reason=ok
    [dry-run KG3 write OK] would write concept_id=4301699 (Neuropathy)
  [34/177] 'Colonoscopy' (Procedure)  [elapsed 25.3m | done 642 | skipped 7100 | errors 0]
    -> tier=TIER_4_ENSEMBLE_SPLIT routing=HITL_REQUIRED reason=ensemble_split
  [35/177] 'Asthma' (Condition)  [elapsed 25.3m | done 643 | skipped 7100 | errors 0]
    -> tier=TIER_1_AUTO_VALIDATED routing=AUTO_VALIDATED reason=ok
    [dry-run KG3 write OK] would write concept_id=317009 (Asthma)
  [36/177] 'Trigeminal neuralgia' (Condition)  [elapsed 25.4m | done 644 | skipped 7100 | errors 0]
    -> tier=TIER_1_AUTO_VALIDATED routing=AUTO_VALIDATED reason=ok
    [dry-run KG3 write OK] would write concept_id=379801 (Trigeminal neuralgia)
  [37/177] 'vertebral disc problems' (Condition)  [elapsed 25.5m | done 645 | skipped 7100 | errors 0]
    -> tier=TIER_1_AUTO_VALIDATED routing=AUTO_VALIDATED reason=ok
    [dry-run KG3 write OK] would write concept_id=75344 (Intervertebral disc disorder)
  [38/177] 'Bronchial asthma' (Condition)  [elapsed 25.6m | done 646 | skipped 7100 | errors 0]
    -> tier=TIER_1_AUTO_VALIDATED routing=AUTO_VALIDATED reason=ok
    [dry-run KG3 write OK] would write concept_id=317009 (Asthma)
  [39/177] 'Back' (Anatomy)  [elapsed 25.7m | done 647 | skipped 7100 | errors 0]
    -> tier=TIER_4_ENSEMBLE_SPLIT routing=HITL_REQUIRED reason=ensemble_split
  [40/177] 'surgery' (Symptom)  [elapsed 25.8m | done 648 | skipped 7100 | errors 0]
    -> tier=TIER_4_ENSEMBLE_SPLIT routing=HITL_REQUIRED reason=ensemble_split
  [41/177] 'Thyroid tumors' (Condition)  [elapsed 25.9m | done 649 | skipped 7100 | errors 0]
    -> tier=TIER_1_AUTO_VALIDATED routing=AUTO_VALIDATED reason=ok
    [dry-run KG3 write OK] would write concept_id=4131909 (Neoplasm of thyroid gland)
  [42/177] 'aortic aneurysm' (Condition)  [elapsed 26.0m | done 650 | skipped 7100 | errors 0]
    -> tier=TIER_1_AUTO_VALIDATED routing=AUTO_VALIDATED reason=ok
    [dry-run KG3 write OK] would write concept_id=317585 (Aortic aneurysm)
  [43/177] 'Physical Exam' (Procedure)  [elapsed 26.1m | done 651 | skipped 7100 | errors 0]
    -> tier=TIER_3_AUTO_VALIDATED routing=AUTO_VALIDATED reason=ok
    [dry-run KG3 write OK] would write concept_id=4240345 (Physical examination)
  [44/177] 'AOx3' (Lab Test)  [elapsed 26.1m | done 652 | skipped 7100 | errors 0]
    -> tier=TIER_4_ENSEMBLE_SPLIT routing=HITL_REQUIRED reason=ensemble_split
  [45/177] 'NAD' (Symptom)  [elapsed 26.3m | done 653 | skipped 7100 | errors 0]
    -> tier=TIER_3_AUTO_VALIDATED routing=AUTO_VALIDATED reason=ok
    [dry-run KG3 write OK] would write concept_id=4085245 (No abnormality detected)
  [46/177] 'Conjunctiva' (Anatomy)  [elapsed 26.3m | done 654 | skipped 7100 | errors 0]
    -> tier=TIER_4_ENSEMBLE_SPLIT routing=HITL_REQUIRED reason=ensemble_split
  [47/177] 'NECK' (Anatomy)  [elapsed 26.4m | done 655 | skipped 7100 | errors 0]
    -> tier=TIER_4_ENSEMBLE_SPLIT routing=HITL_REQUIRED reason=short_alphanumeric_code_trap
  [48/177] 'S1' (Anatomy)  [elapsed 26.5m | done 656 | skipped 7100 | errors 0]
    -> tier=TIER_4_ENSEMBLE_SPLIT routing=HITL_REQUIRED reason=short_alphanumeric_code_trap
  [49/177] 'S2' (Anatomy)  [elapsed 26.6m | done 657 | skipped 7100 | errors 0]
    -> tier=TIER_4_ENSEMBLE_SPLIT routing=HITL_REQUIRED reason=short_alphanumeric_code_trap
  [50/177] 'S3' (Symptom)  [elapsed 26.7m | done 658 | skipped 7100 | errors 0]
    -> tier=TIER_3_AUTO_VALIDATED routing=AUTO_VALIDATED reason=ok
    [dry-run KG3 write OK] would write concept_id=4022230 (Body temperature finding)
  [51/177] 'NT' (Symptom)  [elapsed 26.8m | done 659 | skipped 7100 | errors 0]
    -> tier=TIER_3_AUTO_VALIDATED routing=AUTO_VALIDATED reason=ok
    [dry-run KG3 write OK] would write concept_id=197981 (Abdominal tenderness)
  [52/177] 'VS' (Symptom)  [elapsed 26.8m | done 660 | skipped 7100 | errors 0]
    -> tier=TIER_3_AUTO_VALIDATED routing=AUTO_VALIDATED reason=ok
    [dry-run KG3 write OK] would write concept_id=4042138 (Vital signs finding)
  [53/177] 'BP' (Symptom)  [elapsed 26.8m | done 661 | skipped 7100 | errors 0]
    -> tier=TIER_3_AUTO_VALIDATED routing=AUTO_VALIDATED reason=ok
    [dry-run KG3 write OK] would write concept_id=4214962 (Blood pressure finding)
  [54/177] 'HR' (Symptom)  [elapsed 26.8m | done 662 | skipped 7100 | errors 0]
    -> tier=TIER_3_AUTO_VALIDATED routing=AUTO_VALIDATED reason=ok
    [dry-run KG3 write OK] would write concept_id=4103189 (Finding of heart rate)
  [55/177] 'RR' (Symptom)  [elapsed 26.8m | done 663 | skipped 7100 | errors 0]
    -> tier=TIER_3_AUTO_VALIDATED routing=AUTO_VALIDATED reason=ok
    [dry-run KG3 write OK] would write concept_id=4117286 (Finding of respiratory rate)
  [56/177] 'O2 sat' (Lab Test)  [elapsed 26.8m | done 664 | skipped 7100 | errors 0]
    -> tier=TIER_3_AUTO_VALIDATED routing=AUTO_VALIDATED reason=ok
    [dry-run KG3 write OK] would write concept_id=4021125 (Oxygen measurement)
  [57/177] 'RA' (Symptom)  [elapsed 26.8m | done 665 | skipped 7100 | errors 0]
    -> tier=TIER_3_AUTO_VALIDATED routing=AUTO_VALIDATED reason=ok
    [dry-run KG3 write OK] would write concept_id=36716647 (Breathing room air)
  [58/177] 'GENERAL' (Procedure)  [elapsed 26.8m | done 666 | skipped 7100 | errors 0]
    -> tier=TIER_3_AUTO_VALIDATED routing=AUTO_VALIDATED reason=ok
    [dry-run KG3 write OK] would write concept_id=4036803 (General examination of patient)
  [59/177] 'HEENT' (Procedure)  [elapsed 26.9m | done 667 | skipped 7100 | errors 0]
    -> tier=TIER_3_AUTO_VALIDATED routing=AUTO_VALIDATED reason=ok
    [dry-run KG3 write OK] would write concept_id=4240345 (Physical examination)
  [60/177] 'MMM' (Symptom)  [elapsed 26.9m | done 668 | skipped 7100 | errors 0]
    -> tier=TIER_3_AUTO_VALIDATED routing=AUTO_VALIDATED reason=ok
    [dry-run KG3 write OK] would write concept_id=4170952 (Moist oral mucosa)
  [61/177] 'NECK' (Procedure)  [elapsed 26.9m | done 669 | skipped 7100 | errors 0]
    -> tier=TIER_3_AUTO_VALIDATED routing=AUTO_VALIDATED reason=ok
    [dry-run KG3 write OK] would write concept_id=4240345 (Physical examination)
  [62/177] 'CARDIAC' (Procedure)  [elapsed 26.9m | done 670 | skipped 7100 | errors 0]
    -> tier=TIER_3_AUTO_VALIDATED routing=AUTO_VALIDATED reason=ok
    [dry-run KG3 write OK] would write concept_id=4178669 (Cardiovascular physical examination)
  [63/177] 'LUSB' (Anatomy)  [elapsed 26.9m | done 671 | skipped 7100 | errors 0]
    -> tier=TIER_4_ENSEMBLE_SPLIT routing=HITL_REQUIRED reason=short_alphanumeric_code_trap
  [64/177] 'S3' (Anatomy)  [elapsed 27.2m | done 672 | skipped 7100 | errors 0]
    -> tier=TIER_4_ENSEMBLE_SPLIT routing=HITL_REQUIRED reason=ensemble_split
  [65/177] 'S4' (Anatomy)  [elapsed 27.3m | done 673 | skipped 7100 | errors 0]
    -> tier=TIER_4_ENSEMBLE_SPLIT routing=HITL_REQUIRED reason=short_alphanumeric_code_trap
  [66/177] 'LUNGS' (Procedure)  [elapsed 27.4m | done 674 | skipped 7100 | errors 0]
    -> tier=TIER_3_AUTO_VALIDATED routing=AUTO_VALIDATED reason=ok
    [dry-run KG3 write OK] would write concept_id=4149530 (Examination of respiratory system)
  [67/177] 'ABDOMEN' (Procedure)  [elapsed 27.4m | done 675 | skipped 7100 | errors 0]
    -> tier=TIER_3_AUTO_VALIDATED routing=AUTO_VALIDATED reason=ok
    [dry-run KG3 write OK] would write concept_id=4075966 (Examination of abdomen)
  [68/177] 'EXTREMITIES' (Procedure)  [elapsed 27.4m | done 676 | skipped 7100 | errors 0]
    -> tier=TIER_3_AUTO_VALIDATED routing=AUTO_VALIDATED reason=ok
    [dry-run KG3 write OK] would write concept_id=4121315 (Examination of limb)
  [69/177] 'edema' (Condition)  [elapsed 27.4m | done 677 | skipped 7100 | errors 0]
    -> tier=TIER_3_AUTO_VALIDATED routing=AUTO_VALIDATED reason=ok
    [dry-run KG3 write OK] would write concept_id=433595 (Edema)
  [70/177] 'WBC-13' (Lab Test)  [elapsed 27.5m | done 678 | skipped 7100 | errors 0]
    -> tier=TIER_3_AUTO_VALIDATED routing=AUTO_VALIDATED reason=ok
    [dry-run KG3 write OK] would write concept_id=4298431 (White blood cell count)
  [71/177] 'MCH-28' (Lab Test)  [elapsed 27.5m | done 679 | skipped 7100 | errors 0]
    -> tier=TIER_3_AUTO_VALIDATED routing=AUTO_VALIDATED reason=ok
    [dry-run KG3 write OK] would write concept_id=4290193 (Mean corpuscular hemoglobin concentration determination)
  [72/177] 'Neuts-66.1' (Lab Test)  [elapsed 27.5m | done 680 | skipped 7100 | errors 0]
    -> tier=TIER_3_AUTO_VALIDATED routing=AUTO_VALIDATED reason=ok
    [dry-run KG3 write OK] would write concept_id=4148615 (Neutrophil count)
  [73/177] 'Monos-5' (Lab Test)  [elapsed 27.5m | done 681 | skipped 7100 | errors 0]
    -> tier=TIER_5_TRUE_AMBIGUITY routing=HITL_REQUIRED reason=no_candidates
  [74/177] 'Glucose-270' (Lab Test)  [elapsed 27.5m | done 682 | skipped 7100 | errors 0]
    -> tier=TIER_1_AUTO_VALIDATED routing=AUTO_VALIDATED reason=ok
    [dry-run KG3 write OK] would write concept_id=4149519 (Glucose measurement)
  [75/177] 'UreaN-16' (Lab Test)  [elapsed 27.6m | done 683 | skipped 7100 | errors 0]
    -> tier=TIER_1_AUTO_VALIDATED routing=AUTO_VALIDATED reason=ok
    [dry-run KG3 write OK] would write concept_id=4020121 (Urea measurement)
  [76/177] 'AnGap-14' (Lab Test)  [elapsed 27.7m | done 684 | skipped 7100 | errors 0]
    -> tier=TIER_5_TRUE_AMBIGUITY routing=HITL_REQUIRED reason=no_candidates
  [77/177] 'CK-MB-6' (Lab Test)  [elapsed 27.7m | done 685 | skipped 7100 | errors 0]
    -> tier=TIER_4_ENSEMBLE_SPLIT routing=HITL_REQUIRED reason=ensemble_split
  [78/177] 'cTropnT' (Lab Test)  [elapsed 28.0m | done 686 | skipped 7100 | errors 0]
    -> tier=TIER_5_TRUE_AMBIGUITY routing=HITL_REQUIRED reason=no_candidates
  [79/177] 'Calcium-9' (Lab Test)  [elapsed 28.0m | done 687 | skipped 7100 | errors 0]
    -> tier=TIER_3_AUTO_VALIDATED routing=AUTO_VALIDATED reason=ok
    [dry-run KG3 write OK] would write concept_id=4216722 (Calcium measurement)
  [80/177] 'TSH-4' (Lab Test)  [elapsed 28.0m | done 688 | skipped 7100 | errors 0]
    -> tier=TIER_1_AUTO_VALIDATED routing=AUTO_VALIDATED reason=ok
    [dry-run KG3 write OK] would write concept_id=4246879 (Thyroid stimulating hormone measurement)
  [81/177] 'WBC-12' (Lab Test)  [elapsed 28.1m | done 689 | skipped 7100 | errors 0]
    -> tier=TIER_3_AUTO_VALIDATED routing=AUTO_VALIDATED reason=ok
    [dry-run KG3 write OK] would write concept_id=4298431 (White blood cell count)
  [82/177] 'RBC-4' (Lab Test)  [elapsed 28.1m | done 690 | skipped 7100 | errors 0]
    -> tier=TIER_3_AUTO_VALIDATED routing=AUTO_VALIDATED reason=ok
    [dry-run KG3 write OK] would write concept_id=4030871 (Red blood cell count)
  [83/177] 'MCV-88' (Lab Test)  [elapsed 28.1m | done 691 | skipped 7100 | errors 0]
    -> tier=TIER_3_AUTO_VALIDATED routing=AUTO_VALIDATED reason=ok
    [dry-run KG3 write OK] would write concept_id=4016239 (Erythrocyte mean corpuscular volume determination)
  [84/177] 'MCHC-31' (Lab Test)  [elapsed 28.1m | done 692 | skipped 7100 | errors 0]
    -> tier=TIER_3_AUTO_VALIDATED routing=AUTO_VALIDATED reason=ok
    [dry-run KG3 write OK] would write concept_id=4290193 (Mean corpuscular hemoglobin concentration determination)
  [85/177] 'RDW-13' (Lab Test)  [elapsed 28.1m | done 693 | skipped 7100 | errors 0]
    -> tier=TIER_3_AUTO_VALIDATED routing=AUTO_VALIDATED reason=ok
    [dry-run KG3 write OK] would write concept_id=4281085 (Red cell distribution width determination)
  [86/177] 'BLOOD Glucose-133' (Lab Test)  [elapsed 28.2m | done 694 | skipped 7100 | errors 0]
    -> tier=TIER_3_AUTO_VALIDATED routing=AUTO_VALIDATED reason=ok
    [dry-run KG3 write OK] would write concept_id=4144235 (Glucose measurement, blood)
  [87/177] 'UreaN-15' (Lab Test)  [elapsed 28.2m | done 695 | skipped 7100 | errors 0]
    -> tier=TIER_1_AUTO_VALIDATED routing=AUTO_VALIDATED reason=ok
    [dry-run KG3 write OK] would write concept_id=4020121 (Urea measurement)
  [88/177] 'AnGap-15' (Lab Test)  [elapsed 28.3m | done 696 | skipped 7100 | errors 0]
    -> tier=TIER_5_TRUE_AMBIGUITY routing=HITL_REQUIRED reason=no_candidates
  [89/177] 'pneumothorax' (Condition)  [elapsed 28.3m | done 697 | skipped 7100 | errors 0]
    -> tier=TIER_1_AUTO_VALIDATED routing=AUTO_VALIDATED reason=ok
    [dry-run KG3 write OK] would write concept_id=253796 (Pneumothorax)
  [90/177] 'Sinus' (Anatomy)  [elapsed 28.4m | done 698 | skipped 7100 | errors 0]
    -> tier=TIER_4_ENSEMBLE_SPLIT routing=HITL_REQUIRED reason=ensemble_split
  [91/177] 'ST-T changes' (Lab Test)  [elapsed 28.7m | done 699 | skipped 7100 | errors 0]
    -> tier=TIER_4_ENSEMBLE_SPLIT routing=HITL_REQUIRED reason=ensemble_split
  [92/177] 'Persantine Stress MIBI' (Procedure)  [elapsed 28.8m | done 700 | skipped 7100 | errors 0]
    -> tier=TIER_5_TRUE_AMBIGUITY routing=HITL_REQUIRED reason=no_candidates
  [93/177] 'LVEF' (Anatomy)  [elapsed 28.8m | done 701 | skipped 7100 | errors 0]
    -> tier=TIER_4_ENSEMBLE_SPLIT routing=HITL_REQUIRED reason=short_alphanumeric_code_trap
  [94/177] 'LEDV' (Anatomy)  [elapsed 28.9m | done 702 | skipped 7100 | errors 0]
    -> tier=TIER_5_TRUE_AMBIGUITY routing=HITL_REQUIRED reason=no_candidates
  [95/177] 'DM' (Condition)  [elapsed 28.9m | done 703 | skipped 7100 | errors 0]
    -> tier=TIER_5_TRUE_AMBIGUITY routing=HITL_REQUIRED reason=unresolved_acronym
  [96/177] 'HL' (Condition)  [elapsed 28.9m | done 704 | skipped 7100 | errors 0]
    -> tier=TIER_5_TRUE_AMBIGUITY routing=HITL_REQUIRED reason=no_candidates
  [97/177] 'Atypical Chest Pain' (Symptom)  [elapsed 28.9m | done 705 | skipped 7100 | errors 0]
    -> tier=TIER_1_AUTO_VALIDATED routing=AUTO_VALIDATED reason=ok
    [dry-run KG3 write OK] would write concept_id=4010017 (Atypical chest pain)
  [98/177] 'SVT' (Condition)  [elapsed 29.0m | done 706 | skipped 7100 | errors 0]
    -> tier=TIER_4_ENSEMBLE_SPLIT routing=HITL_REQUIRED reason=short_alphanumeric_code_trap
  [99/177] 'arm' (Condition)  [elapsed 29.1m | done 707 | skipped 7100 | errors 0]
    -> tier=TIER_4_ENSEMBLE_SPLIT routing=HITL_REQUIRED reason=ensemble_split
  [100/177] 'pain' (Condition)  [elapsed 29.2m | done 708 | skipped 7100 | errors 0]
    -> tier=TIER_4_ENSEMBLE_SPLIT routing=HITL_REQUIRED reason=ensemble_split
  [101/177] 'nausea' (Symptom)  [elapsed 29.3m | done 709 | skipped 7100 | errors 0]
    -> tier=TIER_1_AUTO_VALIDATED routing=AUTO_VALIDATED reason=ok
    [dry-run KG3 write OK] would write concept_id=31967 (Nausea)
  [102/177] 'MI' (Condition)  [elapsed 29.4m | done 710 | skipped 7100 | errors 0]
    -> tier=TIER_5_TRUE_AMBIGUITY routing=HITL_REQUIRED reason=unresolved_acronym
  [103/177] 'central obesity' (Condition)  [elapsed 29.4m | done 711 | skipped 7100 | errors 0]
    -> tier=TIER_1_AUTO_VALIDATED routing=AUTO_VALIDATED reason=ok
    [dry-run KG3 write OK] would write concept_id=4087487 (Central obesity)
  [104/177] 'chest' (Anatomy)  [elapsed 29.5m | done 712 | skipped 7100 | errors 0]
    -> tier=TIER_4_ENSEMBLE_SPLIT routing=HITL_REQUIRED reason=ensemble_split
  [105/177] 'pressure' (Symptom)  [elapsed 29.6m | done 713 | skipped 7100 | errors 0]
    -> tier=TIER_4_ENSEMBLE_SPLIT routing=HITL_REQUIRED reason=ensemble_split
  [106/177] 'troponins' (Lab Test)  [elapsed 29.7m | done 714 | skipped 7100 | errors 0]
    -> tier=TIER_1_AUTO_VALIDATED routing=AUTO_VALIDATED reason=ok
    [dry-run KG3 write OK] would write concept_id=4021291 (Troponin measurement)
  [107/177] 'LAFB' (Condition)  [elapsed 29.8m | done 715 | skipped 7100 | errors 0]
    -> tier=TIER_4_ENSEMBLE_SPLIT routing=HITL_REQUIRED reason=short_alphanumeric_code_trap
  [108/177] 'ASA' (Medication)  [elapsed 29.9m | done 716 | skipped 7100 | errors 0]
    -> tier=TIER_5_TRUE_AMBIGUITY routing=HITL_REQUIRED reason=unresolved_acronym
  [109/177] 'dyspnea' (Symptom)  [elapsed 29.9m | done 717 | skipped 7100 | errors 0]
    -> tier=TIER_1_AUTO_VALIDATED routing=AUTO_VALIDATED reason=ok
    [dry-run KG3 write OK] would write concept_id=312437 (Dyspnea)
  [110/177] 'aspirin' (Medication)  [elapsed 30.0m | done 718 | skipped 7100 | errors 0]
    -> tier=None routing=HITL_REQUIRED reason=below_confidence_threshold
  [111/177] 'IV dye' (Medication)  [elapsed 30.1m | done 719 | skipped 7100 | errors 0]
    -> tier=TIER_4_ENSEMBLE_SPLIT routing=HITL_REQUIRED reason=ensemble_split
  [112/177] 'persantine stress MIBI' (Procedure)  [elapsed 30.4m | done 720 | skipped 7100 | errors 0]
    -> tier=TIER_5_TRUE_AMBIGUITY routing=HITL_REQUIRED reason=no_candidates
  [113/177] 'Stress MIBI' (Procedure)  [elapsed 30.5m | done 721 | skipped 7100 | errors 0]
    -> tier=TIER_4_ENSEMBLE_SPLIT routing=HITL_REQUIRED reason=ensemble_split
  [114/177] 'persantine' (Medication)  [elapsed 30.8m | done 722 | skipped 7100 | errors 0]
    -> tier=TIER_3_AUTO_VALIDATED routing=AUTO_VALIDATED reason=ok
    [dry-run KG3 write OK] would write concept_id=1331270 (dipyridamole)
  [115/177] 'echo' (Procedure)  [elapsed 30.8m | done 723 | skipped 7100 | errors 0]
    -> tier=TIER_1_AUTO_VALIDATED routing=AUTO_VALIDATED reason=ok
    [dry-run KG3 write OK] would write concept_id=4230911 (Echocardiography)
  [116/177] 'LV outflow tract' (Anatomy)  [elapsed 30.9m | done 724 | skipped 7100 | errors 0]
    -> tier=TIER_5_TRUE_AMBIGUITY routing=HITL_REQUIRED reason=unresolved_acronym
  [117/177] 'Metoprolol' (Medication)  [elapsed 30.9m | done 725 | skipped 7100 | errors 0]
    -> tier=TIER_1_AUTO_VALIDATED routing=AUTO_VALIDATED reason=ok
    [dry-run KG3 write OK] would write concept_id=1307046 (metoprolol)
  [118/177] 'Metoprolol succinate' (Medication)  [elapsed 31.0m | done 726 | skipped 7100 | errors 0]
    -> tier=TIER_1_AUTO_VALIDATED routing=AUTO_VALIDATED reason=ok
    [dry-run KG3 write OK] would write concept_id=1307046 (metoprolol)
  [119/177] 'PUMP' (Anatomy)  [elapsed 31.1m | done 727 | skipped 7100 | errors 0]
    -> tier=TIER_4_ENSEMBLE_SPLIT routing=HITL_REQUIRED reason=ensemble_split
  [120/177] 'pedal edema' (Symptom)  [elapsed 31.3m | done 728 | skipped 7100 | errors 0]
    -> tier=TIER_1_AUTO_VALIDATED routing=AUTO_VALIDATED reason=ok
    [dry-run KG3 write OK] would write concept_id=4010362 (Edema of foot)
  [121/177] 'pedal edema' (Condition)  [elapsed 31.4m | done 729 | skipped 7100 | errors 0]
    -> tier=TIER_1_AUTO_VALIDATED routing=AUTO_VALIDATED reason=ok
    [dry-run KG3 write OK] would write concept_id=4010362 (Edema of foot)
  [122/177] 'fatigue' (Symptom)  [elapsed 31.5m | done 730 | skipped 7100 | errors 0]
    -> tier=TIER_1_AUTO_VALIDATED routing=AUTO_VALIDATED reason=ok
    [dry-run KG3 write OK] would write concept_id=4223659 (Fatigue)
  [123/177] 'Persantine stress' (Procedure)  [elapsed 31.6m | done 731 | skipped 7100 | errors 0]
    -> tier=TIER_5_TRUE_AMBIGUITY routing=HITL_REQUIRED reason=no_candidates
  [124/177] 'Persantine' (Medication)  [elapsed 31.6m | done 732 | skipped 7100 | errors 0]
    -> tier=TIER_3_AUTO_VALIDATED routing=AUTO_VALIDATED reason=ok
    [dry-run KG3 write OK] would write concept_id=1331270 (dipyridamole)
  [125/177] 'EF' (Lab Test)  [elapsed 31.6m | done 733 | skipped 7100 | errors 0]
    -> tier=TIER_1_AUTO_VALIDATED routing=AUTO_VALIDATED reason=ok
    [dry-run KG3 write OK] would write concept_id=4323433 (Cardiac ejection fraction)
  [126/177] 'RHYTHM' (Condition)  [elapsed 31.7m | done 734 | skipped 7100 | errors 0]
    -> tier=TIER_4_ENSEMBLE_SPLIT routing=HITL_REQUIRED reason=ensemble_split
  [127/177] 'anterior' (Symptom)  [elapsed 32.0m | done 735 | skipped 7100 | errors 0]
    -> tier=TIER_4_ENSEMBLE_SPLIT routing=HITL_REQUIRED reason=ensemble_split
  [128/177] 'fascicular block' (Condition)  [elapsed 32.1m | done 736 | skipped 7100 | errors 0]
    -> tier=TIER_4_ENSEMBLE_SPLIT routing=HITL_REQUIRED reason=ensemble_split
  [129/177] 'RBBB' (Condition)  [elapsed 32.2m | done 737 | skipped 7100 | errors 0]
    -> tier=TIER_4_ENSEMBLE_SPLIT routing=HITL_REQUIRED reason=short_alphanumeric_code_trap
  [130/177] 'EKG' (Procedure)  [elapsed 32.3m | done 738 | skipped 7100 | errors 0]
    -> tier=TIER_4_ENSEMBLE_SPLIT routing=HITL_REQUIRED reason=short_alphanumeric_code_trap
  [131/177] 'LAD' (Anatomy)  [elapsed 32.4m | done 739 | skipped 7100 | errors 0]
    -> tier=TIER_5_TRUE_AMBIGUITY routing=HITL_REQUIRED reason=unresolved_acronym
  [132/177] 'DMII' (Condition)  [elapsed 32.5m | done 740 | skipped 7100 | errors 0]
    -> tier=TIER_5_TRUE_AMBIGUITY routing=HITL_REQUIRED reason=no_candidates
  [133/177] 'Insulin Sliding Scale' (Medication)  [elapsed 32.5m | done 741 | skipped 7100 | errors 0]
    -> tier=TIER_4_ENSEMBLE_SPLIT routing=HITL_REQUIRED reason=ensemble_split
  [134/177] 'HbA1C' (Lab Test)  [elapsed 32.8m | done 742 | skipped 7100 | errors 0]
    -> tier=TIER_3_AUTO_VALIDATED routing=AUTO_VALIDATED reason=ok
    [dry-run KG3 write OK] would write concept_id=4184637 (Hemoglobin A1c measurement)
  [135/177] 'Metformin' (Medication)  [elapsed 32.8m | done 743 | skipped 7100 | errors 0]
    -> tier=TIER_1_AUTO_VALIDATED routing=AUTO_VALIDATED reason=ok
    [dry-run KG3 write OK] would write concept_id=1503297 (metformin)
  [136/177] 'clonidine' (Medication)  [elapsed 32.9m | done 744 | skipped 7100 | errors 0]
    -> tier=TIER_1_AUTO_VALIDATED routing=AUTO_VALIDATED reason=ok
    [dry-run KG3 write OK] would write concept_id=1398937 (clonidine)
  [137/177] 'amlodipine' (Medication)  [elapsed 33.0m | done 745 | skipped 7100 | errors 0]
    -> tier=TIER_1_AUTO_VALIDATED routing=AUTO_VALIDATED reason=ok
    [dry-run KG3 write OK] would write concept_id=1332418 (amlodipine)
  [138/177] 'hypertension' (Condition)  [elapsed 33.1m | done 746 | skipped 7100 | errors 0]
    -> tier=TIER_1_AUTO_VALIDATED routing=AUTO_VALIDATED reason=ok
    [dry-run KG3 write OK] would write concept_id=316866 (Hypertensive disorder)
  [139/177] 'diabetes' (Condition)  [elapsed 33.1m | done 747 | skipped 7100 | errors 0]
    -> tier=TIER_1_AUTO_VALIDATED routing=AUTO_VALIDATED reason=ok
    [dry-run KG3 write OK] would write concept_id=201820 (Diabetes mellitus)
  [140/177] 'Metoprolol \nSuccinate' (Medication)  [elapsed 33.3m | done 748 | skipped 7100 | errors 0]
    -> tier=TIER_1_AUTO_VALIDATED routing=AUTO_VALIDATED reason=ok
    [dry-run KG3 write OK] would write concept_id=1307046 (metoprolol)
  [141/177] 'Hypothyroidism' (Condition)  [elapsed 33.4m | done 749 | skipped 7100 | errors 0]
    -> tier=TIER_1_AUTO_VALIDATED routing=AUTO_VALIDATED reason=ok
    [dry-run KG3 write OK] would write concept_id=140673 (Hypothyroidism)
  [142/177] 'levothyroximne' (Medication)  [elapsed 33.4m | done 750 | skipped 7100 | errors 0]
    -> tier=TIER_1_AUTO_VALIDATED routing=AUTO_VALIDATED reason=ok
    [dry-run KG3 write OK] would write concept_id=1501700 (levothyroxine)
  [143/177] 'TSH' (Lab Test)  [elapsed 33.5m | done 751 | skipped 7100 | errors 0]
    -> tier=TIER_4_ENSEMBLE_SPLIT routing=HITL_REQUIRED reason=short_alphanumeric_code_trap
  [144/177] 'Trigeminal Neuralgia' (Condition)  [elapsed 33.6m | done 752 | skipped 7100 | errors 0]
    -> tier=TIER_1_AUTO_VALIDATED routing=AUTO_VALIDATED reason=ok
    [dry-run KG3 write OK] would write concept_id=379801 (Trigeminal neuralgia)
  [145/177] 'Hyperlipidemia' (Condition)  [elapsed 33.7m | done 753 | skipped 7100 | errors 0]
    -> tier=TIER_1_AUTO_VALIDATED routing=AUTO_VALIDATED reason=ok
    [dry-run KG3 write OK] would write concept_id=432867 (Hyperlipidemia)
  [146/177] 'WBC count' (Lab Test)  [elapsed 33.8m | done 754 | skipped 7100 | errors 0]
    -> tier=TIER_5_TRUE_AMBIGUITY routing=HITL_REQUIRED reason=unresolved_acronym
  [147/177] 'CXR' (Anatomy)  [elapsed 33.9m | done 755 | skipped 7100 | errors 0]
    -> tier=TIER_4_ENSEMBLE_SPLIT routing=HITL_REQUIRED reason=short_alphanumeric_code_trap
  [148/177] 'UA' (Procedure)  [elapsed 33.9m | done 756 | skipped 7100 | errors 0]
    -> tier=TIER_4_ENSEMBLE_SPLIT routing=HITL_REQUIRED reason=ensemble_split
  [149/177] 'afebrile' (Symptom)  [elapsed 34.2m | done 757 | skipped 7100 | errors 0]
    -> tier=TIER_1_AUTO_VALIDATED routing=AUTO_VALIDATED reason=ok
    [dry-run KG3 write OK] would write concept_id=4314812 (Apyrexial)
  [150/177] 'infection' (Condition)  [elapsed 34.3m | done 758 | skipped 7100 | errors 0]
    -> tier=TIER_4_ENSEMBLE_SPLIT routing=HITL_REQUIRED reason=ensemble_split
  [151/177] 'atypical chest \npain' (Symptom)  [elapsed 34.4m | done 759 | skipped 7100 | errors 0]
    -> tier=TIER_1_AUTO_VALIDATED routing=AUTO_VALIDATED reason=ok
    [dry-run KG3 write OK] would write concept_id=4010017 (Atypical chest pain)
  [152/177] 'HTN' (Condition)  [elapsed 34.5m | done 760 | skipped 7100 | errors 0]
    -> tier=TIER_4_ENSEMBLE_SPLIT routing=HITL_REQUIRED reason=short_alphanumeric_code_trap
  [153/177] 'ACE-I' (Medication)  [elapsed 34.6m | done 761 | skipped 7100 | errors 0]
    -> tier=TIER_4_ENSEMBLE_SPLIT routing=HITL_REQUIRED reason=ensemble_split
  [154/177] 'B-blocker' (Medication)  [elapsed 34.9m | done 762 | skipped 7100 | errors 0]
    -> tier=TIER_5_TRUE_AMBIGUITY routing=HITL_REQUIRED reason=no_candidates
  [155/177] 'LVOT' (Anatomy)  [elapsed 34.9m | done 763 | skipped 7100 | errors 0]
    -> tier=TIER_4_ENSEMBLE_SPLIT routing=HITL_REQUIRED reason=short_alphanumeric_code_trap
  [156/177] 'Acetaminophen' (Medication)  [elapsed 35.0m | done 764 | skipped 7100 | errors 0]
    -> tier=TIER_1_AUTO_VALIDATED routing=AUTO_VALIDATED reason=ok
    [dry-run KG3 write OK] would write concept_id=1125315 (acetaminophen)
  [157/177] 'Amlodipine' (Medication)  [elapsed 35.1m | done 765 | skipped 7100 | errors 0]
    -> tier=TIER_1_AUTO_VALIDATED routing=AUTO_VALIDATED reason=ok
    [dry-run KG3 write OK] would write concept_id=1332418 (amlodipine)
  [158/177] 'Calcium Carbonate' (Medication)  [elapsed 35.2m | done 766 | skipped 7100 | errors 0]
    -> tier=TIER_1_AUTO_VALIDATED routing=AUTO_VALIDATED reason=ok
    [dry-run KG3 write OK] would write concept_id=19035704 (calcium carbonate)
  [159/177] 'CloniDINE' (Medication)  [elapsed 35.3m | done 767 | skipped 7100 | errors 0]
    -> tier=TIER_1_AUTO_VALIDATED routing=AUTO_VALIDATED reason=ok
    [dry-run KG3 write OK] would write concept_id=1398937 (clonidine)
  [160/177] 'Gabapentin' (Medication)  [elapsed 35.4m | done 768 | skipped 7100 | errors 0]
    -> tier=TIER_1_AUTO_VALIDATED routing=AUTO_VALIDATED reason=ok
    [dry-run KG3 write OK] would write concept_id=797399 (gabapentin)
  [161/177] 'Levothyroxine Sodium' (Medication)  [elapsed 35.5m | done 769 | skipped 7100 | errors 0]
    -> tier=TIER_1_AUTO_VALIDATED routing=AUTO_VALIDATED reason=ok
    [dry-run KG3 write OK] would write concept_id=1501700 (levothyroxine)
  [162/177] 'Oxcarbazepine' (Medication)  [elapsed 35.6m | done 770 | skipped 7100 | errors 0]
    -> tier=TIER_1_AUTO_VALIDATED routing=AUTO_VALIDATED reason=ok
    [dry-run KG3 write OK] would write concept_id=718122 (oxcarbazepine)
  [163/177] 'Pravastatin' (Medication)  [elapsed 35.7m | done 771 | skipped 7100 | errors 0]
    -> tier=TIER_1_AUTO_VALIDATED routing=AUTO_VALIDATED reason=ok
    [dry-run KG3 write OK] would write concept_id=1551860 (pravastatin)
  [164/177] 'Vitamin D' (Medication)  [elapsed 35.8m | done 772 | skipped 7100 | errors 0]
    -> tier=TIER_4_ENSEMBLE_SPLIT routing=HITL_REQUIRED reason=ensemble_split
  [165/177] 'MetFORMIN' (Medication)  [elapsed 35.9m | done 773 | skipped 7100 | errors 0]
    -> tier=TIER_1_AUTO_VALIDATED routing=AUTO_VALIDATED reason=ok
    [dry-run KG3 write OK] would write concept_id=1503297 (metformin)
  [166/177] 'Glucophage' (Medication)  [elapsed 36.0m | done 774 | skipped 7100 | errors 0]
    -> tier=TIER_3_AUTO_VALIDATED routing=AUTO_VALIDATED reason=ok
    [dry-run KG3 write OK] would write concept_id=1503297 (metformin)
  [167/177] 'pramipexole' (Medication)  [elapsed 36.0m | done 775 | skipped 7100 | errors 0]
    -> tier=TIER_1_AUTO_VALIDATED routing=AUTO_VALIDATED reason=ok
    [dry-run KG3 write OK] would write concept_id=720810 (pramipexole)
  [168/177] 'Lisinopril' (Medication)  [elapsed 36.1m | done 776 | skipped 7100 | errors 0]
    -> tier=TIER_1_AUTO_VALIDATED routing=AUTO_VALIDATED reason=ok
    [dry-run KG3 write OK] would write concept_id=1308216 (lisinopril)
  [169/177] 'lisinopril' (Medication)  [elapsed 36.2m | done 777 | skipped 7100 | errors 0]
    -> tier=TIER_1_AUTO_VALIDATED routing=AUTO_VALIDATED reason=ok
    [dry-run KG3 write OK] would write concept_id=1308216 (lisinopril)
  [170/177] 'Metoprolol Succinate' (Medication)  [elapsed 36.3m | done 778 | skipped 7100 | errors 0]
    -> tier=TIER_1_AUTO_VALIDATED routing=AUTO_VALIDATED reason=ok
    [dry-run KG3 write OK] would write concept_id=1307046 (metoprolol)
  [171/177] 'metoprolol succinate' (Medication)  [elapsed 36.4m | done 779 | skipped 7100 | errors 0]
    -> tier=TIER_1_AUTO_VALIDATED routing=AUTO_VALIDATED reason=ok
    [dry-run KG3 write OK] would write concept_id=1307046 (metoprolol)
  [172/177] 'Atypical chest pain' (Symptom)  [elapsed 36.5m | done 780 | skipped 7100 | errors 0]
    -> tier=TIER_1_AUTO_VALIDATED routing=AUTO_VALIDATED reason=ok
    [dry-run KG3 write OK] would write concept_id=4010017 (Atypical chest pain)
  [173/177] 'SVT' (Condition)  [elapsed 36.6m | done 781 | skipped 7100 | errors 0]
    -> tier=TIER_4_ENSEMBLE_SPLIT routing=HITL_REQUIRED reason=short_alphanumeric_code_trap
  [174/177] 'Mental Status' (Procedure)  [elapsed 36.7m | done 782 | skipped 7100 | errors 0]
    -> tier=TIER_3_AUTO_VALIDATED routing=AUTO_VALIDATED reason=ok
    [dry-run KG3 write OK] would write concept_id=4190990 (Neurological mental status determination)
  [175/177] 'Activity Status' (Symptom)  [elapsed 36.7m | done 783 | skipped 7100 | errors 0]
    -> tier=TIER_3_AUTO_VALIDATED routing=AUTO_VALIDATED reason=ok
    [dry-run KG3 write OK] would write concept_id=4030753 (Physical functional dependency)
  [176/177] 'cardiac imaging test' (Procedure)  [elapsed 36.7m | done 784 | skipped 7100 | errors 0]
    -> tier=TIER_1_AUTO_VALIDATED routing=AUTO_VALIDATED reason=ok
    [dry-run KG3 write OK] would write concept_id=40481382 (Imaging of heart)
  [177/177] 'chest pain' (Symptom)  [elapsed 36.8m | done 785 | skipped 7100 | errors 0]
    -> tier=TIER_1_AUTO_VALIDATED routing=AUTO_VALIDATED reason=ok
    [dry-run KG3 write OK] would write concept_id=77670 (Chest pain)
[note 58/108] 11516225-DS-20: 67 record(s), 67 remaining after resume-skip
  [1/67] 'Closed treatment' (Procedure)  [elapsed 36.9m | done 786 | skipped 7100 | errors 0]
    -> tier=TIER_4_ENSEMBLE_SPLIT routing=HITL_REQUIRED reason=ensemble_split
  [2/67] 'bimalleolar ankle fracture' (Condition)  [elapsed 37.2m | done 787 | skipped 7100 | errors 0]
    -> tier=TIER_1_AUTO_VALIDATED routing=AUTO_VALIDATED reason=ok
    [dry-run KG3 write OK] would write concept_id=4134335 (Bimalleolar fracture of ankle)
  [3/67] 'Tenotomy' (Procedure)  [elapsed 37.3m | done 788 | skipped 7100 | errors 0]
    -> tier=TIER_1_AUTO_VALIDATED routing=AUTO_VALIDATED reason=ok
    [dry-run KG3 write OK] would write concept_id=4141432 (Incision of tendon)
  [4/67] 'right' (Qualifier)  [elapsed 37.4m | done 789 | skipped 7100 | errors 0]
    -> tier=TIER_5_TRUE_AMBIGUITY routing=HITL_REQUIRED reason=standalone_qualifier_span
  [5/67] 'Achilles tendon' (Anatomy)  [elapsed 37.4m | done 790 | skipped 7100 | errors 0]
    -> tier=TIER_4_ENSEMBLE_SPLIT routing=HITL_REQUIRED reason=ensemble_split
  [6/67] 'Flexor hallucis longus tendon release' (Procedure)  [elapsed 37.5m | done 791 | skipped 7100 | errors 0]
    -> tier=TIER_4_ENSEMBLE_SPLIT routing=HITL_REQUIRED reason=ensemble_split
  [7/67] 'Flexor digitorum longus release' (Procedure)  [elapsed 37.6m | done 792 | skipped 7100 | errors 0]
    -> tier=TIER_4_ENSEMBLE_SPLIT routing=HITL_REQUIRED reason=ensemble_split
  [8/67] 'Posterior tibial tendon release' (Procedure)  [elapsed 38.0m | done 793 | skipped 7100 | errors 0]
    -> tier=TIER_4_ENSEMBLE_SPLIT routing=HITL_REQUIRED reason=ensemble_split
  [9/67] 'pain' (Condition)  [elapsed 38.2m | done 794 | skipped 7100 | errors 0]
    -> tier=TIER_1_AUTO_VALIDATED routing=AUTO_VALIDATED reason=ok
    [dry-run KG3 write OK] would write concept_id=4329041 (Pain)
  [10/67] 'ankle' (Anatomy)  [elapsed 38.3m | done 795 | skipped 7100 | errors 0]
    -> tier=TIER_4_ENSEMBLE_SPLIT routing=HITL_REQUIRED reason=ensemble_split
  [11/67] 'diabetes' (Condition)  [elapsed 38.4m | done 796 | skipped 7100 | errors 0]
    -> tier=TIER_1_AUTO_VALIDATED routing=AUTO_VALIDATED reason=ok
    [dry-run KG3 write OK] would write concept_id=201820 (Diabetes mellitus)
  [12/67] 'tenderness' (Symptom)  [elapsed 38.5m | done 797 | skipped 7100 | errors 0]
    -> tier=TIER_4_ENSEMBLE_SPLIT routing=HITL_REQUIRED reason=ensemble_split
  [13/67] 'calf pain' (Symptom)  [elapsed 38.6m | done 798 | skipped 7100 | errors 0]
    -> tier=TIER_4_ENSEMBLE_SPLIT routing=HITL_REQUIRED reason=ensemble_split
  [14/67] 'calf swelling' (Symptom)  [elapsed 38.7m | done 799 | skipped 7100 | errors 0]
    -> tier=TIER_1_AUTO_VALIDATED routing=AUTO_VALIDATED reason=ok
    [dry-run KG3 write OK] would write concept_id=4083665 (Swollen calf)
  [15/67] 'deep \nvein\nthrombosis' (Condition)  [elapsed 38.8m | done 800 | skipped 7100 | errors 0]
    -> tier=TIER_1_AUTO_VALIDATED routing=AUTO_VALIDATED reason=ok
    [dry-run KG3 write OK] would write concept_id=4133004 (Deep venous thrombosis)
  [16/67] 'acute\nfracture' (Condition)  [elapsed 38.9m | done 801 | skipped 7100 | errors 0]
    -> tier=TIER_4_ENSEMBLE_SPLIT routing=HITL_REQUIRED reason=ensemble_split
  [17/67] 'ankle joint' (Anatomy)  [elapsed 39.1m | done 802 | skipped 7100 | errors 0]
    -> tier=TIER_4_ENSEMBLE_SPLIT routing=HITL_REQUIRED reason=ensemble_split
  [18/67] 'bimalleolar\nankle fracture' (Condition)  [elapsed 39.2m | done 803 | skipped 7100 | errors 0]
    -> tier=TIER_1_AUTO_VALIDATED routing=AUTO_VALIDATED reason=ok
    [dry-run KG3 write OK] would write concept_id=4134335 (Bimalleolar fracture of ankle)
  [19/67] 'Charcot arthropathy' (Condition)  [elapsed 39.3m | done 804 | skipped 7100 | errors 0]
    -> tier=TIER_1_AUTO_VALIDATED routing=AUTO_VALIDATED reason=ok
    [dry-run KG3 write OK] would write concept_id=4234127 (Charcot's arthropathy)
  [20/67] 'below-knee \namputation' (Procedure)  [elapsed 39.4m | done 805 | skipped 7100 | errors 0]
    -> tier=TIER_4_ENSEMBLE_SPLIT routing=HITL_REQUIRED reason=ensemble_split
  [21/67] 'fusion' (Procedure)  [elapsed 39.6m | done 806 | skipped 7100 | errors 0]
    -> tier=TIER_4_ENSEMBLE_SPLIT routing=HITL_REQUIRED reason=ensemble_split
  [22/67] 'type' (Symptom)  [elapsed 39.7m | done 807 | skipped 7100 | errors 0]
    -> tier=TIER_4_ENSEMBLE_SPLIT routing=HITL_REQUIRED reason=ensemble_split
  [23/67] 'procedure' (Procedure)  [elapsed 39.8m | done 808 | skipped 7100 | errors 0]
    -> tier=None routing=HITL_REQUIRED reason=below_confidence_threshold
  [24/67] 'pulmonary' (Symptom)  [elapsed 39.9m | done 809 | skipped 7100 | errors 0]
    -> tier=TIER_4_ENSEMBLE_SPLIT routing=HITL_REQUIRED reason=ensemble_split
  [25/67] 'embolus' (Symptom)  [elapsed 40.0m | done 810 | skipped 7100 | errors 0]
    -> tier=TIER_4_ENSEMBLE_SPLIT routing=HITL_REQUIRED reason=ensemble_split
  [26/67] 'vp shunt \nc-section' (Procedure)  [elapsed 40.1m | done 811 | skipped 7100 | errors 0]
    -> tier=TIER_4_ENSEMBLE_SPLIT routing=HITL_REQUIRED reason=ensemble_split
  [27/67] 'Physical Exam' (Procedure)  [elapsed 40.5m | done 812 | skipped 7100 | errors 0]
    -> tier=TIER_3_AUTO_VALIDATED routing=AUTO_VALIDATED reason=ok
    [dry-run KG3 write OK] would write concept_id=4240345 (Physical examination)
  [28/67] 'PCA' (Medication)  [elapsed 40.5m | done 813 | skipped 7100 | errors 0]
    -> tier=TIER_5_TRUE_AMBIGUITY routing=HITL_REQUIRED reason=no_candidates
  [29/67] 'AMLODIPINE' (Medication)  [elapsed 40.5m | done 814 | skipped 7100 | errors 0]
    -> tier=TIER_1_AUTO_VALIDATED routing=AUTO_VALIDATED reason=ok
    [dry-run KG3 write OK] would write concept_id=1332418 (amlodipine)
  [30/67] 'ENALAPRIL MALEATE' (Medication)  [elapsed 40.6m | done 815 | skipped 7100 | errors 0]
    -> tier=TIER_1_AUTO_VALIDATED routing=AUTO_VALIDATED reason=ok
    [dry-run KG3 write OK] would write concept_id=1341927 (enalapril)
  [31/67] 'INSULIN GLARGINE' (Medication)  [elapsed 40.7m | done 816 | skipped 7100 | errors 0]
    -> tier=TIER_1_AUTO_VALIDATED routing=AUTO_VALIDATED reason=ok
    [dry-run KG3 write OK] would write concept_id=1502905 (insulin glargine)
  [32/67] 'INSULIN LISPRO' (Medication)  [elapsed 40.8m | done 817 | skipped 7100 | errors 0]
    -> tier=TIER_1_AUTO_VALIDATED routing=AUTO_VALIDATED reason=ok
    [dry-run KG3 write OK] would write concept_id=1550023 (insulin lispro)
  [33/67] 'PAROXETINE' (Medication)  [elapsed 40.9m | done 818 | skipped 7100 | errors 0]
    -> tier=TIER_1_AUTO_VALIDATED routing=AUTO_VALIDATED reason=ok
    [dry-run KG3 write OK] would write concept_id=722031 (paroxetine)
  [34/67] 'HCL' (Medication)  [elapsed 41.0m | done 819 | skipped 7100 | errors 0]
    -> tier=TIER_4_ENSEMBLE_SPLIT routing=HITL_REQUIRED reason=short_alphanumeric_code_trap
  [35/67] 'PRAVASTATIN' (Medication)  [elapsed 41.1m | done 820 | skipped 7100 | errors 0]
    -> tier=TIER_1_AUTO_VALIDATED routing=AUTO_VALIDATED reason=ok
    [dry-run KG3 write OK] would write concept_id=1551860 (pravastatin)
  [36/67] 'SULFAMETHOXAZOLE-TRIMETHOPRIM' (Medication)  [elapsed 41.2m | done 821 | skipped 7100 | errors 0]
    -> tier=TIER_1_AUTO_VALIDATED routing=AUTO_VALIDATED reason=ok
    [dry-run KG3 write OK] would write concept_id=1836430 (sulfamethoxazole)
  [37/67] 'BLOOD SUGAR DIAGNOSTIC' (Lab Test)  [elapsed 41.3m | done 822 | skipped 7100 | errors 0]
    -> tier=TIER_3_AUTO_VALIDATED routing=AUTO_VALIDATED reason=ok
    [dry-run KG3 write OK] would write concept_id=4041697 (Blood glucose method)
  [38/67] 'blood glucose' (Lab Test)  [elapsed 41.3m | done 823 | skipped 7100 | errors 0]
    -> tier=TIER_3_AUTO_VALIDATED routing=AUTO_VALIDATED reason=ok
    [dry-run KG3 write OK] would write concept_id=4144235 (Glucose measurement, blood)
  [39/67] 'acetaminophen' (Medication)  [elapsed 41.3m | done 824 | skipped 7100 | errors 0]
    -> tier=TIER_1_AUTO_VALIDATED routing=AUTO_VALIDATED reason=ok
    [dry-run KG3 write OK] would write concept_id=1125315 (acetaminophen)
  [40/67] 'amlodipine' (Medication)  [elapsed 41.4m | done 825 | skipped 7100 | errors 0]
    -> tier=TIER_1_AUTO_VALIDATED routing=AUTO_VALIDATED reason=ok
    [dry-run KG3 write OK] would write concept_id=1332418 (amlodipine)
  [41/67] 'enalapril maleate' (Medication)  [elapsed 41.5m | done 826 | skipped 7100 | errors 0]
    -> tier=TIER_1_AUTO_VALIDATED routing=AUTO_VALIDATED reason=ok
    [dry-run KG3 write OK] would write concept_id=1341927 (enalapril)
  [42/67] 'pravastatin' (Medication)  [elapsed 41.6m | done 827 | skipped 7100 | errors 0]
    -> tier=TIER_1_AUTO_VALIDATED routing=AUTO_VALIDATED reason=ok
    [dry-run KG3 write OK] would write concept_id=1551860 (pravastatin)
  [43/67] 'oxycodone' (Medication)  [elapsed 41.7m | done 828 | skipped 7100 | errors 0]
    -> tier=TIER_1_AUTO_VALIDATED routing=AUTO_VALIDATED reason=ok
    [dry-run KG3 write OK] would write concept_id=1124957 (oxycodone)
  [44/67] 'enoxaparin' (Medication)  [elapsed 41.8m | done 829 | skipped 7100 | errors 0]
    -> tier=TIER_4_ENSEMBLE_SPLIT routing=HITL_REQUIRED reason=ensemble_split
  [45/67] 'mL' (Procedure)  [elapsed 41.9m | done 830 | skipped 7100 | errors 0]
    -> tier=TIER_4_ENSEMBLE_SPLIT routing=HITL_REQUIRED reason=ensemble_split
  [46/67] 'charcot arthropathy' (Condition)  [elapsed 42.0m | done 831 | skipped 7100 | errors 0]
    -> tier=TIER_4_ENSEMBLE_SPLIT routing=HITL_REQUIRED reason=ensemble_split
  [47/67] 'severe pain' (Symptom)  [elapsed 42.1m | done 832 | skipped 7100 | errors 0]
    -> tier=TIER_1_AUTO_VALIDATED routing=AUTO_VALIDATED reason=ok
    [dry-run KG3 write OK] would write concept_id=4296746 (Severe pain)
  [48/67] 'increased' (Qualifier)  [elapsed 42.2m | done 833 | skipped 7100 | errors 0]
    -> tier=TIER_5_TRUE_AMBIGUITY routing=HITL_REQUIRED reason=standalone_qualifier_span
  [49/67] 'swelling' (Condition)  [elapsed 42.2m | done 834 | skipped 7100 | errors 0]
    -> tier=TIER_1_AUTO_VALIDATED routing=AUTO_VALIDATED reason=ok
    [dry-run KG3 write OK] would write concept_id=4275722 (Swelling)
  [50/67] 'decreased' (Qualifier)  [elapsed 42.4m | done 835 | skipped 7100 | errors 0]
    -> tier=TIER_5_TRUE_AMBIGUITY routing=HITL_REQUIRED reason=standalone_qualifier_span
  [51/67] 'sensation' (Qualifier)  [elapsed 42.4m | done 836 | skipped 7100 | errors 0]
    -> tier=TIER_5_TRUE_AMBIGUITY routing=HITL_REQUIRED reason=standalone_qualifier_span
  [52/67] 'difficulty' (Qualifier)  [elapsed 42.4m | done 837 | skipped 7100 | errors 0]
    -> tier=TIER_5_TRUE_AMBIGUITY routing=HITL_REQUIRED reason=standalone_qualifier_span
  [53/67] 'movement' (Symptom)  [elapsed 42.5m | done 838 | skipped 7100 | errors 0]
    -> tier=TIER_4_ENSEMBLE_SPLIT routing=HITL_REQUIRED reason=ensemble_split
  [54/67] 'fevers' (Symptom)  [elapsed 42.5m | done 839 | skipped 7100 | errors 0]
    -> tier=TIER_4_ENSEMBLE_SPLIT routing=HITL_REQUIRED reason=ensemble_split
  [55/67] 'shaking chills' (Symptom)  [elapsed 43.0m | done 840 | skipped 7100 | errors 0]
    -> tier=TIER_1_AUTO_VALIDATED routing=AUTO_VALIDATED reason=ok
    [dry-run KG3 write OK] would write concept_id=4087630 (Shivering or rigors)
  [56/67] 'increasing redness or drainage from the incision \nsite' (Symptom)  [elapsed 43.1m | done 841 | skipped 7100 | errors 0]
    -> tier=TIER_5_TRUE_AMBIGUITY routing=HITL_REQUIRED reason=no_candidates
  [57/67] 'chest pain' (Symptom)  [elapsed 43.1m | done 842 | skipped 7100 | errors 0]
    -> tier=TIER_1_AUTO_VALIDATED routing=AUTO_VALIDATED reason=ok
    [dry-run KG3 write OK] would write concept_id=77670 (Chest pain)
  [58/67] 'shortness of breath' (Symptom)  [elapsed 43.2m | done 843 | skipped 7100 | errors 0]
    -> tier=TIER_1_AUTO_VALIDATED routing=AUTO_VALIDATED reason=ok
    [dry-run KG3 write OK] would write concept_id=312437 (Dyspnea)
  [59/67] 'colace' (Medication)  [elapsed 43.3m | done 844 | skipped 7100 | errors 0]
    -> tier=TIER_3_AUTO_VALIDATED routing=AUTO_VALIDATED reason=ok
    [dry-run KG3 write OK] would write concept_id=941258 (docusate)
  [60/67] 'celebrex' (Medication)  [elapsed 43.3m | done 845 | skipped 7100 | errors 0]
    -> tier=TIER_1_AUTO_VALIDATED routing=AUTO_VALIDATED reason=ok
    [dry-run KG3 write OK] would write concept_id=1118084 (celecoxib)
  [61/67] 'ibuprofen' (Medication)  [elapsed 43.4m | done 846 | skipped 7100 | errors 0]
    -> tier=TIER_1_AUTO_VALIDATED routing=AUTO_VALIDATED reason=ok
    [dry-run KG3 write OK] would write concept_id=1177480 (ibuprofen)
  [62/67] 'advil' (Medication)  [elapsed 43.5m | done 847 | skipped 7100 | errors 0]
    -> tier=TIER_5_TRUE_AMBIGUITY routing=HITL_REQUIRED reason=below_similarity_floor
  [63/67] 'aleve' (Medication)  [elapsed 43.5m | done 848 | skipped 7100 | errors 0]
    -> tier=TIER_4_ENSEMBLE_SPLIT routing=HITL_REQUIRED reason=ensemble_split
  [64/67] 'motrin' (Medication)  [elapsed 43.9m | done 849 | skipped 7100 | errors 0]
    -> tier=TIER_2_AUTO_RESOLVED routing=HITL_REQUIRED reason=tier2_auto_resolved_pending_revalidation
  [65/67] 'etc' (Medication)  [elapsed 44.3m | done 850 | skipped 7100 | errors 0]
    -> tier=TIER_4_ENSEMBLE_SPLIT routing=HITL_REQUIRED reason=ensemble_split
  [66/67] 'lovenox' (Medication)  [elapsed 44.6m | done 851 | skipped 7100 | errors 0]
    -> tier=TIER_3_AUTO_VALIDATED routing=AUTO_VALIDATED reason=ok
    [dry-run KG3 write OK] would write concept_id=1301025 (enoxaparin)
  [67/67] 'deep vein thrombosis' (Condition)  [elapsed 44.6m | done 852 | skipped 7100 | errors 0]
    -> tier=TIER_1_AUTO_VALIDATED routing=AUTO_VALIDATED reason=ok
    [dry-run KG3 write OK] would write concept_id=4133004 (Deep venous thrombosis)
[note 59/108] 11522433-DS-6: 138 record(s), 138 remaining after resume-skip
  [1/138] 'PMHx' (Condition)  [elapsed 44.7m | done 853 | skipped 7100 | errors 0]
    -> tier=TIER_4_ENSEMBLE_SPLIT routing=HITL_REQUIRED reason=ensemble_split
  [2/138] 'increased abdominal girth' (Symptom)  [elapsed 44.8m | done 854 | skipped 7100 | errors 0]
    -> tier=TIER_2_AUTO_RESOLVED routing=HITL_REQUIRED reason=tier2_auto_resolved_pending_revalidation
  [3/138] 'pain' (Condition)  [elapsed 45.1m | done 855 | skipped 7100 | errors 0]
    -> tier=TIER_5_TRUE_AMBIGUITY routing=HITL_REQUIRED reason=unresolved_acronym
  [4/138] 'esophageal \nvarices' (Condition)  [elapsed 45.1m | done 856 | skipped 7100 | errors 0]
    -> tier=TIER_1_AUTO_VALIDATED routing=AUTO_VALIDATED reason=ok
    [dry-run KG3 write OK] would write concept_id=24966 (Esophageal varices)
  [5/138] 'HE' (Condition)  [elapsed 45.2m | done 857 | skipped 7100 | errors 0]
    -> tier=TIER_4_ENSEMBLE_SPLIT routing=HITL_REQUIRED reason=ensemble_split
  [6/138] 'constipation' (Symptom)  [elapsed 45.5m | done 858 | skipped 7100 | errors 0]
    -> tier=TIER_1_AUTO_VALIDATED routing=AUTO_VALIDATED reason=ok
    [dry-run KG3 write OK] would write concept_id=75860 (Constipation)
  [7/138] 'diarrhea' (Symptom)  [elapsed 45.6m | done 859 | skipped 7100 | errors 0]
    -> tier=TIER_4_ENSEMBLE_SPLIT routing=HITL_REQUIRED reason=ensemble_split
  [8/138] 'melena' (Symptom)  [elapsed 45.7m | done 860 | skipped 7100 | errors 0]
    -> tier=TIER_4_ENSEMBLE_SPLIT routing=HITL_REQUIRED reason=ensemble_split
  [9/138] 'BRBPR' (Symptom)  [elapsed 45.8m | done 861 | skipped 7100 | errors 0]
    -> tier=TIER_5_TRUE_AMBIGUITY routing=HITL_REQUIRED reason=no_candidates
  [10/138] 'hematemesis' (Symptom)  [elapsed 45.8m | done 862 | skipped 7100 | errors 0]
    -> tier=TIER_1_AUTO_VALIDATED routing=AUTO_VALIDATED reason=ok
    [dry-run KG3 write OK] would write concept_id=26727 (Hematemesis)
  [11/138] 'esophageal varices' (Condition)  [elapsed 45.9m | done 863 | skipped 7100 | errors 0]
    -> tier=TIER_1_AUTO_VALIDATED routing=AUTO_VALIDATED reason=ok
    [dry-run KG3 write OK] would write concept_id=24966 (Esophageal varices)
  [12/138] 'EGD' (Procedure)  [elapsed 46.0m | done 864 | skipped 7100 | errors 0]
    -> tier=TIER_4_ENSEMBLE_SPLIT routing=HITL_REQUIRED reason=short_alphanumeric_code_trap
  [13/138] 's/p' (Anatomy)  [elapsed 46.1m | done 865 | skipped 7100 | errors 0]
    -> tier=TIER_3_AUTO_VALIDATED routing=AUTO_VALIDATED reason=ok
    [dry-run KG3 write OK] would write concept_id=36716647 (Breathing room air)
  [14/138] 'gastric bypass' (Procedure)  [elapsed 46.1m | done 866 | skipped 7100 | errors 0]
    -> tier=TIER_1_AUTO_VALIDATED routing=AUTO_VALIDATED reason=ok
    [dry-run KG3 write OK] would write concept_id=40483096 (Bypass of stomach)
  [15/138] 'C-section' (Procedure)  [elapsed 46.2m | done 867 | skipped 7100 | errors 0]
    -> tier=TIER_1_AUTO_VALIDATED routing=AUTO_VALIDATED reason=ok
    [dry-run KG3 write OK] would write concept_id=4015701 (Cesarean section)
  [16/138] 'HCC' (Condition)  [elapsed 46.3m | done 868 | skipped 7100 | errors 0]
    -> tier=TIER_4_ENSEMBLE_SPLIT routing=HITL_REQUIRED reason=short_alphanumeric_code_trap
  [17/138] 'General' (Procedure)  [elapsed 46.4m | done 869 | skipped 7100 | errors 0]
    -> tier=TIER_3_AUTO_VALIDATED routing=AUTO_VALIDATED reason=ok
    [dry-run KG3 write OK] would write concept_id=4036803 (General examination of patient)
  [18/138] 'Alert' (Symptom)  [elapsed 46.4m | done 870 | skipped 7100 | errors 0]
    -> tier=TIER_3_AUTO_VALIDATED routing=AUTO_VALIDATED reason=ok
    [dry-run KG3 write OK] would write concept_id=4086843 (Mentally alert)
  [19/138] 'oriented' (Symptom)  [elapsed 46.4m | done 871 | skipped 7100 | errors 0]
    -> tier=TIER_3_AUTO_VALIDATED routing=AUTO_VALIDATED reason=ok
    [dry-run KG3 write OK] would write concept_id=4092101 (Orientated)
  [20/138] 'HEENT' (Procedure)  [elapsed 46.4m | done 872 | skipped 7100 | errors 0]
    -> tier=TIER_3_AUTO_VALIDATED routing=AUTO_VALIDATED reason=ok
    [dry-run KG3 write OK] would write concept_id=4240345 (Physical examination)
  [21/138] 'MMM' (Symptom)  [elapsed 46.4m | done 873 | skipped 7100 | errors 0]
    -> tier=TIER_3_AUTO_VALIDATED routing=AUTO_VALIDATED reason=ok
    [dry-run KG3 write OK] would write concept_id=4170952 (Moist oral mucosa)
  [22/138] 'Neck' (Procedure)  [elapsed 46.5m | done 874 | skipped 7100 | errors 0]
    -> tier=TIER_3_AUTO_VALIDATED routing=AUTO_VALIDATED reason=ok
    [dry-run KG3 write OK] would write concept_id=4240345 (Physical examination)
  [23/138] 'supple' (Symptom)  [elapsed 46.5m | done 875 | skipped 7100 | errors 0]
    -> tier=TIER_3_AUTO_VALIDATED routing=AUTO_VALIDATED reason=ok
    [dry-run KG3 write OK] would write concept_id=4179457 (Normal movement of neck)
  [24/138] 'JVD' (Symptom)  [elapsed 46.5m | done 876 | skipped 7100 | errors 0]
    -> tier=TIER_3_AUTO_VALIDATED routing=AUTO_VALIDATED reason=ok
    [dry-run KG3 write OK] would write concept_id=4154791 (Jugular venous engorgement)
  [25/138] 'RRR' (Symptom)  [elapsed 46.5m | done 877 | skipped 7100 | errors 0]
    -> tier=TIER_3_AUTO_VALIDATED routing=AUTO_VALIDATED reason=ok
    [dry-run KG3 write OK] would write concept_id=4297303 (Normal heart rate)
  [26/138] 'S1' (Anatomy)  [elapsed 46.5m | done 878 | skipped 7100 | errors 0]
    -> tier=TIER_4_ENSEMBLE_SPLIT routing=HITL_REQUIRED reason=short_alphanumeric_code_trap
  [27/138] 'S2' (Anatomy)  [elapsed 46.6m | done 879 | skipped 7100 | errors 0]
    -> tier=TIER_4_ENSEMBLE_SPLIT routing=HITL_REQUIRED reason=short_alphanumeric_code_trap
  [28/138] 'Lungs' (Procedure)  [elapsed 46.7m | done 880 | skipped 7100 | errors 0]
    -> tier=TIER_3_AUTO_VALIDATED routing=AUTO_VALIDATED reason=ok
    [dry-run KG3 write OK] would write concept_id=4149530 (Examination of respiratory system)
  [29/138] 'Abdomen' (Procedure)  [elapsed 46.7m | done 881 | skipped 7100 | errors 0]
    -> tier=TIER_3_AUTO_VALIDATED routing=AUTO_VALIDATED reason=ok
    [dry-run KG3 write OK] would write concept_id=4075966 (Examination of abdomen)
  [30/138] 'edema' (Condition)  [elapsed 46.7m | done 882 | skipped 7100 | errors 0]
    -> tier=TIER_3_AUTO_VALIDATED routing=AUTO_VALIDATED reason=ok
    [dry-run KG3 write OK] would write concept_id=433595 (Edema)
  [31/138] 'Skin' (Procedure)  [elapsed 46.7m | done 883 | skipped 7100 | errors 0]
    -> tier=TIER_3_AUTO_VALIDATED routing=AUTO_VALIDATED reason=ok
    [dry-run KG3 write OK] would write concept_id=4150633 (Examination of skin)
  [32/138] 'Vitals' (Symptom)  [elapsed 46.8m | done 884 | skipped 7100 | errors 0]
    -> tier=TIER_3_AUTO_VALIDATED routing=AUTO_VALIDATED reason=ok
    [dry-run KG3 write OK] would write concept_id=4042138 (Vital signs finding)
  [33/138] 'Tc' (Medication)  [elapsed 46.8m | done 885 | skipped 7100 | errors 0]
    -> tier=TIER_4_ENSEMBLE_SPLIT routing=HITL_REQUIRED reason=ensemble_split
  [34/138] 'HR' (Symptom)  [elapsed 47.1m | done 886 | skipped 7100 | errors 0]
    -> tier=TIER_3_AUTO_VALIDATED routing=AUTO_VALIDATED reason=ok
    [dry-run KG3 write OK] would write concept_id=4103189 (Finding of heart rate)
  [35/138] 'BP' (Symptom)  [elapsed 47.1m | done 887 | skipped 7100 | errors 0]
    -> tier=TIER_3_AUTO_VALIDATED routing=AUTO_VALIDATED reason=ok
    [dry-run KG3 write OK] would write concept_id=4214962 (Blood pressure finding)
  [36/138] 'RR' (Symptom)  [elapsed 47.1m | done 888 | skipped 7100 | errors 0]
    -> tier=TIER_3_AUTO_VALIDATED routing=AUTO_VALIDATED reason=ok
    [dry-run KG3 write OK] would write concept_id=4117286 (Finding of respiratory rate)
  [37/138] 'Physical Exam' (Procedure)  [elapsed 47.1m | done 889 | skipped 7100 | errors 0]
    -> tier=TIER_3_AUTO_VALIDATED routing=AUTO_VALIDATED reason=ok
    [dry-run KG3 write OK] would write concept_id=4240345 (Physical examination)
  [38/138] 'Gen' (Procedure)  [elapsed 47.1m | done 890 | skipped 7100 | errors 0]
    -> tier=TIER_3_AUTO_VALIDATED routing=AUTO_VALIDATED reason=ok
    [dry-run KG3 write OK] would write concept_id=4036803 (General examination of patient)
  [39/138] 'distress' (Symptom)  [elapsed 47.1m | done 891 | skipped 7100 | errors 0]
    -> tier=TIER_3_AUTO_VALIDATED routing=AUTO_VALIDATED reason=ok
    [dry-run KG3 write OK] would write concept_id=4239819 (Distress)
  [40/138] 'Pulm' (Procedure)  [elapsed 47.1m | done 892 | skipped 7100 | errors 0]
    -> tier=TIER_3_AUTO_VALIDATED routing=AUTO_VALIDATED reason=ok
    [dry-run KG3 write OK] would write concept_id=4149530 (Examination of respiratory system)
  [41/138] 'Abd' (Procedure)  [elapsed 47.1m | done 893 | skipped 7100 | errors 0]
    -> tier=TIER_3_AUTO_VALIDATED routing=AUTO_VALIDATED reason=ok
    [dry-run KG3 write OK] would write concept_id=4075966 (Examination of abdomen)
  [42/138] 'RUQ' (Anatomy)  [elapsed 47.2m | done 894 | skipped 7100 | errors 0]
    -> tier=TIER_4_ENSEMBLE_SPLIT routing=HITL_REQUIRED reason=short_alphanumeric_code_trap
  [43/138] 'Ext' (Procedure)  [elapsed 47.3m | done 895 | skipped 7100 | errors 0]
    -> tier=TIER_3_AUTO_VALIDATED routing=AUTO_VALIDATED reason=ok
    [dry-run KG3 write OK] would write concept_id=4121315 (Examination of limb)
  [44/138] 'Neuro' (Procedure)  [elapsed 47.3m | done 896 | skipped 7100 | errors 0]
    -> tier=TIER_3_AUTO_VALIDATED routing=AUTO_VALIDATED reason=ok
    [dry-run KG3 write OK] would write concept_id=4225119 (Neurological examination)
  [45/138] 'WBC-3.4' (Lab Test)  [elapsed 47.3m | done 897 | skipped 7100 | errors 0]
    -> tier=TIER_3_AUTO_VALIDATED routing=AUTO_VALIDATED reason=ok
    [dry-run KG3 write OK] would write concept_id=4298431 (White blood cell count)
  [46/138] 'RBC-3.61' (Lab Test)  [elapsed 47.3m | done 898 | skipped 7100 | errors 0]
    -> tier=TIER_3_AUTO_VALIDATED routing=AUTO_VALIDATED reason=ok
    [dry-run KG3 write OK] would write concept_id=4030871 (Red blood cell count)
  [47/138] 'Hct-25.8' (Lab Test)  [elapsed 47.3m | done 899 | skipped 7100 | errors 0]
    -> tier=TIER_5_TRUE_AMBIGUITY routing=HITL_REQUIRED reason=below_similarity_floor
  [48/138] 'MCV-72' (Lab Test)  [elapsed 47.3m | done 900 | skipped 7100 | errors 0]
    -> tier=TIER_3_AUTO_VALIDATED routing=AUTO_VALIDATED reason=ok
    [dry-run KG3 write OK] would write concept_id=4016239 (Erythrocyte mean corpuscular volume determination)
  [49/138] 'MCH-20.5' (Lab Test)  [elapsed 47.3m | done 901 | skipped 7100 | errors 0]
    -> tier=TIER_3_AUTO_VALIDATED routing=AUTO_VALIDATED reason=ok
    [dry-run KG3 write OK] would write concept_id=4290193 (Mean corpuscular hemoglobin concentration determination)
  [50/138] 'MCHC-28.7' (Lab Test)  [elapsed 47.3m | done 902 | skipped 7100 | errors 0]
    -> tier=TIER_3_AUTO_VALIDATED routing=AUTO_VALIDATED reason=ok
    [dry-run KG3 write OK] would write concept_id=4290193 (Mean corpuscular hemoglobin concentration determination)
  [51/138] 'RDW-20.7' (Lab Test)  [elapsed 47.4m | done 903 | skipped 7100 | errors 0]
    -> tier=TIER_3_AUTO_VALIDATED routing=AUTO_VALIDATED reason=ok
    [dry-run KG3 write OK] would write concept_id=4281085 (Red cell distribution width determination)
  [52/138] 'RDWSD-53.4' (Lab Test)  [elapsed 47.4m | done 904 | skipped 7100 | errors 0]
    -> tier=TIER_5_TRUE_AMBIGUITY routing=HITL_REQUIRED reason=no_candidates
  [53/138] 'Plt Ct-77' (Lab Test)  [elapsed 47.4m | done 905 | skipped 7100 | errors 0]
    -> tier=TIER_3_AUTO_VALIDATED routing=AUTO_VALIDATED reason=ok
    [dry-run KG3 write OK] would write concept_id=4267147 (Platelet count)
  [54/138] 'PTT-30' (Lab Test)  [elapsed 47.4m | done 906 | skipped 7100 | errors 0]
    -> tier=TIER_4_ENSEMBLE_SPLIT routing=HITL_REQUIRED reason=ensemble_split
  [55/138] 'Glucose-127' (Lab Test)  [elapsed 47.7m | done 907 | skipped 7100 | errors 0]
    -> tier=TIER_1_AUTO_VALIDATED routing=AUTO_VALIDATED reason=ok
    [dry-run KG3 write OK] would write concept_id=4149519 (Glucose measurement)
  [56/138] 'UreaN-10 Creat-0.8 Na-132' (Lab Test)  [elapsed 47.8m | done 908 | skipped 7100 | errors 0]
    -> tier=TIER_5_TRUE_AMBIGUITY routing=HITL_REQUIRED reason=no_candidates
  [57/138] 'AnGap-14' (Lab Test)  [elapsed 47.9m | done 909 | skipped 7100 | errors 0]
    -> tier=TIER_5_TRUE_AMBIGUITY routing=HITL_REQUIRED reason=no_candidates
  [58/138] 'ALT-15' (Lab Test)  [elapsed 47.9m | done 910 | skipped 7100 | errors 0]
    -> tier=TIER_3_AUTO_VALIDATED routing=AUTO_VALIDATED reason=ok
    [dry-run KG3 write OK] would write concept_id=44810789 (Alanine transaminase activity measurement)
  [59/138] 'AST-47' (Lab Test)  [elapsed 47.9m | done 911 | skipped 7100 | errors 0]
    -> tier=TIER_3_AUTO_VALIDATED routing=AUTO_VALIDATED reason=ok
    [dry-run KG3 write OK] would write concept_id=4263457 (Aspartate aminotransferase measurement)
  [60/138] 'AlkPhos-226' (Lab Test)  [elapsed 47.9m | done 912 | skipped 7100 | errors 0]
    -> tier=TIER_4_ENSEMBLE_SPLIT routing=HITL_REQUIRED reason=ensemble_split
  [61/138] 'HCG' (Lab Test)  [elapsed 48.2m | done 913 | skipped 7100 | errors 0]
    -> tier=TIER_4_ENSEMBLE_SPLIT routing=HITL_REQUIRED reason=short_alphanumeric_code_trap
  [62/138] 'hepatic parenchyma' (Anatomy)  [elapsed 48.3m | done 914 | skipped 7100 | errors 0]
    -> tier=TIER_1_AUTO_VALIDATED routing=AUTO_VALIDATED reason=ok
    [dry-run KG3 write OK] would write concept_id=4027893 (Structure of parenchyma of liver)
  [63/138] 'common' (Qualifier)  [elapsed 48.4m | done 915 | skipped 7100 | errors 0]
    -> tier=TIER_5_TRUE_AMBIGUITY routing=HITL_REQUIRED reason=standalone_qualifier_span
  [64/138] 'hepatic duct' (Anatomy)  [elapsed 48.4m | done 916 | skipped 7100 | errors 0]
    -> tier=TIER_4_ENSEMBLE_SPLIT routing=HITL_REQUIRED reason=ensemble_split
  [65/138] 'gallbladder' (Anatomy)  [elapsed 48.5m | done 917 | skipped 7100 | errors 0]
    -> tier=TIER_4_ENSEMBLE_SPLIT routing=HITL_REQUIRED reason=ensemble_split
  [66/138] 'pancreas' (Anatomy)  [elapsed 48.6m | done 918 | skipped 7100 | errors 0]
    -> tier=TIER_4_ENSEMBLE_SPLIT routing=HITL_REQUIRED reason=ensemble_split
  [67/138] 'spleen' (Anatomy)  [elapsed 48.7m | done 919 | skipped 7100 | errors 0]
    -> tier=TIER_4_ENSEMBLE_SPLIT routing=HITL_REQUIRED reason=ensemble_split
  [68/138] 'right kidney' (Anatomy)  [elapsed 48.8m | done 920 | skipped 7100 | errors 0]
    -> tier=TIER_1_AUTO_VALIDATED routing=AUTO_VALIDATED reason=ok
    [dry-run KG3 write OK] would write concept_id=4321753 (Right kidney structure)
  [69/138] 'hydronephrosis' (Condition)  [elapsed 48.9m | done 921 | skipped 7100 | errors 0]
    -> tier=TIER_4_ENSEMBLE_SPLIT routing=HITL_REQUIRED reason=ensemble_split
  [70/138] 'right and left portal veins' (Anatomy)  [elapsed 49.0m | done 922 | skipped 7100 | errors 0]
    -> tier=TIER_4_ENSEMBLE_SPLIT routing=HITL_REQUIRED reason=ensemble_split
  [71/138] 'main' (Qualifier)  [elapsed 49.2m | done 923 | skipped 7100 | errors 0]
    -> tier=TIER_5_TRUE_AMBIGUITY routing=HITL_REQUIRED reason=standalone_qualifier_span
  [72/138] 'hepatic artery' (Anatomy)  [elapsed 49.2m | done 924 | skipped 7100 | errors 0]
    -> tier=TIER_1_AUTO_VALIDATED routing=AUTO_VALIDATED reason=ok
    [dry-run KG3 write OK] would write concept_id=4328345 (Hepatic artery)
  [73/138] 'left hepatic veins' (Anatomy)  [elapsed 49.3m | done 925 | skipped 7100 | errors 0]
    -> tier=TIER_1_AUTO_VALIDATED routing=AUTO_VALIDATED reason=ok
    [dry-run KG3 write OK] would write concept_id=4167582 (Structure of left hepatic vein)
  [74/138] 'Cirrhosis' (Condition)  [elapsed 49.4m | done 926 | skipped 7100 | errors 0]
    -> tier=TIER_4_ENSEMBLE_SPLIT routing=HITL_REQUIRED reason=ensemble_split
  [75/138] 'portal hypertension' (Condition)  [elapsed 49.5m | done 927 | skipped 7100 | errors 0]
    -> tier=TIER_4_ENSEMBLE_SPLIT routing=HITL_REQUIRED reason=ensemble_split
  [76/138] 'ascites' (Condition)  [elapsed 49.6m | done 928 | skipped 7100 | errors 0]
    -> tier=TIER_1_AUTO_VALIDATED routing=AUTO_VALIDATED reason=ok
    [dry-run KG3 write OK] would write concept_id=200528 (Ascites)
  [77/138] 'cholecystectomy' (Procedure)  [elapsed 49.7m | done 929 | skipped 7100 | errors 0]
    -> tier=TIER_1_AUTO_VALIDATED routing=AUTO_VALIDATED reason=ok
    [dry-run KG3 write OK] would write concept_id=4242997 (Cholecystectomy)
  [78/138] 'Hgb-7.4' (Lab Test)  [elapsed 49.8m | done 930 | skipped 7100 | errors 0]
    -> tier=TIER_3_AUTO_VALIDATED routing=AUTO_VALIDATED reason=ok
    [dry-run KG3 write OK] would write concept_id=40480067 (Measurement of total hemoglobin concentration)
  [79/138] 'MCV-74' (Lab Test)  [elapsed 49.8m | done 931 | skipped 7100 | errors 0]
    -> tier=TIER_3_AUTO_VALIDATED routing=AUTO_VALIDATED reason=ok
    [dry-run KG3 write OK] would write concept_id=4016239 (Erythrocyte mean corpuscular volume determination)
  [80/138] 'RDW-20.5' (Lab Test)  [elapsed 49.8m | done 932 | skipped 7100 | errors 0]
    -> tier=TIER_3_AUTO_VALIDATED routing=AUTO_VALIDATED reason=ok
    [dry-run KG3 write OK] would write concept_id=4281085 (Red cell distribution width determination)
  [81/138] 'RDWSD-53.5' (Lab Test)  [elapsed 49.8m | done 933 | skipped 7100 | errors 0]
    -> tier=TIER_5_TRUE_AMBIGUITY routing=HITL_REQUIRED reason=no_candidates
  [82/138] 'Plt Ct-66' (Lab Test)  [elapsed 49.8m | done 934 | skipped 7100 | errors 0]
    -> tier=TIER_3_AUTO_VALIDATED routing=AUTO_VALIDATED reason=ok
    [dry-run KG3 write OK] would write concept_id=4267147 (Platelet count)
  [83/138] 'Glucose-133' (Lab Test)  [elapsed 49.8m | done 935 | skipped 7100 | errors 0]
    -> tier=TIER_1_AUTO_VALIDATED routing=AUTO_VALIDATED reason=ok
    [dry-run KG3 write OK] would write concept_id=4149519 (Glucose measurement)
  [84/138] 'AnGap-13' (Lab Test)  [elapsed 49.9m | done 936 | skipped 7100 | errors 0]
    -> tier=TIER_5_TRUE_AMBIGUITY routing=HITL_REQUIRED reason=no_candidates
  [85/138] 'ALT-100' (Lab Test)  [elapsed 49.9m | done 937 | skipped 7100 | errors 0]
    -> tier=TIER_3_AUTO_VALIDATED routing=AUTO_VALIDATED reason=ok
    [dry-run KG3 write OK] would write concept_id=44810789 (Alanine transaminase activity measurement)
  [86/138] 'AST-258' (Lab Test)  [elapsed 50.0m | done 938 | skipped 7100 | errors 0]
    -> tier=TIER_3_AUTO_VALIDATED routing=AUTO_VALIDATED reason=ok
    [dry-run KG3 write OK] would write concept_id=4263457 (Aspartate aminotransferase measurement)
  [87/138] 'AlkPhos-212' (Lab Test)  [elapsed 50.0m | done 939 | skipped 7100 | errors 0]
    -> tier=TIER_5_TRUE_AMBIGUITY routing=HITL_REQUIRED reason=no_candidates
  [88/138] 'TotBili-1.4' (Lab Test)  [elapsed 50.0m | done 940 | skipped 7100 | errors 0]
    -> tier=TIER_5_TRUE_AMBIGUITY routing=HITL_REQUIRED reason=no_candidates
  [89/138] 'Albumin-3.0' (Lab Test)  [elapsed 50.0m | done 941 | skipped 7100 | errors 0]
    -> tier=TIER_1_AUTO_VALIDATED routing=AUTO_VALIDATED reason=ok
    [dry-run KG3 write OK] would write concept_id=4097664 (Albumin measurement)
  [90/138] 'portal HTN' (Condition)  [elapsed 50.1m | done 942 | skipped 7100 | errors 0]
    -> tier=TIER_1_AUTO_VALIDATED routing=AUTO_VALIDATED reason=ok
    [dry-run KG3 write OK] would write concept_id=192680 (Portal hypertension)
  [91/138] 'paracenteses' (Procedure)  [elapsed 50.2m | done 943 | skipped 7100 | errors 0]
    -> tier=TIER_4_ENSEMBLE_SPLIT routing=HITL_REQUIRED reason=ensemble_split
  [92/138] 'esophageal varicies' (Condition)  [elapsed 50.3m | done 944 | skipped 7100 | errors 0]
    -> tier=TIER_1_AUTO_VALIDATED routing=AUTO_VALIDATED reason=ok
    [dry-run KG3 write OK] would write concept_id=24966 (Esophageal varices)
  [93/138] 'refractory ascites' (Condition)  [elapsed 50.4m | done 945 | skipped 7100 | errors 0]
    -> tier=TIER_1_AUTO_VALIDATED routing=AUTO_VALIDATED reason=ok
    [dry-run KG3 write OK] would write concept_id=43020551 (Refractory ascites)
  [94/138] 'abdominal pain' (Symptom)  [elapsed 50.5m | done 946 | skipped 7100 | errors 0]
    -> tier=TIER_1_AUTO_VALIDATED routing=AUTO_VALIDATED reason=ok
    [dry-run KG3 write OK] would write concept_id=200219 (Abdominal pain)
  [95/138] 'right hepatic \nvein' (Anatomy)  [elapsed 50.6m | done 947 | skipped 7100 | errors 0]
    -> tier=TIER_4_ENSEMBLE_SPLIT routing=HITL_REQUIRED reason=ensemble_split
  [96/138] 'right' (Qualifier)  [elapsed 50.7m | done 948 | skipped 7100 | errors 0]
    -> tier=TIER_5_TRUE_AMBIGUITY routing=HITL_REQUIRED reason=standalone_qualifier_span
  [97/138] 'portal vein' (Anatomy)  [elapsed 50.8m | done 949 | skipped 7100 | errors 0]
    -> tier=TIER_4_ENSEMBLE_SPLIT routing=HITL_REQUIRED reason=ensemble_split
  [98/138] 'right PV posterior \nbranches' (Anatomy)  [elapsed 50.9m | done 950 | skipped 7100 | errors 0]
    -> tier=TIER_5_TRUE_AMBIGUITY routing=HITL_REQUIRED reason=unresolved_acronym
  [99/138] 'main PV' (Anatomy)  [elapsed 50.9m | done 951 | skipped 7100 | errors 0]
    -> tier=TIER_5_TRUE_AMBIGUITY routing=HITL_REQUIRED reason=no_candidates
  [100/138] 'luminex stents' (Procedure)  [elapsed 50.9m | done 952 | skipped 7100 | errors 0]
    -> tier=TIER_4_ENSEMBLE_SPLIT routing=HITL_REQUIRED reason=ensemble_split
  [101/138] 'mm' (Condition)  [elapsed 51.2m | done 953 | skipped 7100 | errors 0]
    -> tier=TIER_4_ENSEMBLE_SPLIT routing=HITL_REQUIRED reason=ensemble_split
  [102/138] 'paracentesis' (Procedure)  [elapsed 51.3m | done 954 | skipped 7100 | errors 0]
    -> tier=TIER_4_ENSEMBLE_SPLIT routing=HITL_REQUIRED reason=ensemble_split
  [103/138] 'abd' (Anatomy)  [elapsed 51.4m | done 955 | skipped 7100 | errors 0]
    -> tier=TIER_5_TRUE_AMBIGUITY routing=HITL_REQUIRED reason=unresolved_acronym
  [104/138] 'soreness' (Condition)  [elapsed 51.4m | done 956 | skipped 7100 | errors 0]
    -> tier=TIER_5_TRUE_AMBIGUITY routing=HITL_REQUIRED reason=unresolved_acronym
  [105/138] 'LFTs' (Lab Test)  [elapsed 51.4m | done 957 | skipped 7100 | errors 0]
    -> tier=TIER_1_AUTO_VALIDATED routing=AUTO_VALIDATED reason=ok
    [dry-run KG3 write OK] would write concept_id=37398230 (Liver function test)
  [106/138] 'Cr' (Lab Test)  [elapsed 51.5m | done 958 | skipped 7100 | errors 0]
    -> tier=TIER_5_TRUE_AMBIGUITY routing=HITL_REQUIRED reason=unresolved_acronym
  [107/138] 'Creatinine' (Lab Test)  [elapsed 51.5m | done 959 | skipped 7100 | errors 0]
    -> tier=TIER_4_ENSEMBLE_SPLIT routing=HITL_REQUIRED reason=ensemble_split
  [108/138] 'albumin' (Lab Test)  [elapsed 51.8m | done 960 | skipped 7100 | errors 0]
    -> tier=TIER_4_ENSEMBLE_SPLIT routing=HITL_REQUIRED reason=ensemble_split
  [109/138] 'contrast-induced nephropathy' (Condition)  [elapsed 51.8m | done 961 | skipped 7100 | errors 0]
    -> tier=TIER_1_AUTO_VALIDATED routing=AUTO_VALIDATED reason=ok
    [dry-run KG3 write OK] would write concept_id=37016366 (Acute kidney injury caused by contrast agent)
  [110/138] 'lactulose' (Medication)  [elapsed 51.9m | done 962 | skipped 7100 | errors 0]
    -> tier=TIER_1_AUTO_VALIDATED routing=AUTO_VALIDATED reason=ok
    [dry-run KG3 write OK] would write concept_id=987245 (lactulose)
  [111/138] 'hepatic encephalopathy' (Condition)  [elapsed 52.0m | done 963 | skipped 7100 | errors 0]
    -> tier=TIER_1_AUTO_VALIDATED routing=AUTO_VALIDATED reason=ok
    [dry-run KG3 write OK] would write concept_id=4029488 (Hepatic encephalopathy)
  [112/138] 'Hypotension' (Condition)  [elapsed 52.2m | done 964 | skipped 7100 | errors 0]
    -> tier=TIER_1_AUTO_VALIDATED routing=AUTO_VALIDATED reason=ok
    [dry-run KG3 write OK] would write concept_id=317002 (Low blood pressure)
  [113/138] 'lasix' (Medication)  [elapsed 52.3m | done 965 | skipped 7100 | errors 0]
    -> tier=TIER_3_AUTO_VALIDATED routing=AUTO_VALIDATED reason=ok
    [dry-run KG3 write OK] would write concept_id=956874 (furosemide)
  [114/138] 'Anemia' (Condition)  [elapsed 52.3m | done 966 | skipped 7100 | errors 0]
    -> tier=TIER_4_ENSEMBLE_SPLIT routing=HITL_REQUIRED reason=ensemble_split
  [115/138] 'liver disease' (Condition)  [elapsed 52.4m | done 967 | skipped 7100 | errors 0]
    -> tier=TIER_4_ENSEMBLE_SPLIT routing=HITL_REQUIRED reason=ensemble_split
  [116/138] 'Hg' (Lab Test)  [elapsed 52.5m | done 968 | skipped 7100 | errors 0]
    -> tier=TIER_5_TRUE_AMBIGUITY routing=HITL_REQUIRED reason=unresolved_acronym
  [117/138] 'Plt' (Lab Test)  [elapsed 52.5m | done 969 | skipped 7100 | errors 0]
    -> tier=TIER_3_AUTO_VALIDATED routing=AUTO_VALIDATED reason=ok
    [dry-run KG3 write OK] would write concept_id=4267147 (Platelet count)
  [118/138] 'Furosemide' (Medication)  [elapsed 52.5m | done 970 | skipped 7100 | errors 0]
    -> tier=TIER_1_AUTO_VALIDATED routing=AUTO_VALIDATED reason=ok
    [dry-run KG3 write OK] would write concept_id=956874 (furosemide)
  [119/138] 'Nadolol' (Medication)  [elapsed 52.6m | done 971 | skipped 7100 | errors 0]
    -> tier=TIER_1_AUTO_VALIDATED routing=AUTO_VALIDATED reason=ok
    [dry-run KG3 write OK] would write concept_id=1313200 (nadolol)
  [120/138] 'Spironolactone' (Medication)  [elapsed 52.7m | done 972 | skipped 7100 | errors 0]
    -> tier=TIER_1_AUTO_VALIDATED routing=AUTO_VALIDATED reason=ok
    [dry-run KG3 write OK] would write concept_id=970250 (spironolactone)
  [121/138] 'Omeprazole' (Medication)  [elapsed 52.8m | done 973 | skipped 7100 | errors 0]
    -> tier=TIER_1_AUTO_VALIDATED routing=AUTO_VALIDATED reason=ok
    [dry-run KG3 write OK] would write concept_id=923645 (omeprazole)
  [122/138] 'Lactulose' (Medication)  [elapsed 52.9m | done 974 | skipped 7100 | errors 0]
    -> tier=TIER_1_AUTO_VALIDATED routing=AUTO_VALIDATED reason=ok
    [dry-run KG3 write OK] would write concept_id=987245 (lactulose)
  [123/138] 'mL' (Procedure)  [elapsed 53.0m | done 975 | skipped 7100 | errors 0]
    -> tier=TIER_4_ENSEMBLE_SPLIT routing=HITL_REQUIRED reason=ensemble_split
  [124/138] 'Vitamin D' (Medication)  [elapsed 53.1m | done 976 | skipped 7100 | errors 0]
    -> tier=TIER_4_ENSEMBLE_SPLIT routing=HITL_REQUIRED reason=ensemble_split
  [125/138] 'OxycoDONE' (Medication)  [elapsed 53.2m | done 977 | skipped 7100 | errors 0]
    -> tier=TIER_1_AUTO_VALIDATED routing=AUTO_VALIDATED reason=ok
    [dry-run KG3 write OK] would write concept_id=1124957 (oxycodone)
  [126/138] 'oxycodone' (Medication)  [elapsed 53.2m | done 978 | skipped 7100 | errors 0]
    -> tier=TIER_1_AUTO_VALIDATED routing=AUTO_VALIDATED reason=ok
    [dry-run KG3 write OK] would write concept_id=1124957 (oxycodone)
  [127/138] 'NASH' (Condition)  [elapsed 53.3m | done 979 | skipped 7100 | errors 0]
    -> tier=TIER_4_ENSEMBLE_SPLIT routing=HITL_REQUIRED reason=short_alphanumeric_code_trap
  [128/138] 'cirrhosis' (Condition)  [elapsed 53.4m | done 980 | skipped 7100 | errors 0]
    -> tier=TIER_4_ENSEMBLE_SPLIT routing=HITL_REQUIRED reason=ensemble_split
  [129/138] 'ITP' (Condition)  [elapsed 53.6m | done 981 | skipped 7100 | errors 0]
    -> tier=TIER_5_TRUE_AMBIGUITY routing=HITL_REQUIRED reason=no_candidates
  [130/138] 'Mental Status' (Procedure)  [elapsed 53.6m | done 982 | skipped 7100 | errors 0]
    -> tier=TIER_3_AUTO_VALIDATED routing=AUTO_VALIDATED reason=ok
    [dry-run KG3 write OK] would write concept_id=4190990 (Neurological mental status determination)
  [131/138] 'Activity Status' (Symptom)  [elapsed 53.6m | done 983 | skipped 7100 | errors 0]
    -> tier=TIER_3_AUTO_VALIDATED routing=AUTO_VALIDATED reason=ok
    [dry-run KG3 write OK] would write concept_id=4030753 (Physical functional dependency)
  [132/138] 'TIPS' (Procedure)  [elapsed 53.6m | done 984 | skipped 7100 | errors 0]
    -> tier=TIER_4_ENSEMBLE_SPLIT routing=HITL_REQUIRED reason=short_alphanumeric_code_trap
  [133/138] 'procedure' (Procedure)  [elapsed 53.8m | done 985 | skipped 7100 | errors 0]
    -> tier=TIER_1_AUTO_VALIDATED routing=AUTO_VALIDATED reason=ok
    [dry-run KG3 write OK] would write concept_id=4322976 (Procedure)
  [134/138] 'furosemide' (Medication)  [elapsed 53.9m | done 986 | skipped 7100 | errors 0]
    -> tier=TIER_1_AUTO_VALIDATED routing=AUTO_VALIDATED reason=ok
    [dry-run KG3 write OK] would write concept_id=956874 (furosemide)
  [135/138] 'nadolol' (Medication)  [elapsed 54.0m | done 987 | skipped 7100 | errors 0]
    -> tier=TIER_1_AUTO_VALIDATED routing=AUTO_VALIDATED reason=ok
    [dry-run KG3 write OK] would write concept_id=1313200 (nadolol)
  [136/138] 'spironolactone' (Medication)  [elapsed 54.1m | done 988 | skipped 7100 | errors 0]
    -> tier=TIER_1_AUTO_VALIDATED routing=AUTO_VALIDATED reason=ok
    [dry-run KG3 write OK] would write concept_id=970250 (spironolactone)
  [137/138] 'liver' (Anatomy)  [elapsed 54.2m | done 989 | skipped 7100 | errors 0]
    -> tier=TIER_4_ENSEMBLE_SPLIT routing=HITL_REQUIRED reason=ensemble_split
  [138/138] 'MD' (Condition)  [elapsed 54.3m | done 990 | skipped 7100 | errors 0]
    -> tier=TIER_1_AUTO_VALIDATED routing=AUTO_VALIDATED reason=ok
    [dry-run KG3 write OK] would write concept_id=4247802 (Muscular dystrophy)
[note 60/108] 11524757-DS-4: 165 record(s), 165 remaining after resume-skip
  [1/165] 'hypertension\nNIDDM2' (Condition)  [elapsed 54.4m | done 991 | skipped 7100 | errors 0]
    -> tier=TIER_5_TRUE_AMBIGUITY routing=HITL_REQUIRED reason=no_candidates
  [2/165] 'metastatic \npancreatic cancer' (Condition)  [elapsed 54.4m | done 992 | skipped 7100 | errors 0]
    -> tier=TIER_4_ENSEMBLE_SPLIT routing=HITL_REQUIRED reason=ensemble_split
  [3/165] 'nausea and vomiting' (Symptom)  [elapsed 54.5m | done 993 | skipped 7100 | errors 0]
    -> tier=TIER_1_AUTO_VALIDATED routing=AUTO_VALIDATED reason=ok
    [dry-run KG3 write OK] would write concept_id=27674 (Nausea and vomiting)
  [4/165] 'night sweats and chills' (Symptom)  [elapsed 54.6m | done 994 | skipped 7100 | errors 0]
    -> tier=TIER_4_ENSEMBLE_SPLIT routing=HITL_REQUIRED reason=ensemble_split
  [5/165] 'abdominal pain' (Symptom)  [elapsed 54.9m | done 995 | skipped 7100 | errors 0]
    -> tier=TIER_1_AUTO_VALIDATED routing=AUTO_VALIDATED reason=ok
    [dry-run KG3 write OK] would write concept_id=200219 (Abdominal pain)
  [6/165] 'bloody stools' (Symptom)  [elapsed 55.0m | done 996 | skipped 7100 | errors 0]
    -> tier=TIER_4_ENSEMBLE_SPLIT routing=HITL_REQUIRED reason=ensemble_split
  [7/165] 'SOB' (Symptom)  [elapsed 55.3m | done 997 | skipped 7100 | errors 0]
    -> tier=TIER_4_ENSEMBLE_SPLIT routing=HITL_REQUIRED reason=short_alphanumeric_code_trap
  [8/165] 'chest \npain' (Symptom)  [elapsed 55.4m | done 998 | skipped 7100 | errors 0]
    -> tier=TIER_1_AUTO_VALIDATED routing=AUTO_VALIDATED reason=ok
    [dry-run KG3 write OK] would write concept_id=77670 (Chest pain)
  [9/165] 'nausea, vomiting and \ndiarrhea' (Condition)  [elapsed 55.5m | done 999 | skipped 7100 | errors 0]
    -> tier=TIER_1_AUTO_VALIDATED routing=AUTO_VALIDATED reason=ok
    [dry-run KG3 write OK] would write concept_id=4104544 (Nausea, vomiting and diarrhea)
  [10/165] 'IVF' (Procedure)  [elapsed 55.6m | done 1000 | skipped 7100 | errors 0]
    -> tier=TIER_5_TRUE_AMBIGUITY routing=HITL_REQUIRED reason=unresolved_acronym
  [11/165] 'Zofran' (Medication)  [elapsed 55.6m | done 1001 | skipped 7100 | errors 0]
    -> tier=TIER_3_AUTO_VALIDATED routing=AUTO_VALIDATED reason=ok
    [dry-run KG3 write OK] would write concept_id=1000560 (ondansetron)
  [12/165] 'morphine' (Medication)  [elapsed 55.6m | done 1002 | skipped 7100 | errors 0]
    -> tier=TIER_1_AUTO_VALIDATED routing=AUTO_VALIDATED reason=ok
    [dry-run KG3 write OK] would write concept_id=1110410 (morphine)
  [13/165] 'A/P' (Anatomy)  [elapsed 55.7m | done 1003 | skipped 7100 | errors 0]
    -> tier=TIER_4_ENSEMBLE_SPLIT routing=HITL_REQUIRED reason=ensemble_split
  [14/165] 'A/P' (Anatomy)  [elapsed 55.8m | done 1004 | skipped 7100 | errors 0]
    -> tier=TIER_4_ENSEMBLE_SPLIT routing=HITL_REQUIRED reason=ensemble_split
  [15/165] 'HTN' (Condition)  [elapsed 55.9m | done 1005 | skipped 7100 | errors 0]
    -> tier=TIER_4_ENSEMBLE_SPLIT routing=HITL_REQUIRED reason=short_alphanumeric_code_trap
  [16/165] 'gemcitabine' (Medication)  [elapsed 56.0m | done 1006 | skipped 7100 | errors 0]
    -> tier=TIER_1_AUTO_VALIDATED routing=AUTO_VALIDATED reason=ok
    [dry-run KG3 write OK] would write concept_id=1314924 (gemcitabine)
  [17/165] 'Abraxane' (Medication)  [elapsed 56.1m | done 1007 | skipped 7100 | errors 0]
    -> tier=TIER_4_ENSEMBLE_SPLIT routing=HITL_REQUIRED reason=ensemble_split
  [18/165] 'metatastatic liver lesions' (Condition)  [elapsed 56.5m | done 1008 | skipped 7100 | errors 0]
    -> tier=TIER_5_TRUE_AMBIGUITY routing=HITL_REQUIRED reason=no_candidates
  [19/165] 'metastatic liver lesions' (Condition)  [elapsed 56.5m | done 1009 | skipped 7100 | errors 0]
    -> tier=TIER_4_ENSEMBLE_SPLIT routing=HITL_REQUIRED reason=ensemble_split
  [20/165] 'Physical Exam' (Procedure)  [elapsed 56.9m | done 1010 | skipped 7100 | errors 0]
    -> tier=TIER_3_AUTO_VALIDATED routing=AUTO_VALIDATED reason=ok
    [dry-run KG3 write OK] would write concept_id=4240345 (Physical examination)
  [21/165] 'RA' (Symptom)  [elapsed 56.9m | done 1011 | skipped 7100 | errors 0]
    -> tier=TIER_3_AUTO_VALIDATED routing=AUTO_VALIDATED reason=ok
    [dry-run KG3 write OK] would write concept_id=36716647 (Breathing room air)
  [22/165] 'Vitals' (Symptom)  [elapsed 56.9m | done 1012 | skipped 7100 | errors 0]
    -> tier=TIER_3_AUTO_VALIDATED routing=AUTO_VALIDATED reason=ok
    [dry-run KG3 write OK] would write concept_id=4042138 (Vital signs finding)
  [23/165] 'Temp' (Symptom)  [elapsed 56.9m | done 1013 | skipped 7100 | errors 0]
    -> tier=TIER_3_AUTO_VALIDATED routing=AUTO_VALIDATED reason=ok
    [dry-run KG3 write OK] would write concept_id=4022230 (Body temperature finding)
  [24/165] 'BP' (Symptom)  [elapsed 56.9m | done 1014 | skipped 7100 | errors 0]
    -> tier=TIER_3_AUTO_VALIDATED routing=AUTO_VALIDATED reason=ok
    [dry-run KG3 write OK] would write concept_id=4214962 (Blood pressure finding)
  [25/165] 'HR' (Symptom)  [elapsed 56.9m | done 1015 | skipped 7100 | errors 0]
    -> tier=TIER_3_AUTO_VALIDATED routing=AUTO_VALIDATED reason=ok
    [dry-run KG3 write OK] would write concept_id=4103189 (Finding of heart rate)
  [26/165] 'RR' (Symptom)  [elapsed 57.0m | done 1016 | skipped 7100 | errors 0]
    -> tier=TIER_3_AUTO_VALIDATED routing=AUTO_VALIDATED reason=ok
    [dry-run KG3 write OK] would write concept_id=4117286 (Finding of respiratory rate)
  [27/165] 'General' (Procedure)  [elapsed 57.0m | done 1017 | skipped 7100 | errors 0]
    -> tier=TIER_3_AUTO_VALIDATED routing=AUTO_VALIDATED reason=ok
    [dry-run KG3 write OK] would write concept_id=4036803 (General examination of patient)
  [28/165] 'NAD' (Symptom)  [elapsed 57.0m | done 1018 | skipped 7100 | errors 0]
    -> tier=TIER_3_AUTO_VALIDATED routing=AUTO_VALIDATED reason=ok
    [dry-run KG3 write OK] would write concept_id=4085245 (No abnormality detected)
  [29/165] 'HEENT' (Procedure)  [elapsed 57.0m | done 1019 | skipped 7100 | errors 0]
    -> tier=TIER_3_AUTO_VALIDATED routing=AUTO_VALIDATED reason=ok
    [dry-run KG3 write OK] would write concept_id=4240345 (Physical examination)
  [30/165] 'Oropharynx' (Anatomy)  [elapsed 57.0m | done 1020 | skipped 7100 | errors 0]
    -> tier=TIER_4_ENSEMBLE_SPLIT routing=HITL_REQUIRED reason=ensemble_split
  [31/165] 'Neck' (Procedure)  [elapsed 57.1m | done 1021 | skipped 7100 | errors 0]
    -> tier=TIER_3_AUTO_VALIDATED routing=AUTO_VALIDATED reason=ok
    [dry-run KG3 write OK] would write concept_id=4240345 (Physical examination)
  [32/165] 'Lungs' (Procedure)  [elapsed 57.1m | done 1022 | skipped 7100 | errors 0]
    -> tier=TIER_3_AUTO_VALIDATED routing=AUTO_VALIDATED reason=ok
    [dry-run KG3 write OK] would write concept_id=4149530 (Examination of respiratory system)
  [33/165] 'Cardiovascular' (Procedure)  [elapsed 57.1m | done 1023 | skipped 7100 | errors 0]
    -> tier=TIER_3_AUTO_VALIDATED routing=AUTO_VALIDATED reason=ok
    [dry-run KG3 write OK] would write concept_id=4178669 (Cardiovascular physical examination)
  [34/165] 'S1' (Anatomy)  [elapsed 57.1m | done 1024 | skipped 7100 | errors 0]
    -> tier=TIER_4_ENSEMBLE_SPLIT routing=HITL_REQUIRED reason=short_alphanumeric_code_trap
  [35/165] 'S2' (Anatomy)  [elapsed 57.2m | done 1025 | skipped 7100 | errors 0]
    -> tier=TIER_4_ENSEMBLE_SPLIT routing=HITL_REQUIRED reason=short_alphanumeric_code_trap
  [36/165] 'Abdomen' (Procedure)  [elapsed 57.3m | done 1026 | skipped 7100 | errors 0]
    -> tier=TIER_3_AUTO_VALIDATED routing=AUTO_VALIDATED reason=ok
    [dry-run KG3 write OK] would write concept_id=4075966 (Examination of abdomen)
  [37/165] 'soft' (Symptom)  [elapsed 57.4m | done 1027 | skipped 7100 | errors 0]
    -> tier=TIER_3_AUTO_VALIDATED routing=AUTO_VALIDATED reason=ok
    [dry-run KG3 write OK] would write concept_id=4096862 (Abdomen soft)
  [38/165] 'suprapubic' (Symptom)  [elapsed 57.4m | done 1028 | skipped 7100 | errors 0]
    -> tier=TIER_4_ENSEMBLE_SPLIT routing=HITL_REQUIRED reason=ensemble_split
  [39/165] 'tenderness' (Condition)  [elapsed 57.5m | done 1029 | skipped 7100 | errors 0]
    -> tier=TIER_4_ENSEMBLE_SPLIT routing=HITL_REQUIRED reason=ensemble_split
  [40/165] 'CVA tenderness' (Symptom)  [elapsed 57.6m | done 1030 | skipped 7100 | errors 0]
    -> tier=TIER_5_TRUE_AMBIGUITY routing=HITL_REQUIRED reason=unresolved_acronym
  [41/165] 'Extremities' (Procedure)  [elapsed 57.6m | done 1031 | skipped 7100 | errors 0]
    -> tier=TIER_3_AUTO_VALIDATED routing=AUTO_VALIDATED reason=ok
    [dry-run KG3 write OK] would write concept_id=4121315 (Examination of limb)
  [42/165] 'edema' (Condition)  [elapsed 57.6m | done 1032 | skipped 7100 | errors 0]
    -> tier=TIER_3_AUTO_VALIDATED routing=AUTO_VALIDATED reason=ok
    [dry-run KG3 write OK] would write concept_id=433595 (Edema)
  [43/165] 'Cranial nerves II through XII' (Anatomy)  [elapsed 57.6m | done 1033 | skipped 7100 | errors 0]
    -> tier=TIER_4_ENSEMBLE_SPLIT routing=HITL_REQUIRED reason=ensemble_split
  [44/165] 'WBC-7' (Lab Test)  [elapsed 57.9m | done 1034 | skipped 7100 | errors 0]
    -> tier=TIER_3_AUTO_VALIDATED routing=AUTO_VALIDATED reason=ok
    [dry-run KG3 write OK] would write concept_id=4298431 (White blood cell count)
  [45/165] 'MCV-99' (Lab Test)  [elapsed 57.9m | done 1035 | skipped 7100 | errors 0]
    -> tier=TIER_3_AUTO_VALIDATED routing=AUTO_VALIDATED reason=ok
    [dry-run KG3 write OK] would write concept_id=4016239 (Erythrocyte mean corpuscular volume determination)
  [46/165] 'Glucose-195' (Lab Test)  [elapsed 57.9m | done 1036 | skipped 7100 | errors 0]
    -> tier=TIER_4_ENSEMBLE_SPLIT routing=HITL_REQUIRED reason=ensemble_split
  [47/165] 'ALT-37' (Lab Test)  [elapsed 58.0m | done 1037 | skipped 7100 | errors 0]
    -> tier=TIER_3_AUTO_VALIDATED routing=AUTO_VALIDATED reason=ok
    [dry-run KG3 write OK] would write concept_id=44810789 (Alanine transaminase activity measurement)
  [48/165] 'AST-26' (Lab Test)  [elapsed 58.1m | done 1038 | skipped 7100 | errors 0]
    -> tier=TIER_3_AUTO_VALIDATED routing=AUTO_VALIDATED reason=ok
    [dry-run KG3 write OK] would write concept_id=4263457 (Aspartate aminotransferase measurement)
  [49/165] 'AlkPhos-859' (Lab Test)  [elapsed 58.1m | done 1039 | skipped 7100 | errors 0]
    -> tier=TIER_5_TRUE_AMBIGUITY routing=HITL_REQUIRED reason=no_candidates
  [50/165] 'Albumin-3.5' (Lab Test)  [elapsed 58.1m | done 1040 | skipped 7100 | errors 0]
    -> tier=TIER_1_AUTO_VALIDATED routing=AUTO_VALIDATED reason=ok
    [dry-run KG3 write OK] would write concept_id=4097664 (Albumin measurement)
  [51/165] 'AnGap-13' (Lab Test)  [elapsed 58.2m | done 1041 | skipped 7100 | errors 0]
    -> tier=TIER_5_TRUE_AMBIGUITY routing=HITL_REQUIRED reason=no_candidates
  [52/165] 'Legionella Urinary Antigen' (Lab Test)  [elapsed 58.2m | done 1042 | skipped 7100 | errors 0]
    -> tier=TIER_4_ENSEMBLE_SPLIT routing=HITL_REQUIRED reason=ensemble_split
  [53/165] 'C. difficile PCR' (Lab Test)  [elapsed 58.5m | done 1043 | skipped 7100 | errors 0]
    -> tier=TIER_5_TRUE_AMBIGUITY routing=HITL_REQUIRED reason=unresolved_acronym
  [54/165] 'FECAL CULTURE' (Lab Test)  [elapsed 58.5m | done 1044 | skipped 7100 | errors 0]
    -> tier=TIER_1_AUTO_VALIDATED routing=AUTO_VALIDATED reason=ok
    [dry-run KG3 write OK] would write concept_id=4024963 (Stool culture)
  [55/165] 'CAMPYLOBACTER CULTURE' (Lab Test)  [elapsed 58.6m | done 1045 | skipped 7100 | errors 0]
    -> tier=TIER_1_AUTO_VALIDATED routing=AUTO_VALIDATED reason=ok
    [dry-run KG3 write OK] would write concept_id=4045656 (Campylobacter culture)
  [56/165] 'Cefazolin' (Medication)  [elapsed 58.7m | done 1046 | skipped 7100 | errors 0]
    -> tier=TIER_1_AUTO_VALIDATED routing=AUTO_VALIDATED reason=ok
    [dry-run KG3 write OK] would write concept_id=1771162 (cefazolin)
  [57/165] 'AMPICILLIN' (Medication)  [elapsed 58.8m | done 1047 | skipped 7100 | errors 0]
    -> tier=TIER_1_AUTO_VALIDATED routing=AUTO_VALIDATED reason=ok
    [dry-run KG3 write OK] would write concept_id=1717327 (ampicillin)
  [58/165] 'CEFAZOLIN' (Medication)  [elapsed 58.9m | done 1048 | skipped 7100 | errors 0]
    -> tier=TIER_1_AUTO_VALIDATED routing=AUTO_VALIDATED reason=ok
    [dry-run KG3 write OK] would write concept_id=1771162 (cefazolin)
  [59/165] 'CIPROFLOXACIN' (Medication)  [elapsed 59.0m | done 1049 | skipped 7100 | errors 0]
    -> tier=TIER_1_AUTO_VALIDATED routing=AUTO_VALIDATED reason=ok
    [dry-run KG3 write OK] would write concept_id=1797513 (ciprofloxacin)
  [60/165] 'GENTAMICIN' (Medication)  [elapsed 59.1m | done 1050 | skipped 7100 | errors 0]
    -> tier=TIER_1_AUTO_VALIDATED routing=AUTO_VALIDATED reason=ok
    [dry-run KG3 write OK] would write concept_id=45892419 (gentamicin)
  [61/165] 'MEROPENEM' (Medication)  [elapsed 59.2m | done 1051 | skipped 7100 | errors 0]
    -> tier=TIER_1_AUTO_VALIDATED routing=AUTO_VALIDATED reason=ok
    [dry-run KG3 write OK] would write concept_id=1709170 (meropenem)
  [62/165] 'NITROFURANTOIN' (Medication)  [elapsed 59.3m | done 1052 | skipped 7100 | errors 0]
    -> tier=TIER_1_AUTO_VALIDATED routing=AUTO_VALIDATED reason=ok
    [dry-run KG3 write OK] would write concept_id=920293 (nitrofurantoin)
  [63/165] 'PIPERACILLIN' (Medication)  [elapsed 59.4m | done 1053 | skipped 7100 | errors 0]
    -> tier=TIER_1_AUTO_VALIDATED routing=AUTO_VALIDATED reason=ok
    [dry-run KG3 write OK] would write concept_id=1746114 (piperacillin)
  [64/165] 'TAZO' (Medication)  [elapsed 59.5m | done 1054 | skipped 7100 | errors 0]
    -> tier=TIER_4_ENSEMBLE_SPLIT routing=HITL_REQUIRED reason=short_alphanumeric_code_trap
  [65/165] 'TOBRAMYCIN' (Medication)  [elapsed 59.8m | done 1055 | skipped 7100 | errors 0]
    -> tier=TIER_1_AUTO_VALIDATED routing=AUTO_VALIDATED reason=ok
    [dry-run KG3 write OK] would write concept_id=902722 (tobramycin)
  [66/165] 'TRIMETHOPRIM' (Medication)  [elapsed 59.9m | done 1056 | skipped 7100 | errors 0]
    -> tier=TIER_1_AUTO_VALIDATED routing=AUTO_VALIDATED reason=ok
    [dry-run KG3 write OK] would write concept_id=1705674 (trimethoprim)
  [67/165] 'mild proctitis' (Condition)  [elapsed 60.0m | done 1057 | skipped 7100 | errors 0]
    -> tier=TIER_1_AUTO_VALIDATED routing=AUTO_VALIDATED reason=ok
    [dry-run KG3 write OK] would write concept_id=4215578 (Proctitis)
  [68/165] 'right hepatic lobe' (Anatomy)  [elapsed 60.2m | done 1058 | skipped 7100 | errors 0]
    -> tier=TIER_1_AUTO_VALIDATED routing=AUTO_VALIDATED reason=ok
    [dry-run KG3 write OK] would write concept_id=4168794 (Structure of right lobe of liver)
  [69/165] 'segment VI and VII' (Anatomy)  [elapsed 60.3m | done 1059 | skipped 7100 | errors 0]
    -> tier=TIER_4_ENSEMBLE_SPLIT routing=HITL_REQUIRED reason=ensemble_split
  [70/165] 'satellite' (Qualifier)  [elapsed 60.5m | done 1060 | skipped 7100 | errors 0]
    -> tier=TIER_5_TRUE_AMBIGUITY routing=HITL_REQUIRED reason=standalone_qualifier_span
  [71/165] 'metastases' (Condition)  [elapsed 60.5m | done 1061 | skipped 7100 | errors 0]
    -> tier=TIER_4_ENSEMBLE_SPLIT routing=HITL_REQUIRED reason=ensemble_split
  [72/165] 'right hepatic vein' (Anatomy)  [elapsed 60.6m | done 1062 | skipped 7100 | errors 0]
    -> tier=TIER_4_ENSEMBLE_SPLIT routing=HITL_REQUIRED reason=ensemble_split
  [73/165] 'right \nbranch of the portal vein' (Anatomy)  [elapsed 60.7m | done 1063 | skipped 7100 | errors 0]
    -> tier=TIER_4_ENSEMBLE_SPLIT routing=HITL_REQUIRED reason=ensemble_split
  [74/165] 'Subacute' (Qualifier)  [elapsed 60.8m | done 1064 | skipped 7100 | errors 0]
    -> tier=TIER_5_TRUE_AMBIGUITY routing=HITL_REQUIRED reason=standalone_qualifier_span
  [75/165] 'healing' (Symptom)  [elapsed 60.9m | done 1065 | skipped 7100 | errors 0]
    -> tier=TIER_4_ENSEMBLE_SPLIT routing=HITL_REQUIRED reason=ensemble_split
  [76/165] 'pathologic fracture' (Symptom)  [elapsed 60.9m | done 1066 | skipped 7100 | errors 0]
    -> tier=TIER_1_AUTO_VALIDATED routing=AUTO_VALIDATED reason=ok
    [dry-run KG3 write OK] would write concept_id=4331181 (Pathologic fracture)
  [77/165] 'left lateral' (Qualifier)  [elapsed 61.0m | done 1067 | skipped 7100 | errors 0]
    -> tier=TIER_5_TRUE_AMBIGUITY routing=HITL_REQUIRED reason=standalone_qualifier_span
  [78/165] 'tenth rib' (Anatomy)  [elapsed 61.1m | done 1068 | skipped 7100 | errors 0]
    -> tier=TIER_4_ENSEMBLE_SPLIT routing=HITL_REQUIRED reason=ensemble_split
  [79/165] 'L3-L5 \nvertebrae' (Anatomy)  [elapsed 61.1m | done 1069 | skipped 7100 | errors 0]
    -> tier=TIER_4_ENSEMBLE_SPLIT routing=HITL_REQUIRED reason=ensemble_split
  [80/165] 'hypertension NIDDM2' (Condition)  [elapsed 61.3m | done 1070 | skipped 7100 | errors 0]
    -> tier=TIER_5_TRUE_AMBIGUITY routing=HITL_REQUIRED reason=no_candidates
  [81/165] 'HLD' (Condition)  [elapsed 61.3m | done 1071 | skipped 7100 | errors 0]
    -> tier=TIER_5_TRUE_AMBIGUITY routing=HITL_REQUIRED reason=no_candidates
  [82/165] 'hearing loss' (Condition)  [elapsed 61.3m | done 1072 | skipped 7100 | errors 0]
    -> tier=TIER_1_AUTO_VALIDATED routing=AUTO_VALIDATED reason=ok
    [dry-run KG3 write OK] would write concept_id=377889 (Hearing loss)
  [83/165] 'metastatic pancreatic \ncancer' (Condition)  [elapsed 61.4m | done 1073 | skipped 7100 | errors 0]
    -> tier=TIER_4_ENSEMBLE_SPLIT routing=HITL_REQUIRED reason=ensemble_split
  [84/165] 'Whipple' (Procedure)  [elapsed 61.5m | done 1074 | skipped 7100 | errors 0]
    -> tier=TIER_4_ENSEMBLE_SPLIT routing=HITL_REQUIRED reason=ensemble_split
  [85/165] 'nausea and\nvomiting' (Symptom)  [elapsed 61.7m | done 1075 | skipped 7100 | errors 0]
    -> tier=TIER_1_AUTO_VALIDATED routing=AUTO_VALIDATED reason=ok
    [dry-run KG3 write OK] would write concept_id=27674 (Nausea and vomiting)
  [86/165] 'urinary tract \ninfection' (Condition)  [elapsed 61.8m | done 1076 | skipped 7100 | errors 0]
    -> tier=TIER_1_AUTO_VALIDATED routing=AUTO_VALIDATED reason=ok
    [dry-run KG3 write OK] would write concept_id=81902 (Urinary tract infectious disease)
  [87/165] 'fevers' (Symptom)  [elapsed 61.9m | done 1077 | skipped 7100 | errors 0]
    -> tier=TIER_4_ENSEMBLE_SPLIT routing=HITL_REQUIRED reason=ensemble_split
  [88/165] 'UA' (Procedure)  [elapsed 62.4m | done 1078 | skipped 7100 | errors 0]
    -> tier=TIER_4_ENSEMBLE_SPLIT routing=HITL_REQUIRED reason=ensemble_split
  [89/165] 'urine \nculture' (Procedure)  [elapsed 62.6m | done 1079 | skipped 7100 | errors 0]
    -> tier=TIER_1_AUTO_VALIDATED routing=AUTO_VALIDATED reason=ok
    [dry-run KG3 write OK] would write concept_id=4024509 (Urine culture)
  [90/165] 'UA' (Lab Test)  [elapsed 62.7m | done 1080 | skipped 7100 | errors 0]
    -> tier=TIER_1_AUTO_VALIDATED routing=AUTO_VALIDATED reason=ok
    [dry-run KG3 write OK] would write concept_id=4099313 (Urinalysis)
  [91/165] 'Zosyn' (Medication)  [elapsed 62.8m | done 1081 | skipped 7100 | errors 0]
    -> tier=TIER_4_ENSEMBLE_SPLIT routing=HITL_REQUIRED reason=ensemble_split
  [92/165] 'nausea and \nvomiting' (Symptom)  [elapsed 63.2m | done 1082 | skipped 7100 | errors 0]
    -> tier=TIER_1_AUTO_VALIDATED routing=AUTO_VALIDATED reason=ok
    [dry-run KG3 write OK] would write concept_id=27674 (Nausea and vomiting)
  [93/165] 'onivyde' (Medication)  [elapsed 63.3m | done 1083 | skipped 7100 | errors 0]
    -> tier=TIER_5_TRUE_AMBIGUITY routing=HITL_REQUIRED reason=below_similarity_floor
  [94/165] 'chills and sweats' (Symptom)  [elapsed 63.3m | done 1084 | skipped 7100 | errors 0]
    -> tier=TIER_1_AUTO_VALIDATED routing=AUTO_VALIDATED reason=ok
    [dry-run KG3 write OK] would write concept_id=434490 (Chill)
  [95/165] 'GNR \nbacteremia' (Condition)  [elapsed 63.4m | done 1085 | skipped 7100 | errors 0]
    -> tier=TIER_4_ENSEMBLE_SPLIT routing=HITL_REQUIRED reason=ensemble_split
  [96/165] 'meropenem' (Medication)  [elapsed 63.7m | done 1086 | skipped 7100 | errors 0]
    -> tier=TIER_1_AUTO_VALIDATED routing=AUTO_VALIDATED reason=ok
    [dry-run KG3 write OK] would write concept_id=1709170 (meropenem)
  [97/165] 'ertapenem' (Medication)  [elapsed 63.8m | done 1087 | skipped 7100 | errors 0]
    -> tier=TIER_1_AUTO_VALIDATED routing=AUTO_VALIDATED reason=ok
    [dry-run KG3 write OK] would write concept_id=1717963 (ertapenem)
  [98/165] 'C. \nDiff' (Lab Test)  [elapsed 63.9m | done 1088 | skipped 7100 | errors 0]
    -> tier=TIER_5_TRUE_AMBIGUITY routing=HITL_REQUIRED reason=no_candidates
  [99/165] 'Legionella' (Lab Test)  [elapsed 63.9m | done 1089 | skipped 7100 | errors 0]
    -> tier=TIER_4_ENSEMBLE_SPLIT routing=HITL_REQUIRED reason=ensemble_split
  [100/165] 'Nausea and vomiting' (Symptom)  [elapsed 64.0m | done 1090 | skipped 7100 | errors 0]
    -> tier=TIER_1_AUTO_VALIDATED routing=AUTO_VALIDATED reason=ok
    [dry-run KG3 write OK] would write concept_id=27674 (Nausea and vomiting)
  [101/165] 'Proctitis' (Condition)  [elapsed 64.1m | done 1091 | skipped 7100 | errors 0]
    -> tier=TIER_1_AUTO_VALIDATED routing=AUTO_VALIDATED reason=ok
    [dry-run KG3 write OK] would write concept_id=4215578 (Proctitis)
  [102/165] 'CT' (Procedure)  [elapsed 64.2m | done 1092 | skipped 7100 | errors 0]
    -> tier=TIER_1_AUTO_VALIDATED routing=AUTO_VALIDATED reason=ok
    [dry-run KG3 write OK] would write concept_id=4300757 (Computed tomography)
  [103/165] 'anal fissures/fistulas' (Condition)  [elapsed 64.3m | done 1093 | skipped 7100 | errors 0]
    -> tier=TIER_4_ENSEMBLE_SPLIT routing=HITL_REQUIRED reason=ensemble_split
  [104/165] 'C. \nDiff' (Condition)  [elapsed 64.4m | done 1094 | skipped 7100 | errors 0]
    -> tier=TIER_4_ENSEMBLE_SPLIT routing=HITL_REQUIRED reason=ensemble_split
  [105/165] 'diverticulitis' (Condition)  [elapsed 64.5m | done 1095 | skipped 7100 | errors 0]
    -> tier=TIER_4_ENSEMBLE_SPLIT routing=HITL_REQUIRED reason=ensemble_split
  [106/165] 'infectious' (Condition)  [elapsed 64.7m | done 1096 | skipped 7100 | errors 0]
    -> tier=TIER_4_ENSEMBLE_SPLIT routing=HITL_REQUIRED reason=ensemble_split
  [107/165] 'IBD' (Condition)  [elapsed 64.9m | done 1097 | skipped 7100 | errors 0]
    -> tier=TIER_5_TRUE_AMBIGUITY routing=HITL_REQUIRED reason=unresolved_acronym
  [108/165] 'traumatic' (Condition)  [elapsed 64.9m | done 1098 | skipped 7100 | errors 0]
    -> tier=TIER_4_ENSEMBLE_SPLIT routing=HITL_REQUIRED reason=ensemble_split
  [109/165] 'severe diarrhea' (Condition)  [elapsed 65.0m | done 1099 | skipped 7100 | errors 0]
    -> tier=TIER_4_ENSEMBLE_SPLIT routing=HITL_REQUIRED reason=ensemble_split
  [110/165] 'Hyponatremia' (Condition)  [elapsed 65.1m | done 1100 | skipped 7100 | errors 0]
    -> tier=TIER_1_AUTO_VALIDATED routing=AUTO_VALIDATED reason=ok
    [dry-run KG3 write OK] would write concept_id=4232311 (Hyponatremia)
  [111/165] 'poor PO intake' (Condition)  [elapsed 65.2m | done 1101 | skipped 7100 | errors 0]
    -> tier=TIER_4_ENSEMBLE_SPLIT routing=HITL_REQUIRED reason=ensemble_split
  [112/165] 'Na' (Lab Test)  [elapsed 65.5m | done 1102 | skipped 7100 | errors 0]
    -> tier=TIER_3_AUTO_VALIDATED routing=AUTO_VALIDATED reason=ok
    [dry-run KG3 write OK] would write concept_id=4097430 (Sodium measurement)
  [113/165] 'Metastatic pancreatic cancer' (Condition)  [elapsed 65.5m | done 1103 | skipped 7100 | errors 0]
    -> tier=TIER_4_ENSEMBLE_SPLIT routing=HITL_REQUIRED reason=ensemble_split
  [114/165] 'palliative' (Qualifier)  [elapsed 65.7m | done 1104 | skipped 7100 | errors 0]
    -> tier=TIER_5_TRUE_AMBIGUITY routing=HITL_REQUIRED reason=standalone_qualifier_span
  [115/165] 'chemotherapy' (Procedure)  [elapsed 65.7m | done 1105 | skipped 7100 | errors 0]
    -> tier=TIER_4_ENSEMBLE_SPLIT routing=HITL_REQUIRED reason=ensemble_split
  [116/165] 'GOC' (Procedure)  [elapsed 65.8m | done 1106 | skipped 7100 | errors 0]
    -> tier=TIER_5_TRUE_AMBIGUITY routing=HITL_REQUIRED reason=no_candidates
  [117/165] 'Anemia' (Condition)  [elapsed 65.8m | done 1107 | skipped 7100 | errors 0]
    -> tier=TIER_1_AUTO_VALIDATED routing=AUTO_VALIDATED reason=ok
    [dry-run KG3 write OK] would write concept_id=439777 (Anemia)
  [118/165] 'stable angina' (Condition)  [elapsed 65.9m | done 1108 | skipped 7100 | errors 0]
    -> tier=TIER_1_AUTO_VALIDATED routing=AUTO_VALIDATED reason=ok
    [dry-run KG3 write OK] would write concept_id=4119942 (Stable angina)
  [119/165] 'EKG' (Procedure)  [elapsed 66.0m | done 1109 | skipped 7100 | errors 0]
    -> tier=TIER_4_ENSEMBLE_SPLIT routing=HITL_REQUIRED reason=short_alphanumeric_code_trap
  [120/165] 'Troponins' (Lab Test)  [elapsed 66.1m | done 1110 | skipped 7100 | errors 0]
    -> tier=TIER_1_AUTO_VALIDATED routing=AUTO_VALIDATED reason=ok
    [dry-run KG3 write OK] would write concept_id=4021291 (Troponin measurement)
  [121/165] 'Hypertension' (Condition)  [elapsed 66.2m | done 1111 | skipped 7100 | errors 0]
    -> tier=TIER_1_AUTO_VALIDATED routing=AUTO_VALIDATED reason=ok
    [dry-run KG3 write OK] would write concept_id=316866 (Hypertensive disorder)
  [122/165] 'Diabetes' (Condition)  [elapsed 66.3m | done 1112 | skipped 7100 | errors 0]
    -> tier=TIER_1_AUTO_VALIDATED routing=AUTO_VALIDATED reason=ok
    [dry-run KG3 write OK] would write concept_id=201820 (Diabetes mellitus)
  [123/165] 'insulin' (Medication)  [elapsed 66.4m | done 1113 | skipped 7100 | errors 0]
    -> tier=TIER_4_ENSEMBLE_SPLIT routing=HITL_REQUIRED reason=ensemble_split
  [124/165] 'UTI' (Condition)  [elapsed 66.7m | done 1114 | skipped 7100 | errors 0]
    -> tier=TIER_4_ENSEMBLE_SPLIT routing=HITL_REQUIRED reason=short_alphanumeric_code_trap
  [125/165] 'Bactrim SS' (Medication)  [elapsed 66.8m | done 1115 | skipped 7100 | errors 0]
    -> tier=TIER_5_TRUE_AMBIGUITY routing=HITL_REQUIRED reason=no_candidates
  [126/165] 'Nausea, vomiting and diarrhea' (Condition)  [elapsed 66.8m | done 1116 | skipped 7100 | errors 0]
    -> tier=TIER_1_AUTO_VALIDATED routing=AUTO_VALIDATED reason=ok
    [dry-run KG3 write OK] would write concept_id=4104544 (Nausea, vomiting and diarrhea)
  [127/165] 'amlodipine' (Medication)  [elapsed 66.9m | done 1117 | skipped 7100 | errors 0]
    -> tier=TIER_1_AUTO_VALIDATED routing=AUTO_VALIDATED reason=ok
    [dry-run KG3 write OK] would write concept_id=1332418 (amlodipine)
  [128/165] 'lisinopril' (Medication)  [elapsed 67.0m | done 1118 | skipped 7100 | errors 0]
    -> tier=TIER_1_AUTO_VALIDATED routing=AUTO_VALIDATED reason=ok
    [dry-run KG3 write OK] would write concept_id=1308216 (lisinopril)
  [129/165] 'metoprolol' (Medication)  [elapsed 67.1m | done 1119 | skipped 7100 | errors 0]
    -> tier=TIER_1_AUTO_VALIDATED routing=AUTO_VALIDATED reason=ok
    [dry-run KG3 write OK] would write concept_id=1307046 (metoprolol)
  [130/165] 'albumin' (Lab Test)  [elapsed 67.3m | done 1120 | skipped 7100 | errors 0]
    -> tier=TIER_4_ENSEMBLE_SPLIT routing=HITL_REQUIRED reason=ensemble_split
  [131/165] 'Sulfameth/Trimethoprim DS' (Medication)  [elapsed 67.3m | done 1121 | skipped 7100 | errors 0]
    -> tier=TIER_5_TRUE_AMBIGUITY routing=HITL_REQUIRED reason=no_candidates
  [132/165] 'Sulfameth/Trimethoprim SS' (Medication)  [elapsed 67.4m | done 1122 | skipped 7100 | errors 0]
    -> tier=TIER_5_TRUE_AMBIGUITY routing=HITL_REQUIRED reason=no_candidates
  [133/165] 'Bactrim DS' (Medication)  [elapsed 67.4m | done 1123 | skipped 7100 | errors 0]
    -> tier=TIER_5_TRUE_AMBIGUITY routing=HITL_REQUIRED reason=below_similarity_floor
  [134/165] 'amLODIPine' (Medication)  [elapsed 67.4m | done 1124 | skipped 7100 | errors 0]
    -> tier=TIER_1_AUTO_VALIDATED routing=AUTO_VALIDATED reason=ok
    [dry-run KG3 write OK] would write concept_id=1332418 (amlodipine)
  [135/165] 'Aspirin' (Medication)  [elapsed 67.5m | done 1125 | skipped 7100 | errors 0]
    -> tier=TIER_4_ENSEMBLE_SPLIT routing=HITL_REQUIRED reason=ensemble_split
  [136/165] 'Atorvastatin' (Medication)  [elapsed 67.6m | done 1126 | skipped 7100 | errors 0]
    -> tier=TIER_1_AUTO_VALIDATED routing=AUTO_VALIDATED reason=ok
    [dry-run KG3 write OK] would write concept_id=1545958 (atorvastatin)
  [137/165] 'Creon' (Medication)  [elapsed 67.7m | done 1127 | skipped 7100 | errors 0]
    -> tier=TIER_4_ENSEMBLE_SPLIT routing=HITL_REQUIRED reason=ensemble_split
  [138/165] 'Finasteride' (Medication)  [elapsed 68.2m | done 1128 | skipped 7100 | errors 0]
    -> tier=TIER_1_AUTO_VALIDATED routing=AUTO_VALIDATED reason=ok
    [dry-run KG3 write OK] would write concept_id=996416 (finasteride)
  [139/165] 'Isosorbide Mononitrate' (Medication)  [elapsed 68.3m | done 1129 | skipped 7100 | errors 0]
    -> tier=TIER_2_AUTO_RESOLVED routing=HITL_REQUIRED reason=tier2_auto_resolved_pending_revalidation
  [140/165] 'Lisinopril' (Medication)  [elapsed 68.6m | done 1130 | skipped 7100 | errors 0]
    -> tier=TIER_1_AUTO_VALIDATED routing=AUTO_VALIDATED reason=ok
    [dry-run KG3 write OK] would write concept_id=1308216 (lisinopril)
  [141/165] 'LOPERamide' (Medication)  [elapsed 68.7m | done 1131 | skipped 7100 | errors 0]
    -> tier=TIER_1_AUTO_VALIDATED routing=AUTO_VALIDATED reason=ok
    [dry-run KG3 write OK] would write concept_id=991876 (loperamide)
  [142/165] 'loperamide' (Medication)  [elapsed 68.8m | done 1132 | skipped 7100 | errors 0]
    -> tier=TIER_1_AUTO_VALIDATED routing=AUTO_VALIDATED reason=ok
    [dry-run KG3 write OK] would write concept_id=991876 (loperamide)
  [143/165] 'MetFORMIN' (Medication)  [elapsed 68.9m | done 1133 | skipped 7100 | errors 0]
    -> tier=TIER_1_AUTO_VALIDATED routing=AUTO_VALIDATED reason=ok
    [dry-run KG3 write OK] would write concept_id=1503297 (metformin)
  [144/165] 'Glucophage' (Medication)  [elapsed 69.0m | done 1134 | skipped 7100 | errors 0]
    -> tier=TIER_3_AUTO_VALIDATED routing=AUTO_VALIDATED reason=ok
    [dry-run KG3 write OK] would write concept_id=1503297 (metformin)
  [145/165] 'Nitroglycerin SL' (Medication)  [elapsed 69.0m | done 1135 | skipped 7100 | errors 0]
    -> tier=TIER_5_TRUE_AMBIGUITY routing=HITL_REQUIRED reason=unresolved_acronym
  [146/165] 'chest pain' (Symptom)  [elapsed 69.0m | done 1136 | skipped 7100 | errors 0]
    -> tier=TIER_1_AUTO_VALIDATED routing=AUTO_VALIDATED reason=ok
    [dry-run KG3 write OK] would write concept_id=77670 (Chest pain)
  [147/165] 'Polyethylene Glycol' (Medication)  [elapsed 69.1m | done 1137 | skipped 7100 | errors 0]
    -> tier=TIER_1_AUTO_VALIDATED routing=AUTO_VALIDATED reason=ok
    [dry-run KG3 write OK] would write concept_id=948515 (polyethylene glycols)
  [148/165] 'Senna' (Medication)  [elapsed 69.2m | done 1138 | skipped 7100 | errors 0]
    -> tier=TIER_4_ENSEMBLE_SPLIT routing=HITL_REQUIRED reason=ensemble_split
  [149/165] 'Magnesium Oxide' (Medication)  [elapsed 69.6m | done 1139 | skipped 7100 | errors 0]
    -> tier=TIER_1_AUTO_VALIDATED routing=AUTO_VALIDATED reason=ok
    [dry-run KG3 write OK] would write concept_id=993631 (magnesium oxide)
  [150/165] 'Metoprolol' (Medication)  [elapsed 69.7m | done 1140 | skipped 7100 | errors 0]
    -> tier=TIER_1_AUTO_VALIDATED routing=AUTO_VALIDATED reason=ok
    [dry-run KG3 write OK] would write concept_id=1307046 (metoprolol)
  [151/165] 'urinary tract infection' (Condition)  [elapsed 69.8m | done 1141 | skipped 7100 | errors 0]
    -> tier=TIER_4_ENSEMBLE_SPLIT routing=HITL_REQUIRED reason=ensemble_split
  [152/165] 'Diarrhea' (Symptom)  [elapsed 69.9m | done 1142 | skipped 7100 | errors 0]
    -> tier=TIER_1_AUTO_VALIDATED routing=AUTO_VALIDATED reason=ok
    [dry-run KG3 write OK] would write concept_id=196523 (Diarrhea)
  [153/165] 'metastatic pancreatic cancer' (Condition)  [elapsed 69.9m | done 1143 | skipped 7100 | errors 0]
    -> tier=TIER_5_TRUE_AMBIGUITY routing=HITL_REQUIRED reason=verdict_none_correct
  [154/165] 'hyponatremia' (Condition)  [elapsed 70.1m | done 1144 | skipped 7100 | errors 0]
    -> tier=TIER_1_AUTO_VALIDATED routing=AUTO_VALIDATED reason=ok
    [dry-run KG3 write OK] would write concept_id=4232311 (Hyponatremia)
  [155/165] 'proctitis' (Condition)  [elapsed 70.2m | done 1145 | skipped 7100 | errors 0]
    -> tier=TIER_1_AUTO_VALIDATED routing=AUTO_VALIDATED reason=ok
    [dry-run KG3 write OK] would write concept_id=4215578 (Proctitis)
  [156/165] 'anemia' (Condition)  [elapsed 70.2m | done 1146 | skipped 7100 | errors 0]
    -> tier=TIER_1_AUTO_VALIDATED routing=AUTO_VALIDATED reason=ok
    [dry-run KG3 write OK] would write concept_id=439777 (Anemia)
  [157/165] 'hypertension' (Condition)  [elapsed 70.3m | done 1147 | skipped 7100 | errors 0]
    -> tier=TIER_1_AUTO_VALIDATED routing=AUTO_VALIDATED reason=ok
    [dry-run KG3 write OK] would write concept_id=316866 (Hypertensive disorder)
  [158/165] 'Mental Status' (Procedure)  [elapsed 70.4m | done 1148 | skipped 7100 | errors 0]
    -> tier=TIER_3_AUTO_VALIDATED routing=AUTO_VALIDATED reason=ok
    [dry-run KG3 write OK] would write concept_id=4190990 (Neurological mental status determination)
  [159/165] 'Activity Status' (Symptom)  [elapsed 70.4m | done 1149 | skipped 7100 | errors 0]
    -> tier=TIER_3_AUTO_VALIDATED routing=AUTO_VALIDATED reason=ok
    [dry-run KG3 write OK] would write concept_id=4030753 (Physical functional dependency)
  [160/165] 'diarrhea and vomiting' (Condition)  [elapsed 70.5m | done 1150 | skipped 7100 | errors 0]
    -> tier=TIER_1_AUTO_VALIDATED routing=AUTO_VALIDATED reason=ok
    [dry-run KG3 write OK] would write concept_id=4091519 (Diarrhea and vomiting)
  [161/165] 'Bactrim' (Medication)  [elapsed 70.5m | done 1151 | skipped 7100 | errors 0]
    -> tier=TIER_5_TRUE_AMBIGUITY routing=HITL_REQUIRED reason=below_similarity_floor
  [162/165] 'come' (Condition)  [elapsed 70.6m | done 1152 | skipped 7100 | errors 0]
    -> tier=TIER_4_ENSEMBLE_SPLIT routing=HITL_REQUIRED reason=ensemble_split
  [163/165] 'nausea' (Symptom)  [elapsed 70.7m | done 1153 | skipped 7100 | errors 0]
    -> tier=TIER_1_AUTO_VALIDATED routing=AUTO_VALIDATED reason=ok
    [dry-run KG3 write OK] would write concept_id=31967 (Nausea)
  [164/165] 'vomiting' (Symptom)  [elapsed 70.8m | done 1154 | skipped 7100 | errors 0]
    -> tier=TIER_1_AUTO_VALIDATED routing=AUTO_VALIDATED reason=ok
    [dry-run KG3 write OK] would write concept_id=441408 (Vomiting)
  [165/165] 'diarrhea' (Symptom)  [elapsed 70.9m | done 1155 | skipped 7100 | errors 0]
    -> tier=TIER_1_AUTO_VALIDATED routing=AUTO_VALIDATED reason=ok
    [dry-run KG3 write OK] would write concept_id=196523 (Diarrhea)
[note 61/108] 11576109-DS-15: 143 record(s), 143 remaining after resume-skip
  [1/143] 'n/v' (Condition)  [elapsed 71.0m | done 1156 | skipped 7100 | errors 0]
    -> tier=TIER_4_ENSEMBLE_SPLIT routing=HITL_REQUIRED reason=ensemble_split
  [2/143] 'n/v' (Condition)  [elapsed 71.0m | done 1157 | skipped 7100 | errors 0]
    -> tier=TIER_4_ENSEMBLE_SPLIT routing=HITL_REQUIRED reason=ensemble_split
  [3/143] 'neck pain' (Symptom)  [elapsed 71.1m | done 1158 | skipped 7100 | errors 0]
    -> tier=TIER_4_ENSEMBLE_SPLIT routing=HITL_REQUIRED reason=ensemble_split
  [4/143] 'arm' (Condition)  [elapsed 71.2m | done 1159 | skipped 7100 | errors 0]
    -> tier=TIER_5_TRUE_AMBIGUITY routing=HITL_REQUIRED reason=verdict_none_correct
  [5/143] 'CP' (Condition)  [elapsed 71.3m | done 1160 | skipped 7100 | errors 0]
    -> tier=TIER_5_TRUE_AMBIGUITY routing=HITL_REQUIRED reason=no_candidates
  [6/143] 'subjective' (Qualifier)  [elapsed 71.3m | done 1161 | skipped 7100 | errors 0]
    -> tier=TIER_5_TRUE_AMBIGUITY routing=HITL_REQUIRED reason=standalone_qualifier_span
  [7/143] 'fever' (Condition)  [elapsed 71.4m | done 1162 | skipped 7100 | errors 0]
    -> tier=TIER_1_AUTO_VALIDATED routing=AUTO_VALIDATED reason=ok
    [dry-run KG3 write OK] would write concept_id=437663 (Fever)
  [8/143] 'no cough' (Symptom)  [elapsed 71.5m | done 1163 | skipped 7100 | errors 0]
    -> tier=TIER_1_AUTO_VALIDATED routing=AUTO_VALIDATED reason=ok
    [dry-run KG3 write OK] would write concept_id=4059949 (No cough)
  [9/143] 'abd' (Anatomy)  [elapsed 71.5m | done 1164 | skipped 7100 | errors 0]
    -> tier=TIER_5_TRUE_AMBIGUITY routing=HITL_REQUIRED reason=unresolved_acronym
  [10/143] 'pain' (Condition)  [elapsed 71.6m | done 1165 | skipped 7100 | errors 0]
    -> tier=TIER_5_TRUE_AMBIGUITY routing=HITL_REQUIRED reason=unresolved_acronym
  [11/143] 'GU complaints' (Symptom)  [elapsed 71.6m | done 1166 | skipped 7100 | errors 0]
    -> tier=TIER_4_ENSEMBLE_SPLIT routing=HITL_REQUIRED reason=ensemble_split
  [12/143] 'nitro' (Medication)  [elapsed 71.9m | done 1167 | skipped 7100 | errors 0]
    -> tier=TIER_4_ENSEMBLE_SPLIT routing=HITL_REQUIRED reason=ensemble_split
  [13/143] 'mgmt' (Lab Test)  [elapsed 72.0m | done 1168 | skipped 7100 | errors 0]
    -> tier=TIER_5_TRUE_AMBIGUITY routing=HITL_REQUIRED reason=no_candidates
  [14/143] 'EKG' (Lab Test)  [elapsed 72.0m | done 1169 | skipped 7100 | errors 0]
    -> tier=TIER_3_AUTO_VALIDATED routing=AUTO_VALIDATED reason=ok
    [dry-run KG3 write OK] would write concept_id=4261794 (Electrocardiogram with exercise test)
  [15/143] 'tropI' (Lab Test)  [elapsed 72.0m | done 1170 | skipped 7100 | errors 0]
    -> tier=TIER_5_TRUE_AMBIGUITY routing=HITL_REQUIRED reason=no_candidates
  [16/143] 'WBC' (Lab Test)  [elapsed 72.0m | done 1171 | skipped 7100 | errors 0]
    -> tier=TIER_5_TRUE_AMBIGUITY routing=HITL_REQUIRED reason=unresolved_acronym
  [17/143] 'Hb' (Lab Test)  [elapsed 72.0m | done 1172 | skipped 7100 | errors 0]
    -> tier=TIER_1_AUTO_VALIDATED routing=AUTO_VALIDATED reason=ok
    [dry-run KG3 write OK] would write concept_id=4094758 (Hemoglobin finding)
  [18/143] 'BUN/Cr' (Lab Test)  [elapsed 72.1m | done 1173 | skipped 7100 | errors 0]
    -> tier=TIER_3_AUTO_VALIDATED routing=AUTO_VALIDATED reason=ok
    [dry-run KG3 write OK] would write concept_id=4112223 (BUN/Creatinine ratio)
  [19/143] 'trop' (Lab Test)  [elapsed 72.1m | done 1174 | skipped 7100 | errors 0]
    -> tier=TIER_5_TRUE_AMBIGUITY routing=HITL_REQUIRED reason=no_candidates
  [20/143] 'CKMb 3' (Lab Test)  [elapsed 72.2m | done 1175 | skipped 7100 | errors 0]
    -> tier=TIER_4_ENSEMBLE_SPLIT routing=HITL_REQUIRED reason=ensemble_split
  [21/143] 'PNA' (Condition)  [elapsed 72.4m | done 1176 | skipped 7100 | errors 0]
    -> tier=TIER_4_ENSEMBLE_SPLIT routing=HITL_REQUIRED reason=short_alphanumeric_code_trap
  [22/143] 'Type II diabetes mellitus' (Condition)  [elapsed 72.5m | done 1177 | skipped 7100 | errors 0]
    -> tier=TIER_1_AUTO_VALIDATED routing=AUTO_VALIDATED reason=ok
    [dry-run KG3 write OK] would write concept_id=201826 (Type 2 diabetes mellitus)
  [23/143] 'Hypertension' (Condition)  [elapsed 72.6m | done 1178 | skipped 7100 | errors 0]
    -> tier=TIER_1_AUTO_VALIDATED routing=AUTO_VALIDATED reason=ok
    [dry-run KG3 write OK] would write concept_id=316866 (Hypertensive disorder)
  [24/143] 'Hyperlipidemia' (Condition)  [elapsed 72.7m | done 1179 | skipped 7100 | errors 0]
    -> tier=TIER_1_AUTO_VALIDATED routing=AUTO_VALIDATED reason=ok
    [dry-run KG3 write OK] would write concept_id=432867 (Hyperlipidemia)
  [25/143] 'Carpal tunnel syndrome' (Condition)  [elapsed 72.8m | done 1180 | skipped 7100 | errors 0]
    -> tier=TIER_1_AUTO_VALIDATED routing=AUTO_VALIDATED reason=ok
    [dry-run KG3 write OK] would write concept_id=380094 (Carpal tunnel syndrome)
  [26/143] 'Breast cancer' (Condition)  [elapsed 72.9m | done 1181 | skipped 7100 | errors 0]
    -> tier=TIER_1_AUTO_VALIDATED routing=AUTO_VALIDATED reason=ok
    [dry-run KG3 write OK] would write concept_id=4112853 (Malignant tumor of breast)
  [27/143] 'Physical Exam' (Procedure)  [elapsed 73.0m | done 1182 | skipped 7100 | errors 0]
    -> tier=TIER_3_AUTO_VALIDATED routing=AUTO_VALIDATED reason=ok
    [dry-run KG3 write OK] would write concept_id=4240345 (Physical examination)
  [28/143] 'Exam' (Procedure)  [elapsed 73.0m | done 1183 | skipped 7100 | errors 0]
    -> tier=TIER_3_AUTO_VALIDATED routing=AUTO_VALIDATED reason=ok
    [dry-run KG3 write OK] would write concept_id=4240345 (Physical examination)
  [29/143] 'Vitals' (Symptom)  [elapsed 73.0m | done 1184 | skipped 7100 | errors 0]
    -> tier=TIER_3_AUTO_VALIDATED routing=AUTO_VALIDATED reason=ok
    [dry-run KG3 write OK] would write concept_id=4042138 (Vital signs finding)
  [30/143] 'RA' (Symptom)  [elapsed 73.0m | done 1185 | skipped 7100 | errors 0]
    -> tier=TIER_3_AUTO_VALIDATED routing=AUTO_VALIDATED reason=ok
    [dry-run KG3 write OK] would write concept_id=36716647 (Breathing room air)
  [31/143] 'General' (Procedure)  [elapsed 73.0m | done 1186 | skipped 7100 | errors 0]
    -> tier=TIER_3_AUTO_VALIDATED routing=AUTO_VALIDATED reason=ok
    [dry-run KG3 write OK] would write concept_id=4036803 (General examination of patient)
  [32/143] 'HEENT' (Procedure)  [elapsed 73.0m | done 1187 | skipped 7100 | errors 0]
    -> tier=TIER_3_AUTO_VALIDATED routing=AUTO_VALIDATED reason=ok
    [dry-run KG3 write OK] would write concept_id=4240345 (Physical examination)
  [33/143] 'OP' (Procedure)  [elapsed 73.1m | done 1188 | skipped 7100 | errors 0]
    -> tier=TIER_1_AUTO_VALIDATED routing=AUTO_VALIDATED reason=ok
    [dry-run KG3 write OK] would write concept_id=4071665 (Open prostatectomy)
  [34/143] 'Neck' (Procedure)  [elapsed 73.1m | done 1189 | skipped 7100 | errors 0]
    -> tier=TIER_3_AUTO_VALIDATED routing=AUTO_VALIDATED reason=ok
    [dry-run KG3 write OK] would write concept_id=4240345 (Physical examination)
  [35/143] 'RRR' (Symptom)  [elapsed 73.2m | done 1190 | skipped 7100 | errors 0]
    -> tier=TIER_3_AUTO_VALIDATED routing=AUTO_VALIDATED reason=ok
    [dry-run KG3 write OK] would write concept_id=4297303 (Normal heart rate)
  [36/143] 'S2' (Symptom)  [elapsed 73.2m | done 1191 | skipped 7100 | errors 0]
    -> tier=TIER_3_AUTO_VALIDATED routing=AUTO_VALIDATED reason=ok
    [dry-run KG3 write OK] would write concept_id=4008858 (Normal second heart sound S-2)
  [37/143] 'Lungs' (Procedure)  [elapsed 73.2m | done 1192 | skipped 7100 | errors 0]
    -> tier=TIER_3_AUTO_VALIDATED routing=AUTO_VALIDATED reason=ok
    [dry-run KG3 write OK] would write concept_id=4149530 (Examination of respiratory system)
  [38/143] 'Abdomen' (Procedure)  [elapsed 73.2m | done 1193 | skipped 7100 | errors 0]
    -> tier=TIER_3_AUTO_VALIDATED routing=AUTO_VALIDATED reason=ok
    [dry-run KG3 write OK] would write concept_id=4075966 (Examination of abdomen)
  [39/143] 'BS' (Symptom)  [elapsed 73.2m | done 1194 | skipped 7100 | errors 0]
    -> tier=TIER_3_AUTO_VALIDATED routing=AUTO_VALIDATED reason=ok
    [dry-run KG3 write OK] would write concept_id=4263560 (Normal bowel sounds)
  [40/143] 'rebound' (Symptom)  [elapsed 73.2m | done 1195 | skipped 7100 | errors 0]
    -> tier=TIER_3_AUTO_VALIDATED routing=AUTO_VALIDATED reason=ok
    [dry-run KG3 write OK] would write concept_id=4149024 (Rebound tenderness)
  [41/143] 'guarding' (Symptom)  [elapsed 73.2m | done 1196 | skipped 7100 | errors 0]
    -> tier=TIER_3_AUTO_VALIDATED routing=AUTO_VALIDATED reason=ok
    [dry-run KG3 write OK] would write concept_id=4091049 (Abdominal guarding)
  [42/143] 'Neuro' (Procedure)  [elapsed 73.2m | done 1197 | skipped 7100 | errors 0]
    -> tier=TIER_3_AUTO_VALIDATED routing=AUTO_VALIDATED reason=ok
    [dry-run KG3 write OK] would write concept_id=4225119 (Neurological examination)
  [43/143] 'saddle anesthesia' (Procedure)  [elapsed 73.3m | done 1198 | skipped 7100 | errors 0]
    -> tier=TIER_4_ENSEMBLE_SPLIT routing=HITL_REQUIRED reason=ensemble_split
  [44/143] 'Skin' (Procedure)  [elapsed 73.3m | done 1199 | skipped 7100 | errors 0]
    -> tier=TIER_3_AUTO_VALIDATED routing=AUTO_VALIDATED reason=ok
    [dry-run KG3 write OK] would write concept_id=4150633 (Examination of skin)
  [45/143] 'UREA N-17' (Lab Test)  [elapsed 73.4m | done 1200 | skipped 7100 | errors 0]
    -> tier=TIER_4_ENSEMBLE_SPLIT routing=HITL_REQUIRED reason=ensemble_split
  [46/143] 'CK-MB-4' (Lab Test)  [elapsed 73.6m | done 1201 | skipped 7100 | errors 0]
    -> tier=TIER_4_ENSEMBLE_SPLIT routing=HITL_REQUIRED reason=ensemble_split
  [47/143] 'GLUCOSE-233' (Lab Test)  [elapsed 74.0m | done 1202 | skipped 7100 | errors 0]
    -> tier=TIER_1_AUTO_VALIDATED routing=AUTO_VALIDATED reason=ok
    [dry-run KG3 write OK] would write concept_id=4149519 (Glucose measurement)
  [48/143] 'UREA N-53' (Lab Test)  [elapsed 74.1m | done 1203 | skipped 7100 | errors 0]
    -> tier=TIER_4_ENSEMBLE_SPLIT routing=HITL_REQUIRED reason=ensemble_split
  [49/143] 'CREAT-9' (Lab Test)  [elapsed 74.4m | done 1204 | skipped 7100 | errors 0]
    -> tier=TIER_3_AUTO_VALIDATED routing=AUTO_VALIDATED reason=ok
    [dry-run KG3 write OK] would write concept_id=4324383 (Creatinine measurement)
  [50/143] 'CHLORIDE-94' (Lab Test)  [elapsed 74.4m | done 1205 | skipped 7100 | errors 0]
    -> tier=TIER_1_AUTO_VALIDATED routing=AUTO_VALIDATED reason=ok
    [dry-run KG3 write OK] would write concept_id=4188066 (Chloride measurement)
  [51/143] 'ANION \nGAP-23' (Lab Test)  [elapsed 74.5m | done 1206 | skipped 7100 | errors 0]
    -> tier=TIER_1_AUTO_VALIDATED routing=AUTO_VALIDATED reason=ok
    [dry-run KG3 write OK] would write concept_id=4103762 (Anion gap measurement)
  [52/143] 'estGFR-Using' (Lab Test)  [elapsed 74.6m | done 1207 | skipped 7100 | errors 0]
    -> tier=TIER_5_TRUE_AMBIGUITY routing=HITL_REQUIRED reason=no_candidates
  [53/143] 'CK(CPK)' (Lab Test)  [elapsed 74.6m | done 1208 | skipped 7100 | errors 0]
    -> tier=TIER_3_AUTO_VALIDATED routing=AUTO_VALIDATED reason=ok
    [dry-run KG3 write OK] would write concept_id=4265595 (Creatine kinase measurement)
  [54/143] 'CK-MB-3' (Lab Test)  [elapsed 74.6m | done 1209 | skipped 7100 | errors 0]
    -> tier=TIER_1_AUTO_VALIDATED routing=AUTO_VALIDATED reason=ok
    [dry-run KG3 write OK] would write concept_id=4017058 (Creatine kinase MB measurement)
  [55/143] 'HGB-11' (Lab Test)  [elapsed 74.8m | done 1210 | skipped 7100 | errors 0]
    -> tier=TIER_3_AUTO_VALIDATED routing=AUTO_VALIDATED reason=ok
    [dry-run KG3 write OK] would write concept_id=40480067 (Measurement of total hemoglobin concentration)
  [56/143] 'HCT-34' (Lab Test)  [elapsed 74.9m | done 1211 | skipped 7100 | errors 0]
    -> tier=TIER_5_TRUE_AMBIGUITY routing=HITL_REQUIRED reason=below_similarity_floor
  [57/143] 'MCV-93' (Lab Test)  [elapsed 74.9m | done 1212 | skipped 7100 | errors 0]
    -> tier=TIER_3_AUTO_VALIDATED routing=AUTO_VALIDATED reason=ok
    [dry-run KG3 write OK] would write concept_id=4016239 (Erythrocyte mean corpuscular volume determination)
  [58/143] 'MCH-29' (Lab Test)  [elapsed 74.9m | done 1213 | skipped 7100 | errors 0]
    -> tier=TIER_3_AUTO_VALIDATED routing=AUTO_VALIDATED reason=ok
    [dry-run KG3 write OK] would write concept_id=4290193 (Mean corpuscular hemoglobin concentration determination)
  [59/143] 'MCHC-32' (Lab Test)  [elapsed 74.9m | done 1214 | skipped 7100 | errors 0]
    -> tier=TIER_3_AUTO_VALIDATED routing=AUTO_VALIDATED reason=ok
    [dry-run KG3 write OK] would write concept_id=4290193 (Mean corpuscular hemoglobin concentration determination)
  [60/143] 'RDW-14' (Lab Test)  [elapsed 74.9m | done 1215 | skipped 7100 | errors 0]
    -> tier=TIER_3_AUTO_VALIDATED routing=AUTO_VALIDATED reason=ok
    [dry-run KG3 write OK] would write concept_id=4281085 (Red cell distribution width determination)
  [61/143] 'RDWSD-49' (Lab Test)  [elapsed 74.9m | done 1216 | skipped 7100 | errors 0]
    -> tier=TIER_5_TRUE_AMBIGUITY routing=HITL_REQUIRED reason=no_candidates
  [62/143] 'PLT COUNT-223' (Lab Test)  [elapsed 74.9m | done 1217 | skipped 7100 | errors 0]
    -> tier=TIER_3_AUTO_VALIDATED routing=AUTO_VALIDATED reason=ok
    [dry-run KG3 write OK] would write concept_id=4267147 (Platelet count)
  [63/143] 'CTA' (Qualifier)  [elapsed 74.9m | done 1218 | skipped 7100 | errors 0]
    -> tier=TIER_5_TRUE_AMBIGUITY routing=HITL_REQUIRED reason=standalone_qualifier_span
  [64/143] 'chest' (Anatomy)  [elapsed 75.0m | done 1219 | skipped 7100 | errors 0]
    -> tier=TIER_5_TRUE_AMBIGUITY routing=HITL_REQUIRED reason=unresolved_acronym
  [65/143] 'aortic dissection' (Condition)  [elapsed 75.0m | done 1220 | skipped 7100 | errors 0]
    -> tier=TIER_1_AUTO_VALIDATED routing=AUTO_VALIDATED reason=ok
    [dry-run KG3 write OK] would write concept_id=320739 (Dissection of aorta)
  [66/143] 'multifocal' (Qualifier)  [elapsed 75.1m | done 1221 | skipped 7100 | errors 0]
    -> tier=TIER_5_TRUE_AMBIGUITY routing=HITL_REQUIRED reason=standalone_qualifier_span
  [67/143] 'Compression deformities' (Condition)  [elapsed 75.1m | done 1222 | skipped 7100 | errors 0]
    -> tier=TIER_4_ENSEMBLE_SPLIT routing=HITL_REQUIRED reason=ensemble_split
  [68/143] 'T10' (Qualifier)  [elapsed 75.3m | done 1223 | skipped 7100 | errors 0]
    -> tier=TIER_5_TRUE_AMBIGUITY routing=HITL_REQUIRED reason=standalone_qualifier_span
  [69/143] 'vertebral bodies' (Anatomy)  [elapsed 75.3m | done 1224 | skipped 7100 | errors 0]
    -> tier=TIER_4_ENSEMBLE_SPLIT routing=HITL_REQUIRED reason=ensemble_split
  [70/143] 'Linear' (Qualifier)  [elapsed 75.4m | done 1225 | skipped 7100 | errors 0]
    -> tier=TIER_5_TRUE_AMBIGUITY routing=HITL_REQUIRED reason=standalone_qualifier_span
  [71/143] 'sclerosis' (Symptom)  [elapsed 75.4m | done 1226 | skipped 7100 | errors 0]
    -> tier=TIER_4_ENSEMBLE_SPLIT routing=HITL_REQUIRED reason=ensemble_split
  [72/143] 'T11' (Qualifier)  [elapsed 75.5m | done 1227 | skipped 7100 | errors 0]
    -> tier=TIER_5_TRUE_AMBIGUITY routing=HITL_REQUIRED reason=standalone_qualifier_span
  [73/143] 'Sinus' (Anatomy)  [elapsed 75.5m | done 1228 | skipped 7100 | errors 0]
    -> tier=TIER_4_ENSEMBLE_SPLIT routing=HITL_REQUIRED reason=ensemble_split
  [74/143] 'T2DM' (Condition)  [elapsed 75.8m | done 1229 | skipped 7100 | errors 0]
    -> tier=TIER_1_AUTO_VALIDATED routing=AUTO_VALIDATED reason=ok
    [dry-run KG3 write OK] would write concept_id=201826 (Type 2 diabetes mellitus)
  [75/143] 'DES to LAD' (Procedure)  [elapsed 75.9m | done 1230 | skipped 7100 | errors 0]
    -> tier=TIER_5_TRUE_AMBIGUITY routing=HITL_REQUIRED reason=unresolved_acronym
  [76/143] 'PAD' (Condition)  [elapsed 75.9m | done 1231 | skipped 7100 | errors 0]
    -> tier=TIER_4_ENSEMBLE_SPLIT routing=HITL_REQUIRED reason=short_alphanumeric_code_trap
  [77/143] 'R' (Qualifier)  [elapsed 76.0m | done 1232 | skipped 7100 | errors 0]
    -> tier=TIER_5_TRUE_AMBIGUITY routing=HITL_REQUIRED reason=standalone_qualifier_span
  [78/143] 'BKA' (Anatomy)  [elapsed 76.0m | done 1233 | skipped 7100 | errors 0]
    -> tier=TIER_4_ENSEMBLE_SPLIT routing=HITL_REQUIRED reason=ensemble_split
  [79/143] 'BKA' (Qualifier)  [elapsed 76.1m | done 1234 | skipped 7100 | errors 0]
    -> tier=TIER_5_TRUE_AMBIGUITY routing=HITL_REQUIRED reason=standalone_qualifier_span
  [80/143] 'BKA' (Procedure)  [elapsed 76.1m | done 1235 | skipped 7100 | errors 0]
    -> tier=TIER_4_ENSEMBLE_SPLIT routing=HITL_REQUIRED reason=short_alphanumeric_code_trap
  [81/143] 'HL' (Condition)  [elapsed 76.2m | done 1236 | skipped 7100 | errors 0]
    -> tier=TIER_5_TRUE_AMBIGUITY routing=HITL_REQUIRED reason=no_candidates
  [82/143] 'Chest pain' (Symptom)  [elapsed 76.2m | done 1237 | skipped 7100 | errors 0]
    -> tier=TIER_4_ENSEMBLE_SPLIT routing=HITL_REQUIRED reason=ensemble_split
  [83/143] 'SLN' (Medication)  [elapsed 76.3m | done 1238 | skipped 7100 | errors 0]
    -> tier=TIER_4_ENSEMBLE_SPLIT routing=HITL_REQUIRED reason=ensemble_split
  [84/143] 'cough' (Symptom)  [elapsed 76.6m | done 1239 | skipped 7100 | errors 0]
    -> tier=TIER_4_ENSEMBLE_SPLIT routing=HITL_REQUIRED reason=ensemble_split
  [85/143] 'levoflox' (Medication)  [elapsed 76.7m | done 1240 | skipped 7100 | errors 0]
    -> tier=TIER_2_AUTO_RESOLVED routing=HITL_REQUIRED reason=tier2_auto_resolved_pending_revalidation
  [86/143] 'atypial PNA' (Condition)  [elapsed 77.0m | done 1241 | skipped 7100 | errors 0]
    -> tier=TIER_1_AUTO_VALIDATED routing=AUTO_VALIDATED reason=ok
    [dry-run KG3 write OK] would write concept_id=4050869 (Atypical pneumonia)
  [87/143] 'CP' (Symptom)  [elapsed 77.1m | done 1242 | skipped 7100 | errors 0]
    -> tier=TIER_5_TRUE_AMBIGUITY routing=HITL_REQUIRED reason=no_candidates
  [88/143] 'imdur' (Medication)  [elapsed 77.1m | done 1243 | skipped 7100 | errors 0]
    -> tier=TIER_3_AUTO_VALIDATED routing=AUTO_VALIDATED reason=ok
    [dry-run KG3 write OK] would write concept_id=1383815 (isosorbide)
  [89/143] 'TTP' (Condition)  [elapsed 77.1m | done 1244 | skipped 7100 | errors 0]
    -> tier=TIER_5_TRUE_AMBIGUITY routing=HITL_REQUIRED reason=no_candidates
  [90/143] 'ESRD' (Condition)  [elapsed 77.1m | done 1245 | skipped 7100 | errors 0]
    -> tier=TIER_4_ENSEMBLE_SPLIT routing=HITL_REQUIRED reason=short_alphanumeric_code_trap
  [91/143] 'CAD' (Condition)  [elapsed 77.2m | done 1246 | skipped 7100 | errors 0]
    -> tier=TIER_5_TRUE_AMBIGUITY routing=HITL_REQUIRED reason=unresolved_acronym
  [92/143] '3VD' (Condition)  [elapsed 77.2m | done 1247 | skipped 7100 | errors 0]
    -> tier=TIER_4_ENSEMBLE_SPLIT routing=HITL_REQUIRED reason=ensemble_split
  [93/143] 'LCX' (Anatomy)  [elapsed 77.5m | done 1248 | skipped 7100 | errors 0]
    -> tier=TIER_4_ENSEMBLE_SPLIT routing=HITL_REQUIRED reason=coronary_segment_trap
  [94/143] 'LCX' (Anatomy)  [elapsed 77.7m | done 1249 | skipped 7100 | errors 0]
    -> tier=TIER_4_ENSEMBLE_SPLIT routing=HITL_REQUIRED reason=coronary_segment_trap
  [95/143] 'LAD' (Anatomy)  [elapsed 77.8m | done 1250 | skipped 7100 | errors 0]
    -> tier=TIER_5_TRUE_AMBIGUITY routing=HITL_REQUIRED reason=unresolved_acronym
  [96/143] 'RCA' (Anatomy)  [elapsed 77.8m | done 1251 | skipped 7100 | errors 0]
    -> tier=TIER_4_ENSEMBLE_SPLIT routing=HITL_REQUIRED reason=ensemble_split
  [97/143] 'aspirin' (Medication)  [elapsed 77.9m | done 1252 | skipped 7100 | errors 0]
    -> tier=TIER_4_ENSEMBLE_SPLIT routing=HITL_REQUIRED reason=ensemble_split
  [98/143] 'atorvastatin' (Medication)  [elapsed 78.0m | done 1253 | skipped 7100 | errors 0]
    -> tier=TIER_1_AUTO_VALIDATED routing=AUTO_VALIDATED reason=ok
    [dry-run KG3 write OK] would write concept_id=1545958 (atorvastatin)
  [99/143] 'metop' (Medication)  [elapsed 78.1m | done 1254 | skipped 7100 | errors 0]
    -> tier=TIER_1_AUTO_VALIDATED routing=AUTO_VALIDATED reason=ok
    [dry-run KG3 write OK] would write concept_id=36854899 (METOPON)
  [100/143] 'clopidogrel' (Medication)  [elapsed 78.2m | done 1255 | skipped 7100 | errors 0]
    -> tier=TIER_1_AUTO_VALIDATED routing=AUTO_VALIDATED reason=ok
    [dry-run KG3 write OK] would write concept_id=1322184 (clopidogrel)
  [101/143] 'ESRD on HD' (Condition)  [elapsed 78.3m | done 1256 | skipped 7100 | errors 0]
    -> tier=TIER_5_TRUE_AMBIGUITY routing=HITL_REQUIRED reason=unresolved_acronym
  [102/143] 'HD' (Condition)  [elapsed 78.3m | done 1257 | skipped 7100 | errors 0]
    -> tier=TIER_5_TRUE_AMBIGUITY routing=HITL_REQUIRED reason=unresolved_acronym
  [103/143] 'cinacalcet' (Medication)  [elapsed 78.3m | done 1258 | skipped 7100 | errors 0]
    -> tier=TIER_1_AUTO_VALIDATED routing=AUTO_VALIDATED reason=ok
    [dry-run KG3 write OK] would write concept_id=1548111 (cinacalcet)
  [104/143] 'sevalemer' (Medication)  [elapsed 78.4m | done 1259 | skipped 7100 | errors 0]
    -> tier=TIER_1_AUTO_VALIDATED routing=AUTO_VALIDATED reason=ok
    [dry-run KG3 write OK] would write concept_id=952004 (sevelamer)
  [105/143] 'insulin' (Medication)  [elapsed 78.5m | done 1260 | skipped 7100 | errors 0]
    -> tier=TIER_4_ENSEMBLE_SPLIT routing=HITL_REQUIRED reason=ensemble_split
  [106/143] 'gabapentin' (Medication)  [elapsed 78.9m | done 1261 | skipped 7100 | errors 0]
    -> tier=TIER_1_AUTO_VALIDATED routing=AUTO_VALIDATED reason=ok
    [dry-run KG3 write OK] would write concept_id=797399 (gabapentin)
  [107/143] 'HTN' (Condition)  [elapsed 79.0m | done 1262 | skipped 7100 | errors 0]
    -> tier=TIER_4_ENSEMBLE_SPLIT routing=HITL_REQUIRED reason=short_alphanumeric_code_trap
  [108/143] 'amlodipine' (Medication)  [elapsed 79.1m | done 1263 | skipped 7100 | errors 0]
    -> tier=TIER_1_AUTO_VALIDATED routing=AUTO_VALIDATED reason=ok
    [dry-run KG3 write OK] would write concept_id=1332418 (amlodipine)
  [109/143] 'GERD' (Condition)  [elapsed 79.2m | done 1264 | skipped 7100 | errors 0]
    -> tier=TIER_4_ENSEMBLE_SPLIT routing=HITL_REQUIRED reason=short_alphanumeric_code_trap
  [110/143] 'famotidine' (Medication)  [elapsed 79.3m | done 1265 | skipped 7100 | errors 0]
    -> tier=TIER_1_AUTO_VALIDATED routing=AUTO_VALIDATED reason=ok
    [dry-run KG3 write OK] would write concept_id=953076 (famotidine)
  [111/143] 'T10/11' (Anatomy)  [elapsed 79.4m | done 1266 | skipped 7100 | errors 0]
    -> tier=TIER_5_TRUE_AMBIGUITY routing=HITL_REQUIRED reason=no_candidates
  [112/143] 'ranolazine' (Medication)  [elapsed 79.4m | done 1267 | skipped 7100 | errors 0]
    -> tier=TIER_1_AUTO_VALIDATED routing=AUTO_VALIDATED reason=ok
    [dry-run KG3 write OK] would write concept_id=1337107 (ranolazine)
  [113/143] 'Aspirin' (Medication)  [elapsed 79.5m | done 1268 | skipped 7100 | errors 0]
    -> tier=TIER_4_ENSEMBLE_SPLIT routing=HITL_REQUIRED reason=ensemble_split
  [114/143] 'Atorvastatin' (Medication)  [elapsed 79.6m | done 1269 | skipped 7100 | errors 0]
    -> tier=TIER_1_AUTO_VALIDATED routing=AUTO_VALIDATED reason=ok
    [dry-run KG3 write OK] would write concept_id=1545958 (atorvastatin)
  [115/143] 'Cinacalcet' (Medication)  [elapsed 79.6m | done 1270 | skipped 7100 | errors 0]
    -> tier=TIER_1_AUTO_VALIDATED routing=AUTO_VALIDATED reason=ok
    [dry-run KG3 write OK] would write concept_id=1548111 (cinacalcet)
  [116/143] 'Clopidogrel' (Medication)  [elapsed 79.7m | done 1271 | skipped 7100 | errors 0]
    -> tier=TIER_1_AUTO_VALIDATED routing=AUTO_VALIDATED reason=ok
    [dry-run KG3 write OK] would write concept_id=1322184 (clopidogrel)
  [117/143] 'Famotidine' (Medication)  [elapsed 79.8m | done 1272 | skipped 7100 | errors 0]
    -> tier=TIER_1_AUTO_VALIDATED routing=AUTO_VALIDATED reason=ok
    [dry-run KG3 write OK] would write concept_id=953076 (famotidine)
  [118/143] 'Gabapentin' (Medication)  [elapsed 79.9m | done 1273 | skipped 7100 | errors 0]
    -> tier=TIER_1_AUTO_VALIDATED routing=AUTO_VALIDATED reason=ok
    [dry-run KG3 write OK] would write concept_id=797399 (gabapentin)
  [119/143] 'Glargine' (Medication)  [elapsed 80.0m | done 1274 | skipped 7100 | errors 0]
    -> tier=TIER_4_ENSEMBLE_SPLIT routing=HITL_REQUIRED reason=ensemble_split
  [120/143] 'Insulin' (Medication)  [elapsed 80.1m | done 1275 | skipped 7100 | errors 0]
    -> tier=TIER_4_ENSEMBLE_SPLIT routing=HITL_REQUIRED reason=ensemble_split
  [121/143] 'Metoprolol Succinate' (Medication)  [elapsed 80.5m | done 1276 | skipped 7100 | errors 0]
    -> tier=TIER_1_AUTO_VALIDATED routing=AUTO_VALIDATED reason=ok
    [dry-run KG3 write OK] would write concept_id=1307046 (metoprolol)
  [122/143] 'Metoprolol' (Medication)  [elapsed 80.6m | done 1277 | skipped 7100 | errors 0]
    -> tier=TIER_1_AUTO_VALIDATED routing=AUTO_VALIDATED reason=ok
    [dry-run KG3 write OK] would write concept_id=1307046 (metoprolol)
  [123/143] 'Nephrocaps' (Medication)  [elapsed 80.7m | done 1278 | skipped 7100 | errors 0]
    -> tier=TIER_5_TRUE_AMBIGUITY routing=HITL_REQUIRED reason=below_similarity_floor
  [124/143] 'Nitroglycerin SL' (Medication)  [elapsed 80.7m | done 1279 | skipped 7100 | errors 0]
    -> tier=TIER_5_TRUE_AMBIGUITY routing=HITL_REQUIRED reason=unresolved_acronym
  [125/143] 'Nitroglycerin' (Medication)  [elapsed 80.7m | done 1280 | skipped 7100 | errors 0]
    -> tier=TIER_4_ENSEMBLE_SPLIT routing=HITL_REQUIRED reason=ensemble_split
  [126/143] 'Ranolazine ER' (Medication)  [elapsed 80.8m | done 1281 | skipped 7100 | errors 0]
    -> tier=TIER_5_TRUE_AMBIGUITY routing=HITL_REQUIRED reason=unresolved_acronym
  [127/143] 'Ranolazine' (Medication)  [elapsed 80.8m | done 1282 | skipped 7100 | errors 0]
    -> tier=TIER_1_AUTO_VALIDATED routing=AUTO_VALIDATED reason=ok
    [dry-run KG3 write OK] would write concept_id=1337107 (ranolazine)
  [128/143] 'sevelamer CARBONATE' (Medication)  [elapsed 80.9m | done 1283 | skipped 7100 | errors 0]
    -> tier=TIER_4_ENSEMBLE_SPLIT routing=HITL_REQUIRED reason=ensemble_split
  [129/143] 'Levofloxacin' (Medication)  [elapsed 81.0m | done 1284 | skipped 7100 | errors 0]
    -> tier=TIER_1_AUTO_VALIDATED routing=AUTO_VALIDATED reason=ok
    [dry-run KG3 write OK] would write concept_id=1742253 (levofloxacin)
  [130/143] 'Pneumonia' (Condition)  [elapsed 81.1m | done 1285 | skipped 7100 | errors 0]
    -> tier=TIER_1_AUTO_VALIDATED routing=AUTO_VALIDATED reason=ok
    [dry-run KG3 write OK] would write concept_id=255848 (Pneumonia)
  [131/143] 'Cornonary Artery Disease' (Condition)  [elapsed 81.2m | done 1286 | skipped 7100 | errors 0]
    -> tier=TIER_5_TRUE_AMBIGUITY routing=HITL_REQUIRED reason=no_candidates
  [132/143] 'End Stage Renal Disease' (Condition)  [elapsed 81.2m | done 1287 | skipped 7100 | errors 0]
    -> tier=TIER_1_AUTO_VALIDATED routing=AUTO_VALIDATED reason=ok
    [dry-run KG3 write OK] would write concept_id=193782 (End-stage renal disease)
  [133/143] 'Mental Status' (Procedure)  [elapsed 81.3m | done 1288 | skipped 7100 | errors 0]
    -> tier=TIER_3_AUTO_VALIDATED routing=AUTO_VALIDATED reason=ok
    [dry-run KG3 write OK] would write concept_id=4190990 (Neurological mental status determination)
  [134/143] 'Activity Status' (Symptom)  [elapsed 81.3m | done 1289 | skipped 7100 | errors 0]
    -> tier=TIER_3_AUTO_VALIDATED routing=AUTO_VALIDATED reason=ok
    [dry-run KG3 write OK] would write concept_id=4030753 (Physical functional dependency)
  [135/143] 'back pain' (Symptom)  [elapsed 81.3m | done 1290 | skipped 7100 | errors 0]
    -> tier=TIER_4_ENSEMBLE_SPLIT routing=HITL_REQUIRED reason=ensemble_split
  [136/143] 'Imaging' (Procedure)  [elapsed 81.4m | done 1291 | skipped 7100 | errors 0]
    -> tier=TIER_4_ENSEMBLE_SPLIT routing=HITL_REQUIRED reason=ensemble_split
  [137/143] 'pneumonia' (Condition)  [elapsed 81.5m | done 1292 | skipped 7100 | errors 0]
    -> tier=TIER_1_AUTO_VALIDATED routing=AUTO_VALIDATED reason=ok
    [dry-run KG3 write OK] would write concept_id=255848 (Pneumonia)
  [138/143] 'antibiotic' (Medication)  [elapsed 81.6m | done 1293 | skipped 7100 | errors 0]
    -> tier=TIER_2_AUTO_RESOLVED routing=HITL_REQUIRED reason=tier2_auto_resolved_pending_revalidation
  [139/143] 'levofloxacin' (Medication)  [elapsed 81.9m | done 1294 | skipped 7100 | errors 0]
    -> tier=TIER_1_AUTO_VALIDATED routing=AUTO_VALIDATED reason=ok
    [dry-run KG3 write OK] would write concept_id=1742253 (levofloxacin)
  [140/143] 'chest pain' (Symptom)  [elapsed 82.0m | done 1295 | skipped 7100 | errors 0]
    -> tier=TIER_1_AUTO_VALIDATED routing=AUTO_VALIDATED reason=ok
    [dry-run KG3 write OK] would write concept_id=77670 (Chest pain)
  [141/143] 'Weigh' (Lab Test)  [elapsed 82.1m | done 1296 | skipped 7100 | errors 0]
    -> tier=TIER_3_AUTO_VALIDATED routing=AUTO_VALIDATED reason=ok
    [dry-run KG3 write OK] would write concept_id=4220338 (Weighing patient)
  [142/143] 'MD' (Condition)  [elapsed 82.1m | done 1297 | skipped 7100 | errors 0]
    -> tier=TIER_1_AUTO_VALIDATED routing=AUTO_VALIDATED reason=ok
    [dry-run KG3 write OK] would write concept_id=4247802 (Muscular dystrophy)
  [143/143] 'weight' (Lab Test)  [elapsed 82.2m | done 1298 | skipped 7100 | errors 0]
    -> tier=TIER_4_ENSEMBLE_SPLIT routing=HITL_REQUIRED reason=ensemble_split
[note 62/108] 11654232-DS-17: 138 record(s), 138 remaining after resume-skip
  [1/138] 'Morphine' (Medication)  [elapsed 82.3m | done 1299 | skipped 7100 | errors 0]
    -> tier=TIER_4_ENSEMBLE_SPLIT routing=HITL_REQUIRED reason=ensemble_split
  [2/138] 'substernal chest heaviness' (Symptom)  [elapsed 82.7m | done 1300 | skipped 7100 | errors 0]
    -> tier=TIER_5_TRUE_AMBIGUITY routing=HITL_REQUIRED reason=no_candidates
  [3/138] 'N/V' (Condition)  [elapsed 82.7m | done 1301 | skipped 7100 | errors 0]
    -> tier=TIER_4_ENSEMBLE_SPLIT routing=HITL_REQUIRED reason=ensemble_split
  [4/138] 'N/V' (Condition)  [elapsed 82.8m | done 1302 | skipped 7100 | errors 0]
    -> tier=TIER_4_ENSEMBLE_SPLIT routing=HITL_REQUIRED reason=ensemble_split
  [5/138] 'sweats' (Symptom)  [elapsed 82.9m | done 1303 | skipped 7100 | errors 0]
    -> tier=None routing=HITL_REQUIRED reason=below_confidence_threshold
  [6/138] 'dizziness' (Symptom)  [elapsed 83.0m | done 1304 | skipped 7100 | errors 0]
    -> tier=TIER_1_AUTO_VALIDATED routing=AUTO_VALIDATED reason=ok
    [dry-run KG3 write OK] would write concept_id=4223938 (Dizziness)
  [7/138] 'morphine' (Medication)  [elapsed 83.1m | done 1305 | skipped 7100 | errors 0]
    -> tier=TIER_4_ENSEMBLE_SPLIT routing=HITL_REQUIRED reason=ensemble_split
  [8/138] 'tylenol' (Medication)  [elapsed 83.2m | done 1306 | skipped 7100 | errors 0]
    -> tier=TIER_4_ENSEMBLE_SPLIT routing=HITL_REQUIRED reason=ensemble_split
  [9/138] 'fever' (Symptom)  [elapsed 83.7m | done 1307 | skipped 7100 | errors 0]
    -> tier=TIER_4_ENSEMBLE_SPLIT routing=HITL_REQUIRED reason=ensemble_split
  [10/138] 'night sweats' (Condition)  [elapsed 83.8m | done 1308 | skipped 7100 | errors 0]
    -> tier=TIER_1_AUTO_VALIDATED routing=AUTO_VALIDATED reason=ok
    [dry-run KG3 write OK] would write concept_id=4181178 (Night sweats)
  [11/138] 'headache' (Symptom)  [elapsed 83.9m | done 1309 | skipped 7100 | errors 0]
    -> tier=TIER_4_ENSEMBLE_SPLIT routing=HITL_REQUIRED reason=ensemble_split
  [12/138] 'sinus' (Symptom)  [elapsed 84.0m | done 1310 | skipped 7100 | errors 0]
    -> tier=TIER_4_ENSEMBLE_SPLIT routing=HITL_REQUIRED reason=ensemble_split
  [13/138] 'tenderness' (Condition)  [elapsed 84.1m | done 1311 | skipped 7100 | errors 0]
    -> tier=TIER_1_AUTO_VALIDATED routing=AUTO_VALIDATED reason=ok
    [dry-run KG3 write OK] would write concept_id=4082445 (Tenderness)
  [14/138] 'cough' (Symptom)  [elapsed 84.2m | done 1312 | skipped 7100 | errors 0]
    -> tier=TIER_4_ENSEMBLE_SPLIT routing=HITL_REQUIRED reason=ensemble_split
  [15/138] 'palpitations' (Symptom)  [elapsed 84.2m | done 1313 | skipped 7100 | errors 0]
    -> tier=TIER_4_ENSEMBLE_SPLIT routing=HITL_REQUIRED reason=ensemble_split
  [16/138] 'nausea' (Symptom)  [elapsed 84.3m | done 1314 | skipped 7100 | errors 0]
    -> tier=TIER_4_ENSEMBLE_SPLIT routing=HITL_REQUIRED reason=ensemble_split
  [17/138] 'vomiting' (Symptom)  [elapsed 84.4m | done 1315 | skipped 7100 | errors 0]
    -> tier=TIER_4_ENSEMBLE_SPLIT routing=HITL_REQUIRED reason=ensemble_split
  [18/138] 'diarrhea' (Symptom)  [elapsed 84.5m | done 1316 | skipped 7100 | errors 0]
    -> tier=TIER_4_ENSEMBLE_SPLIT routing=HITL_REQUIRED reason=ensemble_split
  [19/138] 'constipation' (Symptom)  [elapsed 84.6m | done 1317 | skipped 7100 | errors 0]
    -> tier=TIER_4_ENSEMBLE_SPLIT routing=HITL_REQUIRED reason=ensemble_split
  [20/138] 'Physical Exam' (Procedure)  [elapsed 84.7m | done 1318 | skipped 7100 | errors 0]
    -> tier=TIER_3_AUTO_VALIDATED routing=AUTO_VALIDATED reason=ok
    [dry-run KG3 write OK] would write concept_id=4240345 (Physical examination)
  [21/138] 'Vitals' (Symptom)  [elapsed 84.7m | done 1319 | skipped 7100 | errors 0]
    -> tier=TIER_3_AUTO_VALIDATED routing=AUTO_VALIDATED reason=ok
    [dry-run KG3 write OK] would write concept_id=4042138 (Vital signs finding)
  [22/138] 'General' (Procedure)  [elapsed 84.7m | done 1320 | skipped 7100 | errors 0]
    -> tier=TIER_3_AUTO_VALIDATED routing=AUTO_VALIDATED reason=ok
    [dry-run KG3 write OK] would write concept_id=4036803 (General examination of patient)
  [23/138] 'Alert' (Symptom)  [elapsed 84.7m | done 1321 | skipped 7100 | errors 0]
    -> tier=TIER_3_AUTO_VALIDATED routing=AUTO_VALIDATED reason=ok
    [dry-run KG3 write OK] would write concept_id=4086843 (Mentally alert)
  [24/138] 'oriented' (Symptom)  [elapsed 84.7m | done 1322 | skipped 7100 | errors 0]
    -> tier=TIER_3_AUTO_VALIDATED routing=AUTO_VALIDATED reason=ok
    [dry-run KG3 write OK] would write concept_id=4092101 (Orientated)
  [25/138] 'distress' (Symptom)  [elapsed 84.8m | done 1323 | skipped 7100 | errors 0]
    -> tier=TIER_3_AUTO_VALIDATED routing=AUTO_VALIDATED reason=ok
    [dry-run KG3 write OK] would write concept_id=4239819 (Distress)
  [26/138] 'HEENT' (Procedure)  [elapsed 84.8m | done 1324 | skipped 7100 | errors 0]
    -> tier=TIER_3_AUTO_VALIDATED routing=AUTO_VALIDATED reason=ok
    [dry-run KG3 write OK] would write concept_id=4240345 (Physical examination)
  [27/138] 'MMM' (Symptom)  [elapsed 84.8m | done 1325 | skipped 7100 | errors 0]
    -> tier=TIER_3_AUTO_VALIDATED routing=AUTO_VALIDATED reason=ok
    [dry-run KG3 write OK] would write concept_id=4170952 (Moist oral mucosa)
  [28/138] 'Neck' (Procedure)  [elapsed 84.8m | done 1326 | skipped 7100 | errors 0]
    -> tier=TIER_3_AUTO_VALIDATED routing=AUTO_VALIDATED reason=ok
    [dry-run KG3 write OK] would write concept_id=4240345 (Physical examination)
  [29/138] 'supple' (Symptom)  [elapsed 84.8m | done 1327 | skipped 7100 | errors 0]
    -> tier=TIER_3_AUTO_VALIDATED routing=AUTO_VALIDATED reason=ok
    [dry-run KG3 write OK] would write concept_id=4179457 (Normal movement of neck)
  [30/138] 'JVP' (Lab Test)  [elapsed 84.8m | done 1328 | skipped 7100 | errors 0]
    -> tier=TIER_5_TRUE_AMBIGUITY routing=HITL_REQUIRED reason=no_candidates
  [31/138] 'Lungs' (Procedure)  [elapsed 84.8m | done 1329 | skipped 7100 | errors 0]
    -> tier=TIER_3_AUTO_VALIDATED routing=AUTO_VALIDATED reason=ok
    [dry-run KG3 write OK] would write concept_id=4149530 (Examination of respiratory system)
  [32/138] 'bibasilar rhales' (Symptom)  [elapsed 84.8m | done 1330 | skipped 7100 | errors 0]
    -> tier=TIER_5_TRUE_AMBIGUITY routing=HITL_REQUIRED reason=no_candidates
  [33/138] 'CV' (Anatomy)  [elapsed 84.9m | done 1331 | skipped 7100 | errors 0]
    -> tier=TIER_5_TRUE_AMBIGUITY routing=HITL_REQUIRED reason=unresolved_acronym
  [34/138] 'S1' (Anatomy)  [elapsed 84.9m | done 1332 | skipped 7100 | errors 0]
    -> tier=TIER_4_ENSEMBLE_SPLIT routing=HITL_REQUIRED reason=ensemble_split
  [35/138] 'S2' (Anatomy)  [elapsed 85.0m | done 1333 | skipped 7100 | errors 0]
    -> tier=TIER_4_ENSEMBLE_SPLIT routing=HITL_REQUIRED reason=short_alphanumeric_code_trap
  [36/138] 'SM at apex' (Anatomy)  [elapsed 85.1m | done 1334 | skipped 7100 | errors 0]
    -> tier=TIER_5_TRUE_AMBIGUITY routing=HITL_REQUIRED reason=unresolved_acronym
  [37/138] 'Abdomen' (Procedure)  [elapsed 85.1m | done 1335 | skipped 7100 | errors 0]
    -> tier=TIER_3_AUTO_VALIDATED routing=AUTO_VALIDATED reason=ok
    [dry-run KG3 write OK] would write concept_id=4075966 (Examination of abdomen)
  [38/138] 'soft' (Symptom)  [elapsed 85.1m | done 1336 | skipped 7100 | errors 0]
    -> tier=TIER_3_AUTO_VALIDATED routing=AUTO_VALIDATED reason=ok
    [dry-run KG3 write OK] would write concept_id=4096862 (Abdomen soft)
  [39/138] 'rebound' (Symptom)  [elapsed 85.1m | done 1337 | skipped 7100 | errors 0]
    -> tier=TIER_3_AUTO_VALIDATED routing=AUTO_VALIDATED reason=ok
    [dry-run KG3 write OK] would write concept_id=4149024 (Rebound tenderness)
  [40/138] 'guarding' (Symptom)  [elapsed 85.1m | done 1338 | skipped 7100 | errors 0]
    -> tier=TIER_3_AUTO_VALIDATED routing=AUTO_VALIDATED reason=ok
    [dry-run KG3 write OK] would write concept_id=4091049 (Abdominal guarding)
  [41/138] 'Ext' (Procedure)  [elapsed 85.1m | done 1339 | skipped 7100 | errors 0]
    -> tier=TIER_3_AUTO_VALIDATED routing=AUTO_VALIDATED reason=ok
    [dry-run KG3 write OK] would write concept_id=4121315 (Examination of limb)
  [42/138] 'edema' (Condition)  [elapsed 85.1m | done 1340 | skipped 7100 | errors 0]
    -> tier=TIER_3_AUTO_VALIDATED routing=AUTO_VALIDATED reason=ok
    [dry-run KG3 write OK] would write concept_id=433595 (Edema)
  [43/138] 'WBC-8' (Lab Test)  [elapsed 85.1m | done 1341 | skipped 7100 | errors 0]
    -> tier=TIER_4_ENSEMBLE_SPLIT routing=HITL_REQUIRED reason=ensemble_split
  [44/138] 'MCV-98' (Lab Test)  [elapsed 85.3m | done 1342 | skipped 7100 | errors 0]
    -> tier=TIER_3_AUTO_VALIDATED routing=AUTO_VALIDATED reason=ok
    [dry-run KG3 write OK] would write concept_id=4016239 (Erythrocyte mean corpuscular volume determination)
  [45/138] 'Neuts-57.8' (Lab Test)  [elapsed 85.3m | done 1343 | skipped 7100 | errors 0]
    -> tier=TIER_3_AUTO_VALIDATED routing=AUTO_VALIDATED reason=ok
    [dry-run KG3 write OK] would write concept_id=4148615 (Neutrophil count)
  [46/138] 'PTT-22.1' (Lab Test)  [elapsed 85.3m | done 1344 | skipped 7100 | errors 0]
    -> tier=TIER_4_ENSEMBLE_SPLIT routing=HITL_REQUIRED reason=ensemble_split
  [47/138] 'Glucose-137' (Lab Test)  [elapsed 85.6m | done 1345 | skipped 7100 | errors 0]
    -> tier=TIER_1_AUTO_VALIDATED routing=AUTO_VALIDATED reason=ok
    [dry-run KG3 write OK] would write concept_id=4149519 (Glucose measurement)
  [48/138] 'UreaN-45' (Lab Test)  [elapsed 85.8m | done 1346 | skipped 7100 | errors 0]
    -> tier=TIER_4_ENSEMBLE_SPLIT routing=HITL_REQUIRED reason=ensemble_split
  [49/138] 'HCO3-36' (Lab Test)  [elapsed 85.9m | done 1347 | skipped 7100 | errors 0]
    -> tier=TIER_1_AUTO_VALIDATED routing=AUTO_VALIDATED reason=ok
    [dry-run KG3 write OK] would write concept_id=4227915 (Bicarbonate measurement)
  [50/138] 'AnGap-15' (Lab Test)  [elapsed 86.0m | done 1348 | skipped 7100 | errors 0]
    -> tier=TIER_5_TRUE_AMBIGUITY routing=HITL_REQUIRED reason=no_candidates
  [51/138] 'ALT-4 AST-11' (Lab Test)  [elapsed 86.0m | done 1349 | skipped 7100 | errors 0]
    -> tier=TIER_5_TRUE_AMBIGUITY routing=HITL_REQUIRED reason=no_candidates
  [52/138] 'LD(LDH)' (Lab Test)  [elapsed 86.0m | done 1350 | skipped 7100 | errors 0]
    -> tier=TIER_4_ENSEMBLE_SPLIT routing=HITL_REQUIRED reason=ensemble_split
  [53/138] 'CK(CPK)-33' (Lab Test)  [elapsed 86.1m | done 1351 | skipped 7100 | errors 0]
    -> tier=TIER_3_AUTO_VALIDATED routing=AUTO_VALIDATED reason=ok
    [dry-run KG3 write OK] would write concept_id=4265595 (Creatine kinase measurement)
  [54/138] 'AlkPhos-58' (Lab Test)  [elapsed 86.1m | done 1352 | skipped 7100 | errors 0]
    -> tier=TIER_5_TRUE_AMBIGUITY routing=HITL_REQUIRED reason=no_candidates
  [55/138] 'Amylase-74' (Lab Test)  [elapsed 86.1m | done 1353 | skipped 7100 | errors 0]
    -> tier=TIER_1_AUTO_VALIDATED routing=AUTO_VALIDATED reason=ok
    [dry-run KG3 write OK] would write concept_id=4276028 (Amylase measurement)
  [56/138] 'TotBili-0.5' (Lab Test)  [elapsed 86.2m | done 1354 | skipped 7100 | errors 0]
    -> tier=TIER_5_TRUE_AMBIGUITY routing=HITL_REQUIRED reason=no_candidates
  [57/138] 'proBNP-699' (Lab Test)  [elapsed 86.3m | done 1355 | skipped 7100 | errors 0]
    -> tier=TIER_4_ENSEMBLE_SPLIT routing=HITL_REQUIRED reason=ensemble_split
  [58/138] 'cTropnT-0.03' (Lab Test)  [elapsed 86.4m | done 1356 | skipped 7100 | errors 0]
    -> tier=TIER_5_TRUE_AMBIGUITY routing=HITL_REQUIRED reason=no_candidates
  [59/138] 'CK-MB-NotDone' (Lab Test)  [elapsed 86.4m | done 1357 | skipped 7100 | errors 0]
    -> tier=TIER_5_TRUE_AMBIGUITY routing=HITL_REQUIRED reason=no_candidates
  [60/138] 'cTropnT-0.02' (Lab Test)  [elapsed 86.4m | done 1358 | skipped 7100 | errors 0]
    -> tier=TIER_5_TRUE_AMBIGUITY routing=HITL_REQUIRED reason=no_candidates
  [61/138] 'Calcium-9.4' (Lab Test)  [elapsed 86.4m | done 1359 | skipped 7100 | errors 0]
    -> tier=TIER_3_AUTO_VALIDATED routing=AUTO_VALIDATED reason=ok
    [dry-run KG3 write OK] would write concept_id=4216722 (Calcium measurement)
  [62/138] 'Albumin-4.0' (Lab Test)  [elapsed 86.4m | done 1360 | skipped 7100 | errors 0]
    -> tier=TIER_1_AUTO_VALIDATED routing=AUTO_VALIDATED reason=ok
    [dry-run KG3 write OK] would write concept_id=4097664 (Albumin measurement)
  [63/138] 'PERSA' (Medication)  [elapsed 86.5m | done 1361 | skipped 7100 | errors 0]
    -> tier=TIER_4_ENSEMBLE_SPLIT routing=HITL_REQUIRED reason=ensemble_split
  [64/138] 'Left \nventricular cavity size' (Lab Test)  [elapsed 86.6m | done 1362 | skipped 7100 | errors 0]
    -> tier=TIER_1_AUTO_VALIDATED routing=AUTO_VALIDATED reason=ok
    [dry-run KG3 write OK] would write concept_id=4353972 (Left ventricular cavity size)
  [65/138] 'left ventricle' (Anatomy)  [elapsed 86.7m | done 1363 | skipped 7100 | errors 0]
    -> tier=TIER_4_ENSEMBLE_SPLIT routing=HITL_REQUIRED reason=ensemble_split
  [66/138] 'mild' (Procedure)  [elapsed 86.8m | done 1364 | skipped 7100 | errors 0]
    -> tier=TIER_4_ENSEMBLE_SPLIT routing=HITL_REQUIRED reason=ensemble_split
  [67/138] 'HL' (Condition)  [elapsed 87.0m | done 1365 | skipped 7100 | errors 0]
    -> tier=TIER_5_TRUE_AMBIGUITY routing=HITL_REQUIRED reason=no_candidates
  [68/138] 'shortness of breath' (Symptom)  [elapsed 87.0m | done 1366 | skipped 7100 | errors 0]
    -> tier=TIER_1_AUTO_VALIDATED routing=AUTO_VALIDATED reason=ok
    [dry-run KG3 write OK] would write concept_id=312437 (Dyspnea)
  [69/138] 'Aminophylline' (Medication)  [elapsed 87.1m | done 1367 | skipped 7100 | errors 0]
    -> tier=TIER_1_AUTO_VALIDATED routing=AUTO_VALIDATED reason=ok
    [dry-run KG3 write OK] would write concept_id=1105775 (aminophylline)
  [70/138] 'Persantine' (Medication)  [elapsed 87.2m | done 1368 | skipped 7100 | errors 0]
    -> tier=TIER_3_AUTO_VALIDATED routing=AUTO_VALIDATED reason=ok
    [dry-run KG3 write OK] would write concept_id=1331270 (dipyridamole)
  [71/138] 'CHEST' (Anatomy)  [elapsed 87.2m | done 1369 | skipped 7100 | errors 0]
    -> tier=TIER_4_ENSEMBLE_SPLIT routing=HITL_REQUIRED reason=ensemble_split
  [72/138] 'lung bases' (Anatomy)  [elapsed 87.3m | done 1370 | skipped 7100 | errors 0]
    -> tier=TIER_1_AUTO_VALIDATED routing=AUTO_VALIDATED reason=ok
    [dry-run KG3 write OK] would write concept_id=4001771 (Structure of base of lung)
  [73/138] 'mediastinum' (Anatomy)  [elapsed 87.4m | done 1371 | skipped 7100 | errors 0]
    -> tier=TIER_1_AUTO_VALIDATED routing=AUTO_VALIDATED reason=ok
    [dry-run KG3 write OK] would write concept_id=4216544 (Mediastinal structure)
  [74/138] 'cardiac silhouette' (Anatomy)  [elapsed 87.5m | done 1372 | skipped 7100 | errors 0]
    -> tier=TIER_5_TRUE_AMBIGUITY routing=HITL_REQUIRED reason=no_candidates
  [75/138] 'pneumothorax' (Condition)  [elapsed 87.5m | done 1373 | skipped 7100 | errors 0]
    -> tier=TIER_1_AUTO_VALIDATED routing=AUTO_VALIDATED reason=ok
    [dry-run KG3 write OK] would write concept_id=253796 (Pneumothorax)
  [76/138] 'osseous structures' (Anatomy)  [elapsed 87.6m | done 1374 | skipped 7100 | errors 0]
    -> tier=TIER_4_ENSEMBLE_SPLIT routing=HITL_REQUIRED reason=ensemble_split
  [77/138] 'WBC-7' (Lab Test)  [elapsed 87.8m | done 1375 | skipped 7100 | errors 0]
    -> tier=TIER_3_AUTO_VALIDATED routing=AUTO_VALIDATED reason=ok
    [dry-run KG3 write OK] would write concept_id=4298431 (White blood cell count)
  [78/138] 'MCV-97' (Lab Test)  [elapsed 87.8m | done 1376 | skipped 7100 | errors 0]
    -> tier=TIER_3_AUTO_VALIDATED routing=AUTO_VALIDATED reason=ok
    [dry-run KG3 write OK] would write concept_id=4016239 (Erythrocyte mean corpuscular volume determination)
  [79/138] 'Glucose-103' (Lab Test)  [elapsed 87.8m | done 1377 | skipped 7100 | errors 0]
    -> tier=TIER_1_AUTO_VALIDATED routing=AUTO_VALIDATED reason=ok
    [dry-run KG3 write OK] would write concept_id=4149519 (Glucose measurement)
  [80/138] 'UreaN-53' (Lab Test)  [elapsed 87.9m | done 1378 | skipped 7100 | errors 0]
    -> tier=TIER_1_AUTO_VALIDATED routing=AUTO_VALIDATED reason=ok
    [dry-run KG3 write OK] would write concept_id=4020121 (Urea measurement)
  [81/138] 'AnGap-18' (Lab Test)  [elapsed 88.0m | done 1379 | skipped 7100 | errors 0]
    -> tier=TIER_5_TRUE_AMBIGUITY routing=HITL_REQUIRED reason=no_candidates
  [82/138] 'SOB' (Symptom)  [elapsed 88.0m | done 1380 | skipped 7100 | errors 0]
    -> tier=TIER_4_ENSEMBLE_SPLIT routing=HITL_REQUIRED reason=short_alphanumeric_code_trap
  [83/138] 'Chest pain' (Symptom)  [elapsed 88.1m | done 1381 | skipped 7100 | errors 0]
    -> tier=TIER_4_ENSEMBLE_SPLIT routing=HITL_REQUIRED reason=ensemble_split
  [84/138] 'LFTs' (Lab Test)  [elapsed 88.3m | done 1382 | skipped 7100 | errors 0]
    -> tier=TIER_1_AUTO_VALIDATED routing=AUTO_VALIDATED reason=ok
    [dry-run KG3 write OK] would write concept_id=37398230 (Liver function test)
  [85/138] 'amylase/lipase' (Lab Test)  [elapsed 88.3m | done 1383 | skipped 7100 | errors 0]
    -> tier=TIER_4_ENSEMBLE_SPLIT routing=HITL_REQUIRED reason=ensemble_split
  [86/138] 'tachycardia' (Symptom)  [elapsed 88.6m | done 1384 | skipped 7100 | errors 0]
    -> tier=TIER_1_AUTO_VALIDATED routing=AUTO_VALIDATED reason=ok
    [dry-run KG3 write OK] would write concept_id=444070 (Tachycardia)
  [87/138] 'hemoptysis' (Condition)  [elapsed 88.7m | done 1385 | skipped 7100 | errors 0]
    -> tier=TIER_1_AUTO_VALIDATED routing=AUTO_VALIDATED reason=ok
    [dry-run KG3 write OK] would write concept_id=261687 (Hemoptysis)
  [88/138] 'PE' (Condition)  [elapsed 88.8m | done 1386 | skipped 7100 | errors 0]
    -> tier=TIER_5_TRUE_AMBIGUITY routing=HITL_REQUIRED reason=no_candidates
  [89/138] 'Mild' (Procedure)  [elapsed 88.8m | done 1387 | skipped 7100 | errors 0]
    -> tier=TIER_1_AUTO_VALIDATED routing=AUTO_VALIDATED reason=ok
    [dry-run KG3 write OK] would write concept_id=3654363 (Minimally invasive decompression of lumbar spine)
  [90/138] 'ACS' (Condition)  [elapsed 88.9m | done 1388 | skipped 7100 | errors 0]
    -> tier=TIER_5_TRUE_AMBIGUITY routing=HITL_REQUIRED reason=unresolved_acronym
  [91/138] 'Plavix' (Medication)  [elapsed 88.9m | done 1389 | skipped 7100 | errors 0]
    -> tier=TIER_1_AUTO_VALIDATED routing=AUTO_VALIDATED reason=ok
    [dry-run KG3 write OK] would write concept_id=1322184 (clopidogrel)
  [92/138] 'Metoprolol tartrate' (Medication)  [elapsed 89.0m | done 1390 | skipped 7100 | errors 0]
    -> tier=TIER_1_AUTO_VALIDATED routing=AUTO_VALIDATED reason=ok
    [dry-run KG3 write OK] would write concept_id=1307046 (metoprolol)
  [93/138] 'Cozaar' (Medication)  [elapsed 89.1m | done 1391 | skipped 7100 | errors 0]
    -> tier=TIER_3_AUTO_VALIDATED routing=AUTO_VALIDATED reason=ok
    [dry-run KG3 write OK] would write concept_id=1367500 (losartan)
  [94/138] 'PMIBI' (Lab Test)  [elapsed 89.1m | done 1392 | skipped 7100 | errors 0]
    -> tier=TIER_4_ENSEMBLE_SPLIT routing=HITL_REQUIRED reason=ensemble_split
  [95/138] 'plavix' (Medication)  [elapsed 89.4m | done 1393 | skipped 7100 | errors 0]
    -> tier=TIER_3_AUTO_VALIDATED routing=AUTO_VALIDATED reason=ok
    [dry-run KG3 write OK] would write concept_id=1322184 (clopidogrel)
  [96/138] 'ASA' (Medication)  [elapsed 89.5m | done 1394 | skipped 7100 | errors 0]
    -> tier=TIER_5_TRUE_AMBIGUITY routing=HITL_REQUIRED reason=unresolved_acronym
  [97/138] 'simvastatin' (Medication)  [elapsed 89.5m | done 1395 | skipped 7100 | errors 0]
    -> tier=TIER_1_AUTO_VALIDATED routing=AUTO_VALIDATED reason=ok
    [dry-run KG3 write OK] would write concept_id=1539403 (simvastatin)
  [98/138] 'ESRD' (Condition)  [elapsed 89.6m | done 1396 | skipped 7100 | errors 0]
    -> tier=TIER_4_ENSEMBLE_SPLIT routing=HITL_REQUIRED reason=short_alphanumeric_code_trap
  [99/138] 'HD' (Medication)  [elapsed 89.7m | done 1397 | skipped 7100 | errors 0]
    -> tier=TIER_5_TRUE_AMBIGUITY routing=HITL_REQUIRED reason=unresolved_acronym
  [100/138] 'HTN' (Condition)  [elapsed 89.7m | done 1398 | skipped 7100 | errors 0]
    -> tier=TIER_4_ENSEMBLE_SPLIT routing=HITL_REQUIRED reason=short_alphanumeric_code_trap
  [101/138] 'HLP' (Condition)  [elapsed 89.8m | done 1399 | skipped 7100 | errors 0]
    -> tier=TIER_4_ENSEMBLE_SPLIT routing=HITL_REQUIRED reason=short_alphanumeric_code_trap
  [102/138] 'Atorvastatin' (Medication)  [elapsed 89.9m | done 1400 | skipped 7100 | errors 0]
    -> tier=TIER_1_AUTO_VALIDATED routing=AUTO_VALIDATED reason=ok
    [dry-run KG3 write OK] would write concept_id=1545958 (atorvastatin)
  [103/138] 'DM' (Condition)  [elapsed 90.0m | done 1401 | skipped 7100 | errors 0]
    -> tier=TIER_5_TRUE_AMBIGUITY routing=HITL_REQUIRED reason=unresolved_acronym
  [104/138] 'Lantus' (Medication)  [elapsed 90.0m | done 1402 | skipped 7100 | errors 0]
    -> tier=TIER_5_TRUE_AMBIGUITY routing=HITL_REQUIRED reason=below_similarity_floor
  [105/138] 'SSI' (Medication)  [elapsed 90.0m | done 1403 | skipped 7100 | errors 0]
    -> tier=TIER_5_TRUE_AMBIGUITY routing=HITL_REQUIRED reason=no_candidates
  [106/138] 'Dementia' (Condition)  [elapsed 90.0m | done 1404 | skipped 7100 | errors 0]
    -> tier=TIER_1_AUTO_VALIDATED routing=AUTO_VALIDATED reason=ok
    [dry-run KG3 write OK] would write concept_id=4182210 (Dementia)
  [107/138] 'carbidopa' (Medication)  [elapsed 90.1m | done 1405 | skipped 7100 | errors 0]
    -> tier=TIER_1_AUTO_VALIDATED routing=AUTO_VALIDATED reason=ok
    [dry-run KG3 write OK] would write concept_id=740560 (carbidopa)
  [108/138] 'levadopa' (Medication)  [elapsed 90.2m | done 1406 | skipped 7100 | errors 0]
    -> tier=TIER_4_ENSEMBLE_SPLIT routing=HITL_REQUIRED reason=ensemble_split
  [109/138] 'Sevelamer carbonate' (Medication)  [elapsed 90.5m | done 1407 | skipped 7100 | errors 0]
    -> tier=TIER_1_AUTO_VALIDATED routing=AUTO_VALIDATED reason=ok
    [dry-run KG3 write OK] would write concept_id=952004 (sevelamer)
  [110/138] 'Nephrocaps' (Medication)  [elapsed 90.6m | done 1408 | skipped 7100 | errors 0]
    -> tier=TIER_5_TRUE_AMBIGUITY routing=HITL_REQUIRED reason=below_similarity_floor
  [111/138] 'Ambien' (Medication)  [elapsed 90.6m | done 1409 | skipped 7100 | errors 0]
    -> tier=TIER_3_AUTO_VALIDATED routing=AUTO_VALIDATED reason=ok
    [dry-run KG3 write OK] would write concept_id=744740 (zolpidem)
  [112/138] 'Trazadone' (Medication)  [elapsed 90.6m | done 1410 | skipped 7100 | errors 0]
    -> tier=TIER_1_AUTO_VALIDATED routing=AUTO_VALIDATED reason=ok
    [dry-run KG3 write OK] would write concept_id=703547 (trazodone)
  [113/138] 'Insulin glargine' (Medication)  [elapsed 90.7m | done 1411 | skipped 7100 | errors 0]
    -> tier=TIER_1_AUTO_VALIDATED routing=AUTO_VALIDATED reason=ok
    [dry-run KG3 write OK] would write concept_id=1502905 (insulin glargine)
  [114/138] 'Sliding scale insulin' (Medication)  [elapsed 90.8m | done 1412 | skipped 7100 | errors 0]
    -> tier=TIER_4_ENSEMBLE_SPLIT routing=HITL_REQUIRED reason=ensemble_split
  [115/138] 'insulin' (Medication)  [elapsed 91.1m | done 1413 | skipped 7100 | errors 0]
    -> tier=TIER_4_ENSEMBLE_SPLIT routing=HITL_REQUIRED reason=ensemble_split
  [116/138] 'Metoprolol' (Medication)  [elapsed 91.4m | done 1414 | skipped 7100 | errors 0]
    -> tier=TIER_1_AUTO_VALIDATED routing=AUTO_VALIDATED reason=ok
    [dry-run KG3 write OK] would write concept_id=1307046 (metoprolol)
  [117/138] 'Metoprolol XL' (Medication)  [elapsed 91.5m | done 1415 | skipped 7100 | errors 0]
    -> tier=TIER_4_ENSEMBLE_SPLIT routing=HITL_REQUIRED reason=ensemble_split
  [118/138] 'Aspirin' (Medication)  [elapsed 91.8m | done 1416 | skipped 7100 | errors 0]
    -> tier=TIER_1_AUTO_VALIDATED routing=AUTO_VALIDATED reason=ok
    [dry-run KG3 write OK] would write concept_id=1112807 (aspirin)
  [119/138] 'Nexium' (Medication)  [elapsed 91.9m | done 1417 | skipped 7100 | errors 0]
    -> tier=TIER_3_AUTO_VALIDATED routing=AUTO_VALIDATED reason=ok
    [dry-run KG3 write OK] would write concept_id=904453 (esomeprazole)
  [120/138] 'Losartan' (Medication)  [elapsed 91.9m | done 1418 | skipped 7100 | errors 0]
    -> tier=TIER_1_AUTO_VALIDATED routing=AUTO_VALIDATED reason=ok
    [dry-run KG3 write OK] would write concept_id=1367500 (losartan)
  [121/138] 'Zolpidem' (Medication)  [elapsed 92.0m | done 1419 | skipped 7100 | errors 0]
    -> tier=TIER_1_AUTO_VALIDATED routing=AUTO_VALIDATED reason=ok
    [dry-run KG3 write OK] would write concept_id=744740 (zolpidem)
  [122/138] 'Trazodone' (Medication)  [elapsed 92.1m | done 1420 | skipped 7100 | errors 0]
    -> tier=TIER_1_AUTO_VALIDATED routing=AUTO_VALIDATED reason=ok
    [dry-run KG3 write OK] would write concept_id=703547 (trazodone)
  [123/138] 'Sevelamer Carbonate' (Medication)  [elapsed 92.2m | done 1421 | skipped 7100 | errors 0]
    -> tier=TIER_1_AUTO_VALIDATED routing=AUTO_VALIDATED reason=ok
    [dry-run KG3 write OK] would write concept_id=952004 (sevelamer)
  [124/138] 'Carbidopa-Levodopa' (Medication)  [elapsed 92.3m | done 1422 | skipped 7100 | errors 0]
    -> tier=TIER_1_AUTO_VALIDATED routing=AUTO_VALIDATED reason=ok
    [dry-run KG3 write OK] would write concept_id=740560 (carbidopa)
  [125/138] 'B Complex-Vitamin C-Folic' (Medication)  [elapsed 92.4m | done 1423 | skipped 7100 | errors 0]
    -> tier=TIER_4_ENSEMBLE_SPLIT routing=HITL_REQUIRED reason=ensemble_split
  [126/138] 'Metoprolol Succinate' (Medication)  [elapsed 92.7m | done 1424 | skipped 7100 | errors 0]
    -> tier=TIER_1_AUTO_VALIDATED routing=AUTO_VALIDATED reason=ok
    [dry-run KG3 write OK] would write concept_id=1307046 (metoprolol)
  [127/138] 'Insulin Glargine' (Medication)  [elapsed 92.8m | done 1425 | skipped 7100 | errors 0]
    -> tier=TIER_1_AUTO_VALIDATED routing=AUTO_VALIDATED reason=ok
    [dry-run KG3 write OK] would write concept_id=1502905 (insulin glargine)
  [128/138] 'Simvastatin' (Medication)  [elapsed 92.9m | done 1426 | skipped 7100 | errors 0]
    -> tier=TIER_1_AUTO_VALIDATED routing=AUTO_VALIDATED reason=ok
    [dry-run KG3 write OK] would write concept_id=1539403 (simvastatin)
  [129/138] 'Atypical chest pain' (Symptom)  [elapsed 93.0m | done 1427 | skipped 7100 | errors 0]
    -> tier=TIER_1_AUTO_VALIDATED routing=AUTO_VALIDATED reason=ok
    [dry-run KG3 write OK] would write concept_id=4010017 (Atypical chest pain)
  [130/138] 'Musculoskeletal chest pain' (Condition)  [elapsed 93.1m | done 1428 | skipped 7100 | errors 0]
    -> tier=TIER_1_AUTO_VALIDATED routing=AUTO_VALIDATED reason=ok
    [dry-run KG3 write OK] would write concept_id=4092930 (Musculoskeletal chest pain)
  [131/138] 'End stage renal disease' (Condition)  [elapsed 93.2m | done 1429 | skipped 7100 | errors 0]
    -> tier=TIER_1_AUTO_VALIDATED routing=AUTO_VALIDATED reason=ok
    [dry-run KG3 write OK] would write concept_id=193782 (End-stage renal disease)
  [132/138] 'Mental Status' (Procedure)  [elapsed 93.3m | done 1430 | skipped 7100 | errors 0]
    -> tier=TIER_3_AUTO_VALIDATED routing=AUTO_VALIDATED reason=ok
    [dry-run KG3 write OK] would write concept_id=4190990 (Neurological mental status determination)
  [133/138] 'Activity Status' (Symptom)  [elapsed 93.3m | done 1431 | skipped 7100 | errors 0]
    -> tier=TIER_3_AUTO_VALIDATED routing=AUTO_VALIDATED reason=ok
    [dry-run KG3 write OK] would write concept_id=4030753 (Physical functional dependency)
  [134/138] 'chest pain' (Symptom)  [elapsed 93.3m | done 1432 | skipped 7100 | errors 0]
    -> tier=TIER_1_AUTO_VALIDATED routing=AUTO_VALIDATED reason=ok
    [dry-run KG3 write OK] would write concept_id=77670 (Chest pain)
  [135/138] 'stress test' (Procedure)  [elapsed 93.4m | done 1433 | skipped 7100 | errors 0]
    -> tier=TIER_2_AUTO_RESOLVED routing=HITL_REQUIRED reason=tier2_auto_resolved_pending_revalidation
  [136/138] 'heart' (Lab Test)  [elapsed 93.7m | done 1434 | skipped 7100 | errors 0]
    -> tier=TIER_4_ENSEMBLE_SPLIT routing=HITL_REQUIRED reason=ensemble_split
  [137/138] 'heart' (Anatomy)  [elapsed 93.8m | done 1435 | skipped 7100 | errors 0]
    -> tier=TIER_4_ENSEMBLE_SPLIT routing=HITL_REQUIRED reason=ensemble_split
  [138/138] 'physical therapy' (Procedure)  [elapsed 93.9m | done 1436 | skipped 7100 | errors 0]
    -> tier=TIER_1_AUTO_VALIDATED routing=AUTO_VALIDATED reason=ok
    [dry-run KG3 write OK] would write concept_id=4238738 (Physical therapy procedure)
[note 63/108] 11684467-DS-26: 158 record(s), 158 remaining after resume-skip
  [1/158] 'Keflex' (Medication)  [elapsed 94.0m | done 1437 | skipped 7100 | errors 0]
    -> tier=TIER_1_AUTO_VALIDATED routing=AUTO_VALIDATED reason=ok
    [dry-run KG3 write OK] would write concept_id=4165001 (Allergy to cephalexin)
  [2/158] 'Augmentin' (Medication)  [elapsed 94.1m | done 1438 | skipped 7100 | errors 0]
    -> tier=TIER_4_ENSEMBLE_SPLIT routing=HITL_REQUIRED reason=ensemble_split
  [3/158] 'Amoxicillin' (Medication)  [elapsed 94.2m | done 1439 | skipped 7100 | errors 0]
    -> tier=TIER_1_AUTO_VALIDATED routing=AUTO_VALIDATED reason=ok
    [dry-run KG3 write OK] would write concept_id=4164876 (Allergy to amoxicillin)
  [4/158] 'Shortness of breath' (Symptom)  [elapsed 94.3m | done 1440 | skipped 7100 | errors 0]
    -> tier=TIER_1_AUTO_VALIDATED routing=AUTO_VALIDATED reason=ok
    [dry-run KG3 write OK] would write concept_id=312437 (Dyspnea)
  [5/158] 'non-productive cough' (Symptom)  [elapsed 94.4m | done 1441 | skipped 7100 | errors 0]
    -> tier=TIER_1_AUTO_VALIDATED routing=AUTO_VALIDATED reason=ok
    [dry-run KG3 write OK] would write concept_id=4038519 (Dry cough)
  [6/158] 'malaise' (Symptom)  [elapsed 94.5m | done 1442 | skipped 7100 | errors 0]
    -> tier=TIER_1_AUTO_VALIDATED routing=AUTO_VALIDATED reason=ok
    [dry-run KG3 write OK] would write concept_id=4272240 (Malaise)
  [7/158] 'dyspnea on exertion' (Condition)  [elapsed 94.6m | done 1443 | skipped 7100 | errors 0]
    -> tier=TIER_1_AUTO_VALIDATED routing=AUTO_VALIDATED reason=ok
    [dry-run KG3 write OK] would write concept_id=4263848 (Dyspnea on exertion)
  [8/158] 'inability to \nsleep' (Symptom)  [elapsed 94.7m | done 1444 | skipped 7100 | errors 0]
    -> tier=TIER_2_AUTO_RESOLVED routing=HITL_REQUIRED reason=tier2_auto_resolved_pending_revalidation
  [9/158] 'COPD' (Condition)  [elapsed 95.0m | done 1445 | skipped 7100 | errors 0]
    -> tier=TIER_4_ENSEMBLE_SPLIT routing=HITL_REQUIRED reason=short_alphanumeric_code_trap
  [10/158] 'BiPAP' (Procedure)  [elapsed 95.1m | done 1446 | skipped 7100 | errors 0]
    -> tier=TIER_4_ENSEMBLE_SPLIT routing=HITL_REQUIRED reason=ensemble_split
  [11/158] 'Blood gases' (Lab Test)  [elapsed 95.5m | done 1447 | skipped 7100 | errors 0]
    -> tier=TIER_4_ENSEMBLE_SPLIT routing=HITL_REQUIRED reason=ensemble_split
  [12/158] 'hypoxia' (Symptom)  [elapsed 95.7m | done 1448 | skipped 7100 | errors 0]
    -> tier=TIER_1_AUTO_VALIDATED routing=AUTO_VALIDATED reason=ok
    [dry-run KG3 write OK] would write concept_id=4306572 (Hypoxia)
  [13/158] 'PO2' (Lab Test)  [elapsed 95.8m | done 1449 | skipped 7100 | errors 0]
    -> tier=TIER_3_AUTO_VALIDATED routing=AUTO_VALIDATED reason=ok
    [dry-run KG3 write OK] would write concept_id=4103460 (Oxygen measurement, partial pressure, arterial)
  [14/158] 'PCO2' (Lab Test)  [elapsed 95.8m | done 1450 | skipped 7100 | errors 0]
    -> tier=TIER_1_AUTO_VALIDATED routing=AUTO_VALIDATED reason=ok
    [dry-run KG3 write OK] would write concept_id=4099545 (Carbon dioxide measurement, partial pressure)
  [15/158] 'combivent nebs' (Medication)  [elapsed 95.9m | done 1451 | skipped 7100 | errors 0]
    -> tier=TIER_4_ENSEMBLE_SPLIT routing=HITL_REQUIRED reason=ensemble_split
  [16/158] 'levofloxacin' (Medication)  [elapsed 96.3m | done 1452 | skipped 7100 | errors 0]
    -> tier=TIER_1_AUTO_VALIDATED routing=AUTO_VALIDATED reason=ok
    [dry-run KG3 write OK] would write concept_id=1742253 (levofloxacin)
  [17/158] 'fever' (Symptom)  [elapsed 96.4m | done 1453 | skipped 7100 | errors 0]
    -> tier=TIER_1_AUTO_VALIDATED routing=AUTO_VALIDATED reason=ok
    [dry-run KG3 write OK] would write concept_id=437663 (Fever)
  [18/158] 'night sweats' (Symptom)  [elapsed 96.4m | done 1454 | skipped 7100 | errors 0]
    -> tier=TIER_1_AUTO_VALIDATED routing=AUTO_VALIDATED reason=ok
    [dry-run KG3 write OK] would write concept_id=4181178 (Night sweats)
  [19/158] 'headache' (Symptom)  [elapsed 96.5m | done 1455 | skipped 7100 | errors 0]
    -> tier=TIER_4_ENSEMBLE_SPLIT routing=HITL_REQUIRED reason=ensemble_split
  [20/158] 'vision \nchanges' (Symptom)  [elapsed 96.6m | done 1456 | skipped 7100 | errors 0]
    -> tier=TIER_4_ENSEMBLE_SPLIT routing=HITL_REQUIRED reason=ensemble_split
  [21/158] 'rhinorrhea' (Symptom)  [elapsed 96.8m | done 1457 | skipped 7100 | errors 0]
    -> tier=TIER_1_AUTO_VALIDATED routing=AUTO_VALIDATED reason=ok
    [dry-run KG3 write OK] would write concept_id=4276172 (Nasal discharge)
  [22/158] 'congestion' (Symptom)  [elapsed 96.9m | done 1458 | skipped 7100 | errors 0]
    -> tier=TIER_1_AUTO_VALIDATED routing=AUTO_VALIDATED reason=ok
    [dry-run KG3 write OK] would write concept_id=4312098 (Congestion)
  [23/158] 'sore throat' (Symptom)  [elapsed 97.0m | done 1459 | skipped 7100 | errors 0]
    -> tier=TIER_4_ENSEMBLE_SPLIT routing=HITL_REQUIRED reason=ensemble_split
  [24/158] 'abdominal pain' (Symptom)  [elapsed 97.1m | done 1460 | skipped 7100 | errors 0]
    -> tier=TIER_1_AUTO_VALIDATED routing=AUTO_VALIDATED reason=ok
    [dry-run KG3 write OK] would write concept_id=200219 (Abdominal pain)
  [25/158] 'nausea' (Symptom)  [elapsed 97.2m | done 1461 | skipped 7100 | errors 0]
    -> tier=TIER_1_AUTO_VALIDATED routing=AUTO_VALIDATED reason=ok
    [dry-run KG3 write OK] would write concept_id=31967 (Nausea)
  [26/158] 'vomiting' (Symptom)  [elapsed 97.3m | done 1462 | skipped 7100 | errors 0]
    -> tier=TIER_4_ENSEMBLE_SPLIT routing=HITL_REQUIRED reason=ensemble_split
  [27/158] 'diarrhea' (Symptom)  [elapsed 97.4m | done 1463 | skipped 7100 | errors 0]
    -> tier=TIER_4_ENSEMBLE_SPLIT routing=HITL_REQUIRED reason=ensemble_split
  [28/158] 'constipation' (Symptom)  [elapsed 97.5m | done 1464 | skipped 7100 | errors 0]
    -> tier=TIER_4_ENSEMBLE_SPLIT routing=HITL_REQUIRED reason=ensemble_split
  [29/158] 'melena' (Symptom)  [elapsed 97.6m | done 1465 | skipped 7100 | errors 0]
    -> tier=TIER_4_ENSEMBLE_SPLIT routing=HITL_REQUIRED reason=ensemble_split
  [30/158] 'hematochezia' (Symptom)  [elapsed 97.7m | done 1466 | skipped 7100 | errors 0]
    -> tier=TIER_4_ENSEMBLE_SPLIT routing=HITL_REQUIRED reason=ensemble_split
  [31/158] 'dysuria' (Symptom)  [elapsed 97.8m | done 1467 | skipped 7100 | errors 0]
    -> tier=TIER_1_AUTO_VALIDATED routing=AUTO_VALIDATED reason=ok
    [dry-run KG3 write OK] would write concept_id=197684 (Dysuria)
  [32/158] 'hematuria' (Symptom)  [elapsed 97.9m | done 1468 | skipped 7100 | errors 0]
    -> tier=TIER_1_AUTO_VALIDATED routing=AUTO_VALIDATED reason=ok
    [dry-run KG3 write OK] would write concept_id=437038 (Blood in urine)
  [33/158] 'colonoscopy' (Procedure)  [elapsed 98.0m | done 1469 | skipped 7100 | errors 0]
    -> tier=TIER_1_AUTO_VALIDATED routing=AUTO_VALIDATED reason=ok
    [dry-run KG3 write OK] would write concept_id=4249893 (Colonoscopy)
  [34/158] 'MRSA bacteremia' (Condition)  [elapsed 98.0m | done 1470 | skipped 7100 | errors 0]
    -> tier=TIER_1_AUTO_VALIDATED routing=AUTO_VALIDATED reason=ok
    [dry-run KG3 write OK] would write concept_id=46270092 (Bacteremia caused by Methicillin resistant Staphylococcus aureus)
  [35/158] 'Bilateral cataract surgery' (Procedure)  [elapsed 98.2m | done 1471 | skipped 7100 | errors 0]
    -> tier=TIER_1_AUTO_VALIDATED routing=AUTO_VALIDATED reason=ok
    [dry-run KG3 write OK] would write concept_id=37151475 (Bilateral cataract surgery)
  [36/158] 'Physical Exam' (Procedure)  [elapsed 98.3m | done 1472 | skipped 7100 | errors 0]
    -> tier=TIER_3_AUTO_VALIDATED routing=AUTO_VALIDATED reason=ok
    [dry-run KG3 write OK] would write concept_id=4240345 (Physical examination)
  [37/158] 'SpO2' (Lab Test)  [elapsed 98.3m | done 1473 | skipped 7100 | errors 0]
    -> tier=TIER_1_AUTO_VALIDATED routing=AUTO_VALIDATED reason=ok
    [dry-run KG3 write OK] would write concept_id=4098046 (Pulse oximetry)
  [38/158] 'GENERAL' (Procedure)  [elapsed 98.4m | done 1474 | skipped 7100 | errors 0]
    -> tier=TIER_3_AUTO_VALIDATED routing=AUTO_VALIDATED reason=ok
    [dry-run KG3 write OK] would write concept_id=4036803 (General examination of patient)
  [39/158] 'respiratory distress' (Symptom)  [elapsed 98.4m | done 1475 | skipped 7100 | errors 0]
    -> tier=TIER_1_AUTO_VALIDATED routing=AUTO_VALIDATED reason=ok
    [dry-run KG3 write OK] would write concept_id=4158346 (Respiratory distress)
  [40/158] 'HEENT' (Procedure)  [elapsed 98.5m | done 1476 | skipped 7100 | errors 0]
    -> tier=TIER_3_AUTO_VALIDATED routing=AUTO_VALIDATED reason=ok
    [dry-run KG3 write OK] would write concept_id=4240345 (Physical examination)
  [41/158] 'Conjunctiva' (Anatomy)  [elapsed 98.5m | done 1477 | skipped 7100 | errors 0]
    -> tier=TIER_1_AUTO_VALIDATED routing=AUTO_VALIDATED reason=ok
    [dry-run KG3 write OK] would write concept_id=4105319 (Conjunctival structure)
  [42/158] 'LAD' (Anatomy)  [elapsed 98.6m | done 1478 | skipped 7100 | errors 0]
    -> tier=TIER_5_TRUE_AMBIGUITY routing=HITL_REQUIRED reason=unresolved_acronym
  [43/158] 'thyromegaly' (Condition)  [elapsed 98.6m | done 1479 | skipped 7100 | errors 0]
    -> tier=TIER_4_ENSEMBLE_SPLIT routing=HITL_REQUIRED reason=ensemble_split
  [44/158] 'CARDIAC' (Procedure)  [elapsed 98.7m | done 1480 | skipped 7100 | errors 0]
    -> tier=TIER_3_AUTO_VALIDATED routing=AUTO_VALIDATED reason=ok
    [dry-run KG3 write OK] would write concept_id=4178669 (Cardiovascular physical examination)
  [45/158] 'S1' (Anatomy)  [elapsed 98.7m | done 1481 | skipped 7100 | errors 0]
    -> tier=TIER_4_ENSEMBLE_SPLIT routing=HITL_REQUIRED reason=short_alphanumeric_code_trap
  [46/158] 'S2' (Anatomy)  [elapsed 98.8m | done 1482 | skipped 7100 | errors 0]
    -> tier=TIER_4_ENSEMBLE_SPLIT routing=HITL_REQUIRED reason=short_alphanumeric_code_trap
  [47/158] 'JVD' (Symptom)  [elapsed 98.9m | done 1483 | skipped 7100 | errors 0]
    -> tier=TIER_3_AUTO_VALIDATED routing=AUTO_VALIDATED reason=ok
    [dry-run KG3 write OK] would write concept_id=4154791 (Jugular venous engorgement)
  [48/158] 'LUNGS' (Procedure)  [elapsed 98.9m | done 1484 | skipped 7100 | errors 0]
    -> tier=TIER_3_AUTO_VALIDATED routing=AUTO_VALIDATED reason=ok
    [dry-run KG3 write OK] would write concept_id=4149530 (Examination of respiratory system)
  [49/158] 'right lower lobe' (Anatomy)  [elapsed 98.9m | done 1485 | skipped 7100 | errors 0]
    -> tier=TIER_4_ENSEMBLE_SPLIT routing=HITL_REQUIRED reason=ensemble_split
  [50/158] 'left base' (Anatomy)  [elapsed 99.0m | done 1486 | skipped 7100 | errors 0]
    -> tier=TIER_1_AUTO_VALIDATED routing=AUTO_VALIDATED reason=ok
    [dry-run KG3 write OK] would write concept_id=4264638 (Structure of base of left lung)
  [51/158] 'ABDOMEN' (Procedure)  [elapsed 99.1m | done 1487 | skipped 7100 | errors 0]
    -> tier=TIER_3_AUTO_VALIDATED routing=AUTO_VALIDATED reason=ok
    [dry-run KG3 write OK] would write concept_id=4075966 (Examination of abdomen)
  [52/158] 'EXTREMITIES' (Procedure)  [elapsed 99.1m | done 1488 | skipped 7100 | errors 0]
    -> tier=TIER_3_AUTO_VALIDATED routing=AUTO_VALIDATED reason=ok
    [dry-run KG3 write OK] would write concept_id=4121315 (Examination of limb)
  [53/158] 'edema' (Condition)  [elapsed 99.2m | done 1489 | skipped 7100 | errors 0]
    -> tier=TIER_3_AUTO_VALIDATED routing=AUTO_VALIDATED reason=ok
    [dry-run KG3 write OK] would write concept_id=433595 (Edema)
  [54/158] 'dorsalis pedis' (Anatomy)  [elapsed 99.2m | done 1490 | skipped 7100 | errors 0]
    -> tier=TIER_4_ENSEMBLE_SPLIT routing=HITL_REQUIRED reason=ensemble_split
  [55/158] 'SKIN' (Procedure)  [elapsed 99.4m | done 1491 | skipped 7100 | errors 0]
    -> tier=TIER_3_AUTO_VALIDATED routing=AUTO_VALIDATED reason=ok
    [dry-run KG3 write OK] would write concept_id=4150633 (Examination of skin)
  [56/158] 'rashes' (Condition)  [elapsed 99.4m | done 1492 | skipped 7100 | errors 0]
    -> tier=TIER_3_AUTO_VALIDATED routing=AUTO_VALIDATED reason=ok
    [dry-run KG3 write OK] would write concept_id=140214 (Eruption)
  [57/158] 'NEURO' (Procedure)  [elapsed 99.4m | done 1493 | skipped 7100 | errors 0]
    -> tier=TIER_3_AUTO_VALIDATED routing=AUTO_VALIDATED reason=ok
    [dry-run KG3 write OK] would write concept_id=4225119 (Neurological examination)
  [58/158] 'right lung base' (Anatomy)  [elapsed 99.4m | done 1494 | skipped 7100 | errors 0]
    -> tier=TIER_1_AUTO_VALIDATED routing=AUTO_VALIDATED reason=ok
    [dry-run KG3 write OK] would write concept_id=4197698 (Structure of base of right lung)
  [59/158] 'right mid lung' (Anatomy)  [elapsed 99.5m | done 1495 | skipped 7100 | errors 0]
    -> tier=TIER_4_ENSEMBLE_SPLIT routing=HITL_REQUIRED reason=ensemble_split
  [60/158] 'left' (Qualifier)  [elapsed 99.7m | done 1496 | skipped 7100 | errors 0]
    -> tier=TIER_5_TRUE_AMBIGUITY routing=HITL_REQUIRED reason=standalone_qualifier_span
  [61/158] 'lower' (Symptom)  [elapsed 99.7m | done 1497 | skipped 7100 | errors 0]
    -> tier=TIER_4_ENSEMBLE_SPLIT routing=HITL_REQUIRED reason=ensemble_split
  [62/158] 'lung' (Anatomy)  [elapsed 99.8m | done 1498 | skipped 7100 | errors 0]
    -> tier=TIER_4_ENSEMBLE_SPLIT routing=HITL_REQUIRED reason=ensemble_split
  [63/158] 'WBC-19' (Lab Test)  [elapsed 99.9m | done 1499 | skipped 7100 | errors 0]
    -> tier=TIER_3_AUTO_VALIDATED routing=AUTO_VALIDATED reason=ok
    [dry-run KG3 write OK] would write concept_id=4298431 (White blood cell count)
  [64/158] 'RBC-5' (Lab Test)  [elapsed 99.9m | done 1500 | skipped 7100 | errors 0]
    -> tier=TIER_3_AUTO_VALIDATED routing=AUTO_VALIDATED reason=ok
    [dry-run KG3 write OK] would write concept_id=4030871 (Red blood cell count)
  [65/158] 'Hgb-14' (Lab Test)  [elapsed 100.0m | done 1501 | skipped 7100 | errors 0]
    -> tier=TIER_3_AUTO_VALIDATED routing=AUTO_VALIDATED reason=ok
    [dry-run KG3 write OK] would write concept_id=40480067 (Measurement of total hemoglobin concentration)
  [66/158] 'Hct-44' (Lab Test)  [elapsed 100.0m | done 1502 | skipped 7100 | errors 0]
    -> tier=TIER_5_TRUE_AMBIGUITY routing=HITL_REQUIRED reason=below_similarity_floor
  [67/158] 'MCV-87' (Lab Test)  [elapsed 100.0m | done 1503 | skipped 7100 | errors 0]
    -> tier=TIER_3_AUTO_VALIDATED routing=AUTO_VALIDATED reason=ok
    [dry-run KG3 write OK] would write concept_id=4016239 (Erythrocyte mean corpuscular volume determination)
  [68/158] 'MCH-29' (Lab Test)  [elapsed 100.0m | done 1504 | skipped 7100 | errors 0]
    -> tier=TIER_3_AUTO_VALIDATED routing=AUTO_VALIDATED reason=ok
    [dry-run KG3 write OK] would write concept_id=4290193 (Mean corpuscular hemoglobin concentration determination)
  [69/158] 'MCHC-33' (Lab Test)  [elapsed 100.0m | done 1505 | skipped 7100 | errors 0]
    -> tier=TIER_3_AUTO_VALIDATED routing=AUTO_VALIDATED reason=ok
    [dry-run KG3 write OK] would write concept_id=4290193 (Mean corpuscular hemoglobin concentration determination)
  [70/158] 'RDW-14' (Lab Test)  [elapsed 100.0m | done 1506 | skipped 7100 | errors 0]
    -> tier=TIER_3_AUTO_VALIDATED routing=AUTO_VALIDATED reason=ok
    [dry-run KG3 write OK] would write concept_id=4281085 (Red cell distribution width determination)
  [71/158] 'Neuts-86' (Lab Test)  [elapsed 100.0m | done 1507 | skipped 7100 | errors 0]
    -> tier=TIER_3_AUTO_VALIDATED routing=AUTO_VALIDATED reason=ok
    [dry-run KG3 write OK] would write concept_id=4148615 (Neutrophil count)
  [72/158] 'Glucose-170' (Lab Test)  [elapsed 100.0m | done 1508 | skipped 7100 | errors 0]
    -> tier=TIER_1_AUTO_VALIDATED routing=AUTO_VALIDATED reason=ok
    [dry-run KG3 write OK] would write concept_id=4149519 (Glucose measurement)
  [73/158] 'UreaN-24' (Lab Test)  [elapsed 100.2m | done 1509 | skipped 7100 | errors 0]
    -> tier=TIER_1_AUTO_VALIDATED routing=AUTO_VALIDATED reason=ok
    [dry-run KG3 write OK] would write concept_id=4020121 (Urea measurement)
  [74/158] 'AnGap-17' (Lab Test)  [elapsed 100.3m | done 1510 | skipped 7100 | errors 0]
    -> tier=TIER_5_TRUE_AMBIGUITY routing=HITL_REQUIRED reason=no_candidates
  [75/158] 'cTropnT' (Lab Test)  [elapsed 100.3m | done 1511 | skipped 7100 | errors 0]
    -> tier=TIER_5_TRUE_AMBIGUITY routing=HITL_REQUIRED reason=no_candidates
  [76/158] 'CK-MB-5' (Lab Test)  [elapsed 100.3m | done 1512 | skipped 7100 | errors 0]
    -> tier=TIER_4_ENSEMBLE_SPLIT routing=HITL_REQUIRED reason=ensemble_split
  [77/158] 'Type-ART' (Lab Test)  [elapsed 100.5m | done 1513 | skipped 7100 | errors 0]
    -> tier=TIER_4_ENSEMBLE_SPLIT routing=HITL_REQUIRED reason=ensemble_split
  [78/158] 'pCO2-47' (Lab Test)  [elapsed 100.8m | done 1514 | skipped 7100 | errors 0]
    -> tier=TIER_1_AUTO_VALIDATED routing=AUTO_VALIDATED reason=ok
    [dry-run KG3 write OK] would write concept_id=4099545 (Carbon dioxide measurement, partial pressure)
  [79/158] 'pH-7.40 \ncalTCO2-30 Base XS-2' (Lab Test)  [elapsed 100.9m | done 1515 | skipped 7100 | errors 0]
    -> tier=TIER_5_TRUE_AMBIGUITY routing=HITL_REQUIRED reason=no_candidates
  [80/158] 'Lactate-1' (Lab Test)  [elapsed 100.9m | done 1516 | skipped 7100 | errors 0]
    -> tier=TIER_3_AUTO_VALIDATED routing=AUTO_VALIDATED reason=ok
    [dry-run KG3 write OK] would write concept_id=4138179 (D-lactate measurement)
  [81/158] 'asthma' (Condition)  [elapsed 100.9m | done 1517 | skipped 7100 | errors 0]
    -> tier=TIER_4_ENSEMBLE_SPLIT routing=HITL_REQUIRED reason=ensemble_split
  [82/158] 'dyspnea' (Symptom)  [elapsed 101.0m | done 1518 | skipped 7100 | errors 0]
    -> tier=TIER_1_AUTO_VALIDATED routing=AUTO_VALIDATED reason=ok
    [dry-run KG3 write OK] would write concept_id=312437 (Dyspnea)
  [83/158] 'cough' (Symptom)  [elapsed 101.1m | done 1519 | skipped 7100 | errors 0]
    -> tier=TIER_1_AUTO_VALIDATED routing=AUTO_VALIDATED reason=ok
    [dry-run KG3 write OK] would write concept_id=254761 (Cough)
  [84/158] 'Dyspnea' (Symptom)  [elapsed 101.2m | done 1520 | skipped 7100 | errors 0]
    -> tier=TIER_1_AUTO_VALIDATED routing=AUTO_VALIDATED reason=ok
    [dry-run KG3 write OK] would write concept_id=312437 (Dyspnea)
  [85/158] 'URI' (Condition)  [elapsed 101.3m | done 1521 | skipped 7100 | errors 0]
    -> tier=TIER_4_ENSEMBLE_SPLIT routing=HITL_REQUIRED reason=short_alphanumeric_code_trap
  [86/158] 'cold' (Condition)  [elapsed 101.4m | done 1522 | skipped 7100 | errors 0]
    -> tier=TIER_4_ENSEMBLE_SPLIT routing=HITL_REQUIRED reason=ensemble_split
  [87/158] 'COPD/asthma' (Condition)  [elapsed 101.5m | done 1523 | skipped 7100 | errors 0]
    -> tier=TIER_4_ENSEMBLE_SPLIT routing=HITL_REQUIRED reason=ensemble_split
  [88/158] 'Infleunza' (Lab Test)  [elapsed 101.6m | done 1524 | skipped 7100 | errors 0]
    -> tier=TIER_5_TRUE_AMBIGUITY routing=HITL_REQUIRED reason=no_candidates
  [89/158] 'CHF' (Condition)  [elapsed 101.6m | done 1525 | skipped 7100 | errors 0]
    -> tier=TIER_4_ENSEMBLE_SPLIT routing=HITL_REQUIRED reason=short_alphanumeric_code_trap
  [90/158] 'PE' (Condition)  [elapsed 101.7m | done 1526 | skipped 7100 | errors 0]
    -> tier=TIER_5_TRUE_AMBIGUITY routing=HITL_REQUIRED reason=no_candidates
  [91/158] 'bronchodilators' (Medication)  [elapsed 101.7m | done 1527 | skipped 7100 | errors 0]
    -> tier=TIER_4_ENSEMBLE_SPLIT routing=HITL_REQUIRED reason=ensemble_split
  [92/158] 'steroid' (Medication)  [elapsed 102.1m | done 1528 | skipped 7100 | errors 0]
    -> tier=TIER_4_ENSEMBLE_SPLIT routing=HITL_REQUIRED reason=ensemble_split
  [93/158] 'nebs' (Medication)  [elapsed 102.3m | done 1529 | skipped 7100 | errors 0]
    -> tier=TIER_4_ENSEMBLE_SPLIT routing=HITL_REQUIRED reason=ensemble_split
  [94/158] 'COPD/Asthma' (Condition)  [elapsed 102.5m | done 1530 | skipped 7100 | errors 0]
    -> tier=TIER_4_ENSEMBLE_SPLIT routing=HITL_REQUIRED reason=ensemble_split
  [95/158] 'WBC' (Lab Test)  [elapsed 102.6m | done 1531 | skipped 7100 | errors 0]
    -> tier=TIER_5_TRUE_AMBIGUITY routing=HITL_REQUIRED reason=unresolved_acronym
  [96/158] 'CXR' (Anatomy)  [elapsed 102.6m | done 1532 | skipped 7100 | errors 0]
    -> tier=TIER_4_ENSEMBLE_SPLIT routing=HITL_REQUIRED reason=short_alphanumeric_code_trap
  [97/158] 'metoprolol' (Medication)  [elapsed 102.7m | done 1533 | skipped 7100 | errors 0]
    -> tier=TIER_1_AUTO_VALIDATED routing=AUTO_VALIDATED reason=ok
    [dry-run KG3 write OK] would write concept_id=1307046 (metoprolol)
  [98/158] 'norvasc' (Medication)  [elapsed 102.8m | done 1534 | skipped 7100 | errors 0]
    -> tier=TIER_3_AUTO_VALIDATED routing=AUTO_VALIDATED reason=ok
    [dry-run KG3 write OK] would write concept_id=1332418 (amlodipine)
  [99/158] 'Glucose' (Lab Test)  [elapsed 102.8m | done 1535 | skipped 7100 | errors 0]
    -> tier=TIER_1_AUTO_VALIDATED routing=AUTO_VALIDATED reason=ok
    [dry-run KG3 write OK] would write concept_id=4149519 (Glucose measurement)
  [100/158] 'simvastatin' (Medication)  [elapsed 102.9m | done 1536 | skipped 7100 | errors 0]
    -> tier=TIER_1_AUTO_VALIDATED routing=AUTO_VALIDATED reason=ok
    [dry-run KG3 write OK] would write concept_id=1539403 (simvastatin)
  [101/158] 'gabapentin' (Medication)  [elapsed 103.0m | done 1537 | skipped 7100 | errors 0]
    -> tier=TIER_1_AUTO_VALIDATED routing=AUTO_VALIDATED reason=ok
    [dry-run KG3 write OK] would write concept_id=797399 (gabapentin)
  [102/158] 'aricept' (Medication)  [elapsed 103.1m | done 1538 | skipped 7100 | errors 0]
    -> tier=TIER_3_AUTO_VALIDATED routing=AUTO_VALIDATED reason=ok
    [dry-run KG3 write OK] would write concept_id=715997 (donepezil)
  [103/158] 'intubated' (Procedure)  [elapsed 103.1m | done 1539 | skipped 7100 | errors 0]
    -> tier=TIER_1_AUTO_VALIDATED routing=AUTO_VALIDATED reason=ok
    [dry-run KG3 write OK] would write concept_id=4202832 (Intubation)
  [104/158] 'Advair' (Medication)  [elapsed 103.2m | done 1540 | skipped 7100 | errors 0]
    -> tier=TIER_5_TRUE_AMBIGUITY routing=HITL_REQUIRED reason=below_similarity_floor
  [105/158] 'HCTZ' (Medication)  [elapsed 103.2m | done 1541 | skipped 7100 | errors 0]
    -> tier=TIER_4_ENSEMBLE_SPLIT routing=HITL_REQUIRED reason=short_alphanumeric_code_trap
  [106/158] 'Metoprolol' (Medication)  [elapsed 103.3m | done 1542 | skipped 7100 | errors 0]
    -> tier=TIER_1_AUTO_VALIDATED routing=AUTO_VALIDATED reason=ok
    [dry-run KG3 write OK] would write concept_id=1307046 (metoprolol)
  [107/158] 'ASA' (Medication)  [elapsed 103.4m | done 1543 | skipped 7100 | errors 0]
    -> tier=TIER_5_TRUE_AMBIGUITY routing=HITL_REQUIRED reason=unresolved_acronym
  [108/158] 'Norvasc' (Medication)  [elapsed 103.4m | done 1544 | skipped 7100 | errors 0]
    -> tier=TIER_3_AUTO_VALIDATED routing=AUTO_VALIDATED reason=ok
    [dry-run KG3 write OK] would write concept_id=1332418 (amlodipine)
  [109/158] 'Aricept' (Medication)  [elapsed 103.5m | done 1545 | skipped 7100 | errors 0]
    -> tier=TIER_3_AUTO_VALIDATED routing=AUTO_VALIDATED reason=ok
    [dry-run KG3 write OK] would write concept_id=715997 (donepezil)
  [110/158] 'Insulin NPH' (Medication)  [elapsed 103.5m | done 1546 | skipped 7100 | errors 0]
    -> tier=TIER_5_TRUE_AMBIGUITY routing=HITL_REQUIRED reason=unresolved_acronym
  [111/158] 'Humulin' (Medication)  [elapsed 103.5m | done 1547 | skipped 7100 | errors 0]
    -> tier=TIER_4_ENSEMBLE_SPLIT routing=HITL_REQUIRED reason=ensemble_split
  [112/158] 'Prednisone' (Medication)  [elapsed 104.0m | done 1548 | skipped 7100 | errors 0]
    -> tier=TIER_1_AUTO_VALIDATED routing=AUTO_VALIDATED reason=ok
    [dry-run KG3 write OK] would write concept_id=1551099 (prednisone)
  [113/158] 'Albuterol' (Medication)  [elapsed 104.1m | done 1549 | skipped 7100 | errors 0]
    -> tier=TIER_4_ENSEMBLE_SPLIT routing=HITL_REQUIRED reason=ensemble_split
  [114/158] 'shortness of \nbreath' (Symptom)  [elapsed 104.2m | done 1550 | skipped 7100 | errors 0]
    -> tier=TIER_1_AUTO_VALIDATED routing=AUTO_VALIDATED reason=ok
    [dry-run KG3 write OK] would write concept_id=312437 (Dyspnea)
  [115/158] 'wheezing' (Symptom)  [elapsed 104.3m | done 1551 | skipped 7100 | errors 0]
    -> tier=TIER_1_AUTO_VALIDATED routing=AUTO_VALIDATED reason=ok
    [dry-run KG3 write OK] would write concept_id=314754 (Wheezing)
  [116/158] 'Chantix' (Medication)  [elapsed 104.4m | done 1552 | skipped 7100 | errors 0]
    -> tier=TIER_3_AUTO_VALIDATED routing=AUTO_VALIDATED reason=ok
    [dry-run KG3 write OK] would write concept_id=780442 (varenicline)
  [117/158] 'Citalopram' (Medication)  [elapsed 104.4m | done 1553 | skipped 7100 | errors 0]
    -> tier=TIER_1_AUTO_VALIDATED routing=AUTO_VALIDATED reason=ok
    [dry-run KG3 write OK] would write concept_id=797617 (citalopram)
  [118/158] 'Fluticasone-Salmeterol' (Medication)  [elapsed 104.5m | done 1554 | skipped 7100 | errors 0]
    -> tier=TIER_4_ENSEMBLE_SPLIT routing=HITL_REQUIRED reason=ensemble_split
  [119/158] 'Gabapentin' (Medication)  [elapsed 104.8m | done 1555 | skipped 7100 | errors 0]
    -> tier=TIER_1_AUTO_VALIDATED routing=AUTO_VALIDATED reason=ok
    [dry-run KG3 write OK] would write concept_id=797399 (gabapentin)
  [120/158] 'Hydrochlorothiazide' (Medication)  [elapsed 104.9m | done 1556 | skipped 7100 | errors 0]
    -> tier=TIER_1_AUTO_VALIDATED routing=AUTO_VALIDATED reason=ok
    [dry-run KG3 write OK] would write concept_id=974166 (hydrochlorothiazide)
  [121/158] 'Metoprolol Succinate' (Medication)  [elapsed 105.0m | done 1557 | skipped 7100 | errors 0]
    -> tier=TIER_1_AUTO_VALIDATED routing=AUTO_VALIDATED reason=ok
    [dry-run KG3 write OK] would write concept_id=1307046 (metoprolol)
  [122/158] 'Simvastatin' (Medication)  [elapsed 105.2m | done 1558 | skipped 7100 | errors 0]
    -> tier=TIER_1_AUTO_VALIDATED routing=AUTO_VALIDATED reason=ok
    [dry-run KG3 write OK] would write concept_id=1539403 (simvastatin)
  [123/158] 'Aspirin' (Medication)  [elapsed 105.2m | done 1559 | skipped 7100 | errors 0]
    -> tier=TIER_4_ENSEMBLE_SPLIT routing=HITL_REQUIRED reason=ensemble_split
  [124/158] 'Amlodipine' (Medication)  [elapsed 105.4m | done 1560 | skipped 7100 | errors 0]
    -> tier=TIER_1_AUTO_VALIDATED routing=AUTO_VALIDATED reason=ok
    [dry-run KG3 write OK] would write concept_id=1332418 (amlodipine)
  [125/158] 'Donepezil' (Medication)  [elapsed 105.4m | done 1561 | skipped 7100 | errors 0]
    -> tier=TIER_1_AUTO_VALIDATED routing=AUTO_VALIDATED reason=ok
    [dry-run KG3 write OK] would write concept_id=715997 (donepezil)
  [126/158] 'Insulin' (Medication)  [elapsed 105.5m | done 1562 | skipped 7100 | errors 0]
    -> tier=TIER_4_ENSEMBLE_SPLIT routing=HITL_REQUIRED reason=ensemble_split
  [127/158] 'NPH & Regular Human' (Lab Test)  [elapsed 105.9m | done 1563 | skipped 7100 | errors 0]
    -> tier=TIER_5_TRUE_AMBIGUITY routing=HITL_REQUIRED reason=no_candidates
  [128/158] 'Tiotropium Bromide' (Medication)  [elapsed 105.9m | done 1564 | skipped 7100 | errors 0]
    -> tier=TIER_1_AUTO_VALIDATED routing=AUTO_VALIDATED reason=ok
    [dry-run KG3 write OK] would write concept_id=1106776 (tiotropium)
  [129/158] 'Inh' (Medication)  [elapsed 106.0m | done 1565 | skipped 7100 | errors 0]
    -> tier=TIER_1_AUTO_VALIDATED routing=AUTO_VALIDATED reason=ok
    [dry-run KG3 write OK] would write concept_id=1782521 (isoniazid)
  [130/158] 'Inhalation' (Procedure)  [elapsed 106.1m | done 1566 | skipped 7100 | errors 0]
    -> tier=TIER_4_ENSEMBLE_SPLIT routing=HITL_REQUIRED reason=ensemble_split
  [131/158] 'Cefpodoxime' (Medication)  [elapsed 106.4m | done 1567 | skipped 7100 | errors 0]
    -> tier=TIER_1_AUTO_VALIDATED routing=AUTO_VALIDATED reason=ok
    [dry-run KG3 write OK] would write concept_id=1749008 (cefpodoxime)
  [132/158] 'Azithromycin' (Medication)  [elapsed 106.5m | done 1568 | skipped 7100 | errors 0]
    -> tier=TIER_1_AUTO_VALIDATED routing=AUTO_VALIDATED reason=ok
    [dry-run KG3 write OK] would write concept_id=1734104 (azithromycin)
  [133/158] 'Metformin' (Medication)  [elapsed 106.6m | done 1569 | skipped 7100 | errors 0]
    -> tier=TIER_1_AUTO_VALIDATED routing=AUTO_VALIDATED reason=ok
    [dry-run KG3 write OK] would write concept_id=1503297 (metformin)
  [134/158] 'penumonia' (Condition)  [elapsed 106.7m | done 1570 | skipped 7100 | errors 0]
    -> tier=TIER_5_TRUE_AMBIGUITY routing=HITL_REQUIRED reason=no_candidates
  [135/158] 'Hypertension' (Condition)  [elapsed 106.7m | done 1571 | skipped 7100 | errors 0]
    -> tier=TIER_1_AUTO_VALIDATED routing=AUTO_VALIDATED reason=ok
    [dry-run KG3 write OK] would write concept_id=316866 (Hypertensive disorder)
  [136/158] 'Type II Diabetes' (Condition)  [elapsed 106.8m | done 1572 | skipped 7100 | errors 0]
    -> tier=TIER_1_AUTO_VALIDATED routing=AUTO_VALIDATED reason=ok
    [dry-run KG3 write OK] would write concept_id=201826 (Type 2 diabetes mellitus)
  [137/158] 'Hyperlipidemia' (Condition)  [elapsed 106.9m | done 1573 | skipped 7100 | errors 0]
    -> tier=TIER_1_AUTO_VALIDATED routing=AUTO_VALIDATED reason=ok
    [dry-run KG3 write OK] would write concept_id=432867 (Hyperlipidemia)
  [138/158] 'Peripheral Neuropathy' (Condition)  [elapsed 107.0m | done 1574 | skipped 7100 | errors 0]
    -> tier=TIER_1_AUTO_VALIDATED routing=AUTO_VALIDATED reason=ok
    [dry-run KG3 write OK] would write concept_id=4117779 (Peripheral nerve disease)
  [139/158] 'Dementia' (Condition)  [elapsed 107.1m | done 1575 | skipped 7100 | errors 0]
    -> tier=TIER_1_AUTO_VALIDATED routing=AUTO_VALIDATED reason=ok
    [dry-run KG3 write OK] would write concept_id=4182210 (Dementia)
  [140/158] 'shortness of breath' (Symptom)  [elapsed 107.2m | done 1576 | skipped 7100 | errors 0]
    -> tier=TIER_1_AUTO_VALIDATED routing=AUTO_VALIDATED reason=ok
    [dry-run KG3 write OK] would write concept_id=312437 (Dyspnea)
  [141/158] 'pneumonia' (Condition)  [elapsed 107.3m | done 1577 | skipped 7100 | errors 0]
    -> tier=TIER_1_AUTO_VALIDATED routing=AUTO_VALIDATED reason=ok
    [dry-run KG3 write OK] would write concept_id=255848 (Pneumonia)
  [142/158] 'nicotine patch' (Medication)  [elapsed 107.4m | done 1578 | skipped 7100 | errors 0]
    -> tier=TIER_1_AUTO_VALIDATED routing=AUTO_VALIDATED reason=ok
    [dry-run KG3 write OK] would write concept_id=35868900 (nicotine Medicated Patch)
  [143/158] 'chantix' (Medication)  [elapsed 107.5m | done 1579 | skipped 7100 | errors 0]
    -> tier=TIER_3_AUTO_VALIDATED routing=AUTO_VALIDATED reason=ok
    [dry-run KG3 write OK] would write concept_id=780442 (varenicline)
  [144/158] 'smoking cessation' (Procedure)  [elapsed 107.5m | done 1580 | skipped 7100 | errors 0]
    -> tier=TIER_1_AUTO_VALIDATED routing=AUTO_VALIDATED reason=ok
    [dry-run KG3 write OK] would write concept_id=46273821 (Smoking cessation therapy)
  [145/158] 'depressed mood' (Symptom)  [elapsed 107.6m | done 1581 | skipped 7100 | errors 0]
    -> tier=TIER_1_AUTO_VALIDATED routing=AUTO_VALIDATED reason=ok
    [dry-run KG3 write OK] would write concept_id=40546087 (Depressed mood)
  [146/158] 'strange \ndreams' (Symptom)  [elapsed 107.7m | done 1582 | skipped 7100 | errors 0]
    -> tier=TIER_4_ENSEMBLE_SPLIT routing=HITL_REQUIRED reason=ensemble_split
  [147/158] 'Spireva' (Medication)  [elapsed 107.9m | done 1583 | skipped 7100 | errors 0]
    -> tier=TIER_4_ENSEMBLE_SPLIT routing=HITL_REQUIRED reason=ensemble_split
  [148/158] 'COPD' (Condition)  [elapsed 108.2m | done 1584 | skipped 7100 | errors 0]
    -> tier=TIER_4_ENSEMBLE_SPLIT routing=HITL_REQUIRED reason=short_alphanumeric_code_trap
  [149/158] 'insulin' (Medication)  [elapsed 108.3m | done 1585 | skipped 7100 | errors 0]
    -> tier=TIER_4_ENSEMBLE_SPLIT routing=HITL_REQUIRED reason=ensemble_split
  [150/158] 'metformin' (Medication)  [elapsed 108.7m | done 1586 | skipped 7100 | errors 0]
    -> tier=TIER_1_AUTO_VALIDATED routing=AUTO_VALIDATED reason=ok
    [dry-run KG3 write OK] would write concept_id=1503297 (metformin)
  [151/158] 'blood sugars' (Lab Test)  [elapsed 108.7m | done 1587 | skipped 7100 | errors 0]
    -> tier=TIER_4_ENSEMBLE_SPLIT routing=HITL_REQUIRED reason=ensemble_split
  [152/158] 'prednisone' (Medication)  [elapsed 109.0m | done 1588 | skipped 7100 | errors 0]
    -> tier=TIER_4_ENSEMBLE_SPLIT routing=HITL_REQUIRED reason=ensemble_split
  [153/158] 'antibiotics' (Medication)  [elapsed 109.1m | done 1589 | skipped 7100 | errors 0]
    -> tier=TIER_4_ENSEMBLE_SPLIT routing=HITL_REQUIRED reason=ensemble_split
  [154/158] 'come' (Condition)  [elapsed 109.3m | done 1590 | skipped 7100 | errors 0]
    -> tier=TIER_4_ENSEMBLE_SPLIT routing=HITL_REQUIRED reason=ensemble_split
  [155/158] 'worsening breathing difficulties' (Symptom)  [elapsed 109.4m | done 1591 | skipped 7100 | errors 0]
    -> tier=TIER_4_ENSEMBLE_SPLIT routing=HITL_REQUIRED reason=ensemble_split
  [156/158] 'fevers' (Symptom)  [elapsed 109.8m | done 1592 | skipped 7100 | errors 0]
    -> tier=TIER_4_ENSEMBLE_SPLIT routing=HITL_REQUIRED reason=ensemble_split
  [157/158] 'chills' (Symptom)  [elapsed 110.2m | done 1593 | skipped 7100 | errors 0]
    -> tier=TIER_4_ENSEMBLE_SPLIT routing=HITL_REQUIRED reason=ensemble_split
  [158/158] 'chest pain' (Symptom)  [elapsed 110.3m | done 1594 | skipped 7100 | errors 0]
    -> tier=TIER_4_ENSEMBLE_SPLIT routing=HITL_REQUIRED reason=ensemble_split
[note 64/108] 11714071-DS-56: 173 record(s), 173 remaining after resume-skip
  [1/173] 'Aspirin' (Medication)  [elapsed 110.4m | done 1595 | skipped 7100 | errors 0]
    -> tier=TIER_4_ENSEMBLE_SPLIT routing=HITL_REQUIRED reason=ensemble_split
  [2/173] 'Penicillins' (Medication)  [elapsed 110.7m | done 1596 | skipped 7100 | errors 0]
    -> tier=TIER_1_AUTO_VALIDATED routing=AUTO_VALIDATED reason=ok
    [dry-run KG3 write OK] would write concept_id=4240903 (Allergy to penicillin)
  [3/173] 'Codeine' (Medication)  [elapsed 110.8m | done 1597 | skipped 7100 | errors 0]
    -> tier=TIER_1_AUTO_VALIDATED routing=AUTO_VALIDATED reason=ok
    [dry-run KG3 write OK] would write concept_id=4167781 (Allergy to codeine)
  [4/173] 'Inderal' (Medication)  [elapsed 110.9m | done 1598 | skipped 7100 | errors 0]
    -> tier=TIER_1_AUTO_VALIDATED routing=AUTO_VALIDATED reason=ok
    [dry-run KG3 write OK] would write concept_id=4169381 (Allergy to propranolol)
  [5/173] 'Isordil Titradose' (Medication)  [elapsed 111.0m | done 1599 | skipped 7100 | errors 0]
    -> tier=TIER_5_TRUE_AMBIGUITY routing=HITL_REQUIRED reason=no_candidates
  [6/173] 'Celexa' (Medication)  [elapsed 111.1m | done 1600 | skipped 7100 | errors 0]
    -> tier=TIER_4_ENSEMBLE_SPLIT routing=HITL_REQUIRED reason=ensemble_split
  [7/173] 'Glucophage' (Medication)  [elapsed 111.2m | done 1601 | skipped 7100 | errors 0]
    -> tier=TIER_4_ENSEMBLE_SPLIT routing=HITL_REQUIRED reason=ensemble_split
  [8/173] 'Atorvastatin' (Medication)  [elapsed 111.3m | done 1602 | skipped 7100 | errors 0]
    -> tier=TIER_4_ENSEMBLE_SPLIT routing=HITL_REQUIRED reason=ensemble_split
  [9/173] 'Dilaudid' (Medication)  [elapsed 111.4m | done 1603 | skipped 7100 | errors 0]
    -> tier=TIER_5_TRUE_AMBIGUITY routing=HITL_REQUIRED reason=no_candidates
  [10/173] 'Vioxx' (Medication)  [elapsed 111.4m | done 1604 | skipped 7100 | errors 0]
    -> tier=TIER_5_TRUE_AMBIGUITY routing=HITL_REQUIRED reason=no_candidates
  [11/173] 'Levofloxacin' (Medication)  [elapsed 111.4m | done 1605 | skipped 7100 | errors 0]
    -> tier=TIER_4_ENSEMBLE_SPLIT routing=HITL_REQUIRED reason=ensemble_split
  [12/173] 'Hydralazine And \nDerivatives' (Medication)  [elapsed 111.5m | done 1606 | skipped 7100 | errors 0]
    -> tier=TIER_5_TRUE_AMBIGUITY routing=HITL_REQUIRED reason=no_candidates
  [13/173] 'Ondansetron' (Medication)  [elapsed 111.5m | done 1607 | skipped 7100 | errors 0]
    -> tier=TIER_5_TRUE_AMBIGUITY routing=HITL_REQUIRED reason=no_candidates
  [14/173] 'Carbapenem' (Medication)  [elapsed 111.5m | done 1608 | skipped 7100 | errors 0]
    -> tier=TIER_1_AUTO_VALIDATED routing=AUTO_VALIDATED reason=ok
    [dry-run KG3 write OK] would write concept_id=4167472 (Allergy to carbapenem)
  [15/173] 'Lidocaine' (Medication)  [elapsed 111.6m | done 1609 | skipped 7100 | errors 0]
    -> tier=TIER_4_ENSEMBLE_SPLIT routing=HITL_REQUIRED reason=ensemble_split
  [16/173] 'Nortriptyline' (Medication)  [elapsed 112.0m | done 1610 | skipped 7100 | errors 0]
    -> tier=TIER_1_AUTO_VALIDATED routing=AUTO_VALIDATED reason=ok
    [dry-run KG3 write OK] would write concept_id=4165811 (Allergy to nortriptyline)
  [17/173] 'Fosfomycin' (Medication)  [elapsed 112.2m | done 1611 | skipped 7100 | errors 0]
    -> tier=TIER_1_AUTO_VALIDATED routing=AUTO_VALIDATED reason=ok
    [dry-run KG3 write OK] would write concept_id=4165008 (Allergy to fosfomycin)
  [18/173] 'Morphine' (Medication)  [elapsed 112.3m | done 1612 | skipped 7100 | errors 0]
    -> tier=TIER_4_ENSEMBLE_SPLIT routing=HITL_REQUIRED reason=ensemble_split
  [19/173] 'Trimethoprim' (Medication)  [elapsed 112.6m | done 1613 | skipped 7100 | errors 0]
    -> tier=TIER_4_ENSEMBLE_SPLIT routing=HITL_REQUIRED reason=ensemble_split
  [20/173] 'Chest pain' (Symptom)  [elapsed 112.9m | done 1614 | skipped 7100 | errors 0]
    -> tier=TIER_1_AUTO_VALIDATED routing=AUTO_VALIDATED reason=ok
    [dry-run KG3 write OK] would write concept_id=77670 (Chest pain)
  [21/173] 'Wenckebach rhythm' (Symptom)  [elapsed 113.0m | done 1615 | skipped 7100 | errors 0]
    -> tier=TIER_4_ENSEMBLE_SPLIT routing=HITL_REQUIRED reason=ensemble_split
  [22/173] 'substernal chest pressure' (Symptom)  [elapsed 113.3m | done 1616 | skipped 7100 | errors 0]
    -> tier=TIER_5_TRUE_AMBIGUITY routing=HITL_REQUIRED reason=verdict_none_correct
  [23/173] 'left' (Qualifier)  [elapsed 113.4m | done 1617 | skipped 7100 | errors 0]
    -> tier=TIER_5_TRUE_AMBIGUITY routing=HITL_REQUIRED reason=standalone_qualifier_span
  [24/173] 'arm' (Condition)  [elapsed 113.4m | done 1618 | skipped 7100 | errors 0]
    -> tier=TIER_4_ENSEMBLE_SPLIT routing=HITL_REQUIRED reason=ensemble_split
  [25/173] 'NC  \nLabs' (Lab Test)  [elapsed 113.5m | done 1619 | skipped 7100 | errors 0]
    -> tier=TIER_5_TRUE_AMBIGUITY routing=HITL_REQUIRED reason=no_candidates
  [26/173] 'Cr 1.2 (baseline)' (Lab Test)  [elapsed 113.5m | done 1620 | skipped 7100 | errors 0]
    -> tier=TIER_5_TRUE_AMBIGUITY routing=HITL_REQUIRED reason=no_candidates
  [27/173] 'troponin' (Lab Test)  [elapsed 113.5m | done 1621 | skipped 7100 | errors 0]
    -> tier=TIER_1_AUTO_VALIDATED routing=AUTO_VALIDATED reason=ok
    [dry-run KG3 write OK] would write concept_id=4021291 (Troponin measurement)
  [28/173] 'heparin bolus' (Medication)  [elapsed 113.6m | done 1622 | skipped 7100 | errors 0]
    -> tier=TIER_4_ENSEMBLE_SPLIT routing=HITL_REQUIRED reason=ensemble_split
  [29/173] 'gtt' (Medication)  [elapsed 113.9m | done 1623 | skipped 7100 | errors 0]
    -> tier=TIER_5_TRUE_AMBIGUITY routing=HITL_REQUIRED reason=unresolved_acronym
  [30/173] 'CP' (Condition)  [elapsed 114.0m | done 1624 | skipped 7100 | errors 0]
    -> tier=TIER_5_TRUE_AMBIGUITY routing=HITL_REQUIRED reason=no_candidates
  [31/173] 'general' (Symptom)  [elapsed 114.0m | done 1625 | skipped 7100 | errors 0]
    -> tier=TIER_2_AUTO_RESOLVED routing=HITL_REQUIRED reason=tier2_auto_resolved_pending_revalidation
  [32/173] 'malaise' (Symptom)  [elapsed 114.1m | done 1626 | skipped 7100 | errors 0]
    -> tier=TIER_1_AUTO_VALIDATED routing=AUTO_VALIDATED reason=ok
    [dry-run KG3 write OK] would write concept_id=4272240 (Malaise)
  [33/173] 'DOE' (Symptom)  [elapsed 114.2m | done 1627 | skipped 7100 | errors 0]
    -> tier=TIER_4_ENSEMBLE_SPLIT routing=HITL_REQUIRED reason=short_alphanumeric_code_trap
  [34/173] 'SOB' (Symptom)  [elapsed 114.3m | done 1628 | skipped 7100 | errors 0]
    -> tier=TIER_4_ENSEMBLE_SPLIT routing=HITL_REQUIRED reason=ensemble_split
  [35/173] 'MI' (Condition)  [elapsed 114.4m | done 1629 | skipped 7100 | errors 0]
    -> tier=TIER_5_TRUE_AMBIGUITY routing=HITL_REQUIRED reason=unresolved_acronym
  [36/173] 'pulmonary \nembolism' (Condition)  [elapsed 114.4m | done 1630 | skipped 7100 | errors 0]
    -> tier=TIER_1_AUTO_VALIDATED routing=AUTO_VALIDATED reason=ok
    [dry-run KG3 write OK] would write concept_id=440417 (Pulmonary embolism)
  [37/173] 'myalgias' (Symptom)  [elapsed 114.5m | done 1631 | skipped 7100 | errors 0]
    -> tier=TIER_1_AUTO_VALIDATED routing=AUTO_VALIDATED reason=ok
    [dry-run KG3 write OK] would write concept_id=442752 (Muscle pain)
  [38/173] 'joint \npains' (Symptom)  [elapsed 114.6m | done 1632 | skipped 7100 | errors 0]
    -> tier=TIER_1_AUTO_VALIDATED routing=AUTO_VALIDATED reason=ok
    [dry-run KG3 write OK] would write concept_id=77074 (Pain of joint)
  [39/173] 'cough' (Symptom)  [elapsed 114.7m | done 1633 | skipped 7100 | errors 0]
    -> tier=TIER_4_ENSEMBLE_SPLIT routing=HITL_REQUIRED reason=ensemble_split
  [40/173] 'hemoptysis' (Symptom)  [elapsed 114.8m | done 1634 | skipped 7100 | errors 0]
    -> tier=TIER_1_AUTO_VALIDATED routing=AUTO_VALIDATED reason=ok
    [dry-run KG3 write OK] would write concept_id=261687 (Hemoptysis)
  [41/173] 'dyspnea on \nexertion' (Symptom)  [elapsed 114.9m | done 1635 | skipped 7100 | errors 0]
    -> tier=TIER_1_AUTO_VALIDATED routing=AUTO_VALIDATED reason=ok
    [dry-run KG3 write OK] would write concept_id=4263848 (Dyspnea on exertion)
  [42/173] 'paroxysmal nocturnal dyspnea' (Symptom)  [elapsed 115.0m | done 1636 | skipped 7100 | errors 0]
    -> tier=TIER_1_AUTO_VALIDATED routing=AUTO_VALIDATED reason=ok
    [dry-run KG3 write OK] would write concept_id=4206307 (Paroxysmal nocturnal dyspnea)
  [43/173] 'orthopnea' (Symptom)  [elapsed 115.1m | done 1637 | skipped 7100 | errors 0]
    -> tier=TIER_1_AUTO_VALIDATED routing=AUTO_VALIDATED reason=ok
    [dry-run KG3 write OK] would write concept_id=315361 (Orthopnea)
  [44/173] 'ankle edema' (Symptom)  [elapsed 115.2m | done 1638 | skipped 7100 | errors 0]
    -> tier=TIER_1_AUTO_VALIDATED routing=AUTO_VALIDATED reason=ok
    [dry-run KG3 write OK] would write concept_id=4094513 (Ankle edema)
  [45/173] 'palpitations' (Symptom)  [elapsed 115.3m | done 1639 | skipped 7100 | errors 0]
    -> tier=TIER_1_AUTO_VALIDATED routing=AUTO_VALIDATED reason=ok
    [dry-run KG3 write OK] would write concept_id=315078 (Palpitations)
  [46/173] 'syncope' (Symptom)  [elapsed 115.4m | done 1640 | skipped 7100 | errors 0]
    -> tier=TIER_1_AUTO_VALIDATED routing=AUTO_VALIDATED reason=ok
    [dry-run KG3 write OK] would write concept_id=135360 (Syncope)
  [47/173] 'LAD' (Anatomy)  [elapsed 115.5m | done 1641 | skipped 7100 | errors 0]
    -> tier=TIER_5_TRUE_AMBIGUITY routing=HITL_REQUIRED reason=unresolved_acronym
  [48/173] 'OM1' (Anatomy)  [elapsed 115.5m | done 1642 | skipped 7100 | errors 0]
    -> tier=TIER_4_ENSEMBLE_SPLIT routing=HITL_REQUIRED reason=ensemble_split
  [49/173] 'coronary aneurysm' (Condition)  [elapsed 115.6m | done 1643 | skipped 7100 | errors 0]
    -> tier=TIER_1_AUTO_VALIDATED routing=AUTO_VALIDATED reason=ok
    [dry-run KG3 write OK] would write concept_id=316427 (Aneurysm of coronary vessels)
  [50/173] 'CRI' (Lab Test)  [elapsed 115.7m | done 1644 | skipped 7100 | errors 0]
    -> tier=TIER_4_ENSEMBLE_SPLIT routing=HITL_REQUIRED reason=ensemble_split
  [51/173] 'creatinine' (Lab Test)  [elapsed 116.0m | done 1645 | skipped 7100 | errors 0]
    -> tier=TIER_4_ENSEMBLE_SPLIT routing=HITL_REQUIRED reason=ensemble_split
  [52/173] 'Asymptomatic bradycardia' (Condition)  [elapsed 116.2m | done 1646 | skipped 7100 | errors 0]
    -> tier=TIER_1_AUTO_VALIDATED routing=AUTO_VALIDATED reason=ok
    [dry-run KG3 write OK] would write concept_id=37163612 (Asymptomatic bradycardia)
  [53/173] 'L1-2' (Anatomy)  [elapsed 116.3m | done 1647 | skipped 7100 | errors 0]
    -> tier=TIER_4_ENSEMBLE_SPLIT routing=HITL_REQUIRED reason=ensemble_split
  [54/173] 'discectomy' (Procedure)  [elapsed 116.5m | done 1648 | skipped 7100 | errors 0]
    -> tier=TIER_1_AUTO_VALIDATED routing=AUTO_VALIDATED reason=ok
    [dry-run KG3 write OK] would write concept_id=4145274 (Discectomy of spine)
  [55/173] 'L5-S1 fusion' (Procedure)  [elapsed 116.6m | done 1649 | skipped 7100 | errors 0]
    -> tier=TIER_5_TRUE_AMBIGUITY routing=HITL_REQUIRED reason=no_candidates
  [56/173] 'L2-3' (Anatomy)  [elapsed 116.7m | done 1650 | skipped 7100 | errors 0]
    -> tier=TIER_4_ENSEMBLE_SPLIT routing=HITL_REQUIRED reason=ensemble_split
  [57/173] 'L3-4' (Anatomy)  [elapsed 116.9m | done 1651 | skipped 7100 | errors 0]
    -> tier=TIER_4_ENSEMBLE_SPLIT routing=HITL_REQUIRED reason=ensemble_split
  [58/173] 'Cervical' (Anatomy)  [elapsed 117.2m | done 1652 | skipped 7100 | errors 0]
    -> tier=TIER_4_ENSEMBLE_SPLIT routing=HITL_REQUIRED reason=ensemble_split
  [59/173] 'C3-4' (Anatomy)  [elapsed 117.3m | done 1653 | skipped 7100 | errors 0]
    -> tier=TIER_5_TRUE_AMBIGUITY routing=HITL_REQUIRED reason=unresolved_acronym
  [60/173] 'C4-5' (Anatomy)  [elapsed 117.3m | done 1654 | skipped 7100 | errors 0]
    -> tier=TIER_5_TRUE_AMBIGUITY routing=HITL_REQUIRED reason=unresolved_acronym
  [61/173] 'C5-6' (Anatomy)  [elapsed 117.3m | done 1655 | skipped 7100 | errors 0]
    -> tier=TIER_4_ENSEMBLE_SPLIT routing=HITL_REQUIRED reason=ensemble_split
  [62/173] 'Foraminotomy' (Procedure)  [elapsed 117.6m | done 1656 | skipped 7100 | errors 0]
    -> tier=TIER_4_ENSEMBLE_SPLIT routing=HITL_REQUIRED reason=ensemble_split
  [63/173] 'UTIs' (Condition)  [elapsed 117.7m | done 1657 | skipped 7100 | errors 0]
    -> tier=TIER_4_ENSEMBLE_SPLIT routing=HITL_REQUIRED reason=ensemble_split
  [64/173] 'chronic suppressive methenamine' (Medication)  [elapsed 117.8m | done 1658 | skipped 7100 | errors 0]
    -> tier=TIER_5_TRUE_AMBIGUITY routing=HITL_REQUIRED reason=no_candidates
  [65/173] 'Arthritis' (Condition)  [elapsed 117.8m | done 1659 | skipped 7100 | errors 0]
    -> tier=TIER_1_AUTO_VALIDATED routing=AUTO_VALIDATED reason=ok
    [dry-run KG3 write OK] would write concept_id=4291025 (Arthritis)
  [66/173] 'Cervical spondylosis' (Condition)  [elapsed 117.9m | done 1660 | skipped 7100 | errors 0]
    -> tier=TIER_1_AUTO_VALIDATED routing=AUTO_VALIDATED reason=ok
    [dry-run KG3 write OK] would write concept_id=4308802 (Cervical spondylosis)
  [67/173] 'Osteoporosis' (Condition)  [elapsed 118.0m | done 1661 | skipped 7100 | errors 0]
    -> tier=TIER_1_AUTO_VALIDATED routing=AUTO_VALIDATED reason=ok
    [dry-run KG3 write OK] would write concept_id=80502 (Osteoporosis)
  [68/173] 'appendectomy' (Procedure)  [elapsed 118.1m | done 1662 | skipped 7100 | errors 0]
    -> tier=TIER_1_AUTO_VALIDATED routing=AUTO_VALIDATED reason=ok
    [dry-run KG3 write OK] would write concept_id=4198190 (Appendectomy)
  [69/173] 'hysterectomy' (Procedure)  [elapsed 118.2m | done 1663 | skipped 7100 | errors 0]
    -> tier=TIER_1_AUTO_VALIDATED routing=AUTO_VALIDATED reason=ok
    [dry-run KG3 write OK] would write concept_id=4127886 (Hysterectomy)
  [70/173] 'tonsillectomy' (Procedure)  [elapsed 118.3m | done 1664 | skipped 7100 | errors 0]
    -> tier=TIER_1_AUTO_VALIDATED routing=AUTO_VALIDATED reason=ok
    [dry-run KG3 write OK] would write concept_id=4070719 (Tonsillectomy)
  [71/173] 'lap \ncholecystectomy' (Procedure)  [elapsed 118.4m | done 1665 | skipped 7100 | errors 0]
    -> tier=TIER_1_AUTO_VALIDATED routing=AUTO_VALIDATED reason=ok
    [dry-run KG3 write OK] would write concept_id=4163971 (Laparoscopic cholecystectomy)
  [72/173] 'cataract surgery' (Procedure)  [elapsed 118.5m | done 1666 | skipped 7100 | errors 0]
    -> tier=TIER_1_AUTO_VALIDATED routing=AUTO_VALIDATED reason=ok
    [dry-run KG3 write OK] would write concept_id=4004519 (Cataract surgery)
  [73/173] 'lung cancer' (Condition)  [elapsed 118.6m | done 1667 | skipped 7100 | errors 0]
    -> tier=TIER_1_AUTO_VALIDATED routing=AUTO_VALIDATED reason=ok
    [dry-run KG3 write OK] would write concept_id=443388 (Malignant neoplasm of lung)
  [74/173] 'Physical Exam' (Procedure)  [elapsed 118.7m | done 1668 | skipped 7100 | errors 0]
    -> tier=TIER_3_AUTO_VALIDATED routing=AUTO_VALIDATED reason=ok
    [dry-run KG3 write OK] would write concept_id=4240345 (Physical examination)
  [75/173] 'GENERAL' (Procedure)  [elapsed 118.7m | done 1669 | skipped 7100 | errors 0]
    -> tier=TIER_3_AUTO_VALIDATED routing=AUTO_VALIDATED reason=ok
    [dry-run KG3 write OK] would write concept_id=4036803 (General examination of patient)
  [76/173] 'NAD' (Symptom)  [elapsed 118.7m | done 1670 | skipped 7100 | errors 0]
    -> tier=TIER_3_AUTO_VALIDATED routing=AUTO_VALIDATED reason=ok
    [dry-run KG3 write OK] would write concept_id=4085245 (No abnormality detected)
  [77/173] 'HEENT' (Procedure)  [elapsed 118.7m | done 1671 | skipped 7100 | errors 0]
    -> tier=TIER_3_AUTO_VALIDATED routing=AUTO_VALIDATED reason=ok
    [dry-run KG3 write OK] would write concept_id=4240345 (Physical examination)
  [78/173] 'NECK' (Procedure)  [elapsed 118.8m | done 1672 | skipped 7100 | errors 0]
    -> tier=TIER_3_AUTO_VALIDATED routing=AUTO_VALIDATED reason=ok
    [dry-run KG3 write OK] would write concept_id=4240345 (Physical examination)
  [79/173] 'CARDIAC' (Procedure)  [elapsed 118.8m | done 1673 | skipped 7100 | errors 0]
    -> tier=TIER_3_AUTO_VALIDATED routing=AUTO_VALIDATED reason=ok
    [dry-run KG3 write OK] would write concept_id=4178669 (Cardiovascular physical examination)
  [80/173] 'intercostal space' (Anatomy)  [elapsed 118.8m | done 1674 | skipped 7100 | errors 0]
    -> tier=TIER_4_ENSEMBLE_SPLIT routing=HITL_REQUIRED reason=ensemble_split
  [81/173] 'midclavicular \nline' (Anatomy)  [elapsed 118.9m | done 1675 | skipped 7100 | errors 0]
    -> tier=TIER_1_AUTO_VALIDATED routing=AUTO_VALIDATED reason=ok
    [dry-run KG3 write OK] would write concept_id=4133635 (Midclavicular line)
  [82/173] 'RR' (Symptom)  [elapsed 119.0m | done 1676 | skipped 7100 | errors 0]
    -> tier=TIER_3_AUTO_VALIDATED routing=AUTO_VALIDATED reason=ok
    [dry-run KG3 write OK] would write concept_id=4117286 (Finding of respiratory rate)
  [83/173] 'S1' (Anatomy)  [elapsed 119.0m | done 1677 | skipped 7100 | errors 0]
    -> tier=TIER_4_ENSEMBLE_SPLIT routing=HITL_REQUIRED reason=short_alphanumeric_code_trap
  [84/173] 'S2' (Anatomy)  [elapsed 119.1m | done 1678 | skipped 7100 | errors 0]
    -> tier=TIER_4_ENSEMBLE_SPLIT routing=HITL_REQUIRED reason=ensemble_split
  [85/173] 'S3' (Anatomy)  [elapsed 119.2m | done 1679 | skipped 7100 | errors 0]
    -> tier=TIER_4_ENSEMBLE_SPLIT routing=HITL_REQUIRED reason=short_alphanumeric_code_trap
  [86/173] 'S4' (Anatomy)  [elapsed 119.3m | done 1680 | skipped 7100 | errors 0]
    -> tier=TIER_4_ENSEMBLE_SPLIT routing=HITL_REQUIRED reason=ensemble_split
  [87/173] 'LUNGS' (Procedure)  [elapsed 119.4m | done 1681 | skipped 7100 | errors 0]
    -> tier=TIER_3_AUTO_VALIDATED routing=AUTO_VALIDATED reason=ok
    [dry-run KG3 write OK] would write concept_id=4149530 (Examination of respiratory system)
  [88/173] 'scoliosis' (Condition)  [elapsed 119.4m | done 1682 | skipped 7100 | errors 0]
    -> tier=TIER_1_AUTO_VALIDATED routing=AUTO_VALIDATED reason=ok
    [dry-run KG3 write OK] would write concept_id=72418 (Scoliosis deformity of spine)
  [89/173] 'ABDOMEN' (Procedure)  [elapsed 119.5m | done 1683 | skipped 7100 | errors 0]
    -> tier=TIER_3_AUTO_VALIDATED routing=AUTO_VALIDATED reason=ok
    [dry-run KG3 write OK] would write concept_id=4075966 (Examination of abdomen)
  [90/173] 'aorta' (Anatomy)  [elapsed 119.5m | done 1684 | skipped 7100 | errors 0]
    -> tier=TIER_4_ENSEMBLE_SPLIT routing=HITL_REQUIRED reason=ensemble_split
  [91/173] 'abdominial bruits' (Symptom)  [elapsed 119.6m | done 1685 | skipped 7100 | errors 0]
    -> tier=TIER_4_ENSEMBLE_SPLIT routing=HITL_REQUIRED reason=ensemble_split
  [92/173] 'EXTREMITIES' (Procedure)  [elapsed 119.7m | done 1686 | skipped 7100 | errors 0]
    -> tier=TIER_3_AUTO_VALIDATED routing=AUTO_VALIDATED reason=ok
    [dry-run KG3 write OK] would write concept_id=4121315 (Examination of limb)
  [93/173] 'femoral bruits' (Symptom)  [elapsed 119.7m | done 1687 | skipped 7100 | errors 0]
    -> tier=TIER_4_ENSEMBLE_SPLIT routing=HITL_REQUIRED reason=ensemble_split
  [94/173] 'SKIN' (Procedure)  [elapsed 120.0m | done 1688 | skipped 7100 | errors 0]
    -> tier=TIER_3_AUTO_VALIDATED routing=AUTO_VALIDATED reason=ok
    [dry-run KG3 write OK] would write concept_id=4150633 (Examination of skin)
  [95/173] 'CK' (Lab Test)  [elapsed 120.0m | done 1689 | skipped 7100 | errors 0]
    -> tier=TIER_1_AUTO_VALIDATED routing=AUTO_VALIDATED reason=ok
    [dry-run KG3 write OK] would write concept_id=4265595 (Creatine kinase measurement)
  [96/173] 'CPK' (Lab Test)  [elapsed 120.1m | done 1690 | skipped 7100 | errors 0]
    -> tier=TIER_3_AUTO_VALIDATED routing=AUTO_VALIDATED reason=ok
    [dry-run KG3 write OK] would write concept_id=4265595 (Creatine kinase measurement)
  [97/173] 'CK-MB-2' (Lab Test)  [elapsed 120.2m | done 1691 | skipped 7100 | errors 0]
    -> tier=TIER_4_ENSEMBLE_SPLIT routing=HITL_REQUIRED reason=ensemble_split
  [98/173] 'cTropnT' (Lab Test)  [elapsed 120.4m | done 1692 | skipped 7100 | errors 0]
    -> tier=TIER_5_TRUE_AMBIGUITY routing=HITL_REQUIRED reason=no_candidates
  [99/173] 'WBC-6' (Lab Test)  [elapsed 120.4m | done 1693 | skipped 7100 | errors 0]
    -> tier=TIER_3_AUTO_VALIDATED routing=AUTO_VALIDATED reason=ok
    [dry-run KG3 write OK] would write concept_id=4298431 (White blood cell count)
  [100/173] 'HTN' (Condition)  [elapsed 120.4m | done 1694 | skipped 7100 | errors 0]
    -> tier=TIER_4_ENSEMBLE_SPLIT routing=HITL_REQUIRED reason=short_alphanumeric_code_trap
  [101/173] 'Type II DM' (Condition)  [elapsed 120.5m | done 1695 | skipped 7100 | errors 0]
    -> tier=TIER_5_TRUE_AMBIGUITY routing=HITL_REQUIRED reason=unresolved_acronym
  [102/173] 'bradycardia' (Condition)  [elapsed 120.5m | done 1696 | skipped 7100 | errors 0]
    -> tier=TIER_1_AUTO_VALIDATED routing=AUTO_VALIDATED reason=ok
    [dry-run KG3 write OK] would write concept_id=4169095 (Bradycardia)
  [103/173] 'CVA' (Condition)  [elapsed 120.6m | done 1697 | skipped 7100 | errors 0]
    -> tier=TIER_5_TRUE_AMBIGUITY routing=HITL_REQUIRED reason=unresolved_acronym
  [104/173] 'coumadin' (Medication)  [elapsed 120.7m | done 1698 | skipped 7100 | errors 0]
    -> tier=TIER_3_AUTO_VALIDATED routing=AUTO_VALIDATED reason=ok
    [dry-run KG3 write OK] would write concept_id=1310149 (warfarin)
  [105/173] 'jaw' (Anatomy)  [elapsed 120.7m | done 1699 | skipped 7100 | errors 0]
    -> tier=TIER_4_ENSEMBLE_SPLIT routing=HITL_REQUIRED reason=ensemble_split
  [106/173] 'Atypical chest pain' (Condition)  [elapsed 120.8m | done 1700 | skipped 7100 | errors 0]
    -> tier=TIER_1_AUTO_VALIDATED routing=AUTO_VALIDATED reason=ok
    [dry-run KG3 write OK] would write concept_id=4010017 (Atypical chest pain)
  [107/173] 'chest pain' (Symptom)  [elapsed 120.9m | done 1701 | skipped 7100 | errors 0]
    -> tier=TIER_4_ENSEMBLE_SPLIT routing=HITL_REQUIRED reason=ensemble_split
  [108/173] 'echo' (Procedure)  [elapsed 121.0m | done 1702 | skipped 7100 | errors 0]
    -> tier=TIER_1_AUTO_VALIDATED routing=AUTO_VALIDATED reason=ok
    [dry-run KG3 write OK] would write concept_id=4230911 (Echocardiography)
  [109/173] 'CE' (Procedure)  [elapsed 121.1m | done 1703 | skipped 7100 | errors 0]
    -> tier=TIER_5_TRUE_AMBIGUITY routing=HITL_REQUIRED reason=unresolved_acronym
  [110/173] 'ACS' (Condition)  [elapsed 121.1m | done 1704 | skipped 7100 | errors 0]
    -> tier=TIER_5_TRUE_AMBIGUITY routing=HITL_REQUIRED reason=unresolved_acronym
  [111/173] 'PE' (Condition)  [elapsed 121.1m | done 1705 | skipped 7100 | errors 0]
    -> tier=TIER_5_TRUE_AMBIGUITY routing=HITL_REQUIRED reason=no_candidates
  [112/173] 'DVT' (Condition)  [elapsed 121.1m | done 1706 | skipped 7100 | errors 0]
    -> tier=TIER_4_ENSEMBLE_SPLIT routing=HITL_REQUIRED reason=short_alphanumeric_code_trap
  [113/173] 'IVC' (Symptom)  [elapsed 121.2m | done 1707 | skipped 7100 | errors 0]
    -> tier=TIER_4_ENSEMBLE_SPLIT routing=HITL_REQUIRED reason=ensemble_split
  [114/173] 'Pna' (Condition)  [elapsed 121.3m | done 1708 | skipped 7100 | errors 0]
    -> tier=TIER_4_ENSEMBLE_SPLIT routing=HITL_REQUIRED reason=ensemble_split
  [115/173] 'CXR' (Anatomy)  [elapsed 121.4m | done 1709 | skipped 7100 | errors 0]
    -> tier=TIER_4_ENSEMBLE_SPLIT routing=HITL_REQUIRED reason=ensemble_split
  [116/173] 'no cough' (Symptom)  [elapsed 121.5m | done 1710 | skipped 7100 | errors 0]
    -> tier=TIER_1_AUTO_VALIDATED routing=AUTO_VALIDATED reason=ok
    [dry-run KG3 write OK] would write concept_id=4059949 (No cough)
  [117/173] 'F/C/S' (Procedure)  [elapsed 121.6m | done 1711 | skipped 7100 | errors 0]
    -> tier=TIER_5_TRUE_AMBIGUITY routing=HITL_REQUIRED reason=no_candidates
  [118/173] 'F/C/S' (Symptom)  [elapsed 121.6m | done 1712 | skipped 7100 | errors 0]
    -> tier=TIER_5_TRUE_AMBIGUITY routing=HITL_REQUIRED reason=no_candidates
  [119/173] 'nitro gtt' (Medication)  [elapsed 121.6m | done 1713 | skipped 7100 | errors 0]
    -> tier=TIER_5_TRUE_AMBIGUITY routing=HITL_REQUIRED reason=unresolved_acronym
  [120/173] 'asa' (Medication)  [elapsed 121.6m | done 1714 | skipped 7100 | errors 0]
    -> tier=TIER_5_TRUE_AMBIGUITY routing=HITL_REQUIRED reason=unresolved_acronym
  [121/173] 'Simvastatin' (Medication)  [elapsed 121.7m | done 1715 | skipped 7100 | errors 0]
    -> tier=TIER_1_AUTO_VALIDATED routing=AUTO_VALIDATED reason=ok
    [dry-run KG3 write OK] would write concept_id=1539403 (simvastatin)
  [122/173] 'CPK' (Lab Test)  [elapsed 121.8m | done 1716 | skipped 7100 | errors 0]
    -> tier=TIER_4_ENSEMBLE_SPLIT routing=HITL_REQUIRED reason=short_alphanumeric_code_trap
  [123/173] 'Acetaminophen' (Medication)  [elapsed 121.9m | done 1717 | skipped 7100 | errors 0]
    -> tier=TIER_1_AUTO_VALIDATED routing=AUTO_VALIDATED reason=ok
    [dry-run KG3 write OK] would write concept_id=1125315 (acetaminophen)
  [124/173] 'pain' (Symptom)  [elapsed 121.9m | done 1718 | skipped 7100 | errors 0]
    -> tier=TIER_1_AUTO_VALIDATED routing=AUTO_VALIDATED reason=ok
    [dry-run KG3 write OK] would write concept_id=4329041 (Pain)
  [125/173] 'propanolol' (Medication)  [elapsed 122.0m | done 1719 | skipped 7100 | errors 0]
    -> tier=TIER_4_ENSEMBLE_SPLIT routing=HITL_REQUIRED reason=ensemble_split
  [126/173] 'UA' (Lab Test)  [elapsed 122.1m | done 1720 | skipped 7100 | errors 0]
    -> tier=TIER_1_AUTO_VALIDATED routing=AUTO_VALIDATED reason=ok
    [dry-run KG3 write OK] would write concept_id=4099313 (Urinalysis)
  [127/173] 'UTI' (Condition)  [elapsed 122.2m | done 1721 | skipped 7100 | errors 0]
    -> tier=TIER_4_ENSEMBLE_SPLIT routing=HITL_REQUIRED reason=short_alphanumeric_code_trap
  [128/173] 'compazine' (Medication)  [elapsed 122.3m | done 1722 | skipped 7100 | errors 0]
    -> tier=TIER_4_ENSEMBLE_SPLIT routing=HITL_REQUIRED reason=ensemble_split
  [129/173] 'Normocytic anemia' (Condition)  [elapsed 122.6m | done 1723 | skipped 7100 | errors 0]
    -> tier=TIER_1_AUTO_VALIDATED routing=AUTO_VALIDATED reason=ok
    [dry-run KG3 write OK] would write concept_id=4114026 (Normocytic anemia)
  [130/173] 'Hypertension' (Condition)  [elapsed 122.8m | done 1724 | skipped 7100 | errors 0]
    -> tier=TIER_4_ENSEMBLE_SPLIT routing=HITL_REQUIRED reason=ensemble_split
  [131/173] 'ACE-I' (Medication)  [elapsed 122.9m | done 1725 | skipped 7100 | errors 0]
    -> tier=TIER_4_ENSEMBLE_SPLIT routing=HITL_REQUIRED reason=ensemble_split
  [132/173] 'Diabetes Mellitus Type II' (Condition)  [elapsed 123.2m | done 1726 | skipped 7100 | errors 0]
    -> tier=TIER_1_AUTO_VALIDATED routing=AUTO_VALIDATED reason=ok
    [dry-run KG3 write OK] would write concept_id=201826 (Type 2 diabetes mellitus)
  [133/173] 'insulin' (Medication)  [elapsed 123.3m | done 1727 | skipped 7100 | errors 0]
    -> tier=TIER_4_ENSEMBLE_SPLIT routing=HITL_REQUIRED reason=ensemble_split
  [134/173] 'CKD' (Condition)  [elapsed 123.6m | done 1728 | skipped 7100 | errors 0]
    -> tier=TIER_4_ENSEMBLE_SPLIT routing=HITL_REQUIRED reason=short_alphanumeric_code_trap
  [135/173] 'Cr' (Lab Test)  [elapsed 123.7m | done 1729 | skipped 7100 | errors 0]
    -> tier=TIER_5_TRUE_AMBIGUITY routing=HITL_REQUIRED reason=unresolved_acronym
  [136/173] 'cerebrovascular accident' (Condition)  [elapsed 123.7m | done 1730 | skipped 7100 | errors 0]
    -> tier=TIER_1_AUTO_VALIDATED routing=AUTO_VALIDATED reason=ok
    [dry-run KG3 write OK] would write concept_id=381316 (Cerebrovascular accident)
  [137/173] 'GERD' (Condition)  [elapsed 123.8m | done 1731 | skipped 7100 | errors 0]
    -> tier=TIER_4_ENSEMBLE_SPLIT routing=HITL_REQUIRED reason=short_alphanumeric_code_trap
  [138/173] 'Heart' (Procedure)  [elapsed 123.9m | done 1732 | skipped 7100 | errors 0]
    -> tier=TIER_4_ENSEMBLE_SPLIT routing=HITL_REQUIRED reason=ensemble_split
  [139/173] 'Heart' (Lab Test)  [elapsed 124.0m | done 1733 | skipped 7100 | errors 0]
    -> tier=TIER_4_ENSEMBLE_SPLIT routing=HITL_REQUIRED reason=ensemble_split
  [140/173] 'PIV' (Procedure)  [elapsed 124.1m | done 1734 | skipped 7100 | errors 0]
    -> tier=TIER_5_TRUE_AMBIGUITY routing=HITL_REQUIRED reason=no_candidates
  [141/173] 'DVT ppx' (Procedure)  [elapsed 124.1m | done 1735 | skipped 7100 | errors 0]
    -> tier=TIER_2_AUTO_RESOLVED routing=HITL_REQUIRED reason=tier2_auto_resolved_pending_revalidation
  [142/173] 'heparin' (Medication)  [elapsed 124.4m | done 1736 | skipped 7100 | errors 0]
    -> tier=TIER_1_AUTO_VALIDATED routing=AUTO_VALIDATED reason=ok
    [dry-run KG3 write OK] would write concept_id=1367571 (heparin)
  [143/173] 'Pain management' (Procedure)  [elapsed 124.5m | done 1737 | skipped 7100 | errors 0]
    -> tier=TIER_1_AUTO_VALIDATED routing=AUTO_VALIDATED reason=ok
    [dry-run KG3 write OK] would write concept_id=4083171 (Pain management)
  [144/173] 'tylenol' (Medication)  [elapsed 124.5m | done 1738 | skipped 7100 | errors 0]
    -> tier=TIER_4_ENSEMBLE_SPLIT routing=HITL_REQUIRED reason=ensemble_split
  [145/173] 'Bowel regimen' (Procedure)  [elapsed 125.1m | done 1739 | skipped 7100 | errors 0]
    -> tier=TIER_5_TRUE_AMBIGUITY routing=HITL_REQUIRED reason=no_candidates
  [146/173] 'senna/colace' (Medication)  [elapsed 125.1m | done 1740 | skipped 7100 | errors 0]
    -> tier=TIER_4_ENSEMBLE_SPLIT routing=HITL_REQUIRED reason=ensemble_split
  [147/173] 'CAD' (Condition)  [elapsed 125.4m | done 1741 | skipped 7100 | errors 0]
    -> tier=TIER_5_TRUE_AMBIGUITY routing=HITL_REQUIRED reason=unresolved_acronym
  [148/173] 'aspirin' (Medication)  [elapsed 125.4m | done 1742 | skipped 7100 | errors 0]
    -> tier=TIER_1_AUTO_VALIDATED routing=AUTO_VALIDATED reason=ok
    [dry-run KG3 write OK] would write concept_id=1112807 (aspirin)
  [149/173] 'dizziness' (Symptom)  [elapsed 125.5m | done 1743 | skipped 7100 | errors 0]
    -> tier=TIER_1_AUTO_VALIDATED routing=AUTO_VALIDATED reason=ok
    [dry-run KG3 write OK] would write concept_id=4223938 (Dizziness)
  [150/173] 'alum-mag hydroxide-simeth' (Medication)  [elapsed 125.6m | done 1744 | skipped 7100 | errors 0]
    -> tier=TIER_5_TRUE_AMBIGUITY routing=HITL_REQUIRED reason=no_candidates
  [151/173] 'mL' (Procedure)  [elapsed 125.6m | done 1745 | skipped 7100 | errors 0]
    -> tier=TIER_4_ENSEMBLE_SPLIT routing=HITL_REQUIRED reason=ensemble_split
  [152/173] 'Suspension' (Symptom)  [elapsed 125.8m | done 1746 | skipped 7100 | errors 0]
    -> tier=TIER_1_AUTO_VALIDATED routing=AUTO_VALIDATED reason=ok
    [dry-run KG3 write OK] would write concept_id=4291774 (Suspension)
  [153/173] 'heartburn' (Condition)  [elapsed 125.9m | done 1747 | skipped 7100 | errors 0]
    -> tier=TIER_1_AUTO_VALIDATED routing=AUTO_VALIDATED reason=ok
    [dry-run KG3 write OK] would write concept_id=23325 (Heartburn)
  [154/173] 'gabapentin' (Medication)  [elapsed 125.9m | done 1748 | skipped 7100 | errors 0]
    -> tier=TIER_1_AUTO_VALIDATED routing=AUTO_VALIDATED reason=ok
    [dry-run KG3 write OK] would write concept_id=797399 (gabapentin)
  [155/173] 'omeprazole' (Medication)  [elapsed 126.0m | done 1749 | skipped 7100 | errors 0]
    -> tier=TIER_1_AUTO_VALIDATED routing=AUTO_VALIDATED reason=ok
    [dry-run KG3 write OK] would write concept_id=923645 (omeprazole)
  [156/173] 'prochlorperazine maleate' (Medication)  [elapsed 126.1m | done 1750 | skipped 7100 | errors 0]
    -> tier=TIER_1_AUTO_VALIDATED routing=AUTO_VALIDATED reason=ok
    [dry-run KG3 write OK] would write concept_id=752061 (prochlorperazine)
  [157/173] 'Nausea' (Symptom)  [elapsed 126.2m | done 1751 | skipped 7100 | errors 0]
    -> tier=TIER_1_AUTO_VALIDATED routing=AUTO_VALIDATED reason=ok
    [dry-run KG3 write OK] would write concept_id=31967 (Nausea)
  [158/173] 'ticlopidine' (Medication)  [elapsed 126.3m | done 1752 | skipped 7100 | errors 0]
    -> tier=TIER_1_AUTO_VALIDATED routing=AUTO_VALIDATED reason=ok
    [dry-run KG3 write OK] would write concept_id=1302398 (ticlopidine)
  [159/173] 'meclizine' (Medication)  [elapsed 126.4m | done 1753 | skipped 7100 | errors 0]
    -> tier=TIER_1_AUTO_VALIDATED routing=AUTO_VALIDATED reason=ok
    [dry-run KG3 write OK] would write concept_id=994341 (meclizine)
  [160/173] 'nausea' (Symptom)  [elapsed 126.5m | done 1754 | skipped 7100 | errors 0]
    -> tier=TIER_1_AUTO_VALIDATED routing=AUTO_VALIDATED reason=ok
    [dry-run KG3 write OK] would write concept_id=31967 (Nausea)
  [161/173] 'Lantus' (Medication)  [elapsed 126.6m | done 1755 | skipped 7100 | errors 0]
    -> tier=TIER_5_TRUE_AMBIGUITY routing=HITL_REQUIRED reason=below_similarity_floor
  [162/173] 'simvastatin' (Medication)  [elapsed 126.6m | done 1756 | skipped 7100 | errors 0]
    -> tier=TIER_1_AUTO_VALIDATED routing=AUTO_VALIDATED reason=ok
    [dry-run KG3 write OK] would write concept_id=1539403 (simvastatin)
  [163/173] 'Atypical chest pain' (Symptom)  [elapsed 126.7m | done 1757 | skipped 7100 | errors 0]
    -> tier=TIER_1_AUTO_VALIDATED routing=AUTO_VALIDATED reason=ok
    [dry-run KG3 write OK] would write concept_id=4010017 (Atypical chest pain)
  [164/173] 'cardiac enzymes' (Lab Test)  [elapsed 126.8m | done 1758 | skipped 7100 | errors 0]
    -> tier=TIER_4_ENSEMBLE_SPLIT routing=HITL_REQUIRED reason=ensemble_split
  [165/173] 'electrocardiogram' (Procedure)  [elapsed 127.0m | done 1759 | skipped 7100 | errors 0]
    -> tier=TIER_4_ENSEMBLE_SPLIT routing=HITL_REQUIRED reason=ensemble_split
  [166/173] 'Mental Status' (Procedure)  [elapsed 127.1m | done 1760 | skipped 7100 | errors 0]
    -> tier=TIER_3_AUTO_VALIDATED routing=AUTO_VALIDATED reason=ok
    [dry-run KG3 write OK] would write concept_id=4190990 (Neurological mental status determination)
  [167/173] 'Activity Status' (Symptom)  [elapsed 127.1m | done 1761 | skipped 7100 | errors 0]
    -> tier=TIER_3_AUTO_VALIDATED routing=AUTO_VALIDATED reason=ok
    [dry-run KG3 write OK] would write concept_id=4030753 (Physical functional dependency)
  [168/173] 'chest pain' (Condition)  [elapsed 127.1m | done 1762 | skipped 7100 | errors 0]
    -> tier=TIER_1_AUTO_VALIDATED routing=AUTO_VALIDATED reason=ok
    [dry-run KG3 write OK] would write concept_id=77670 (Chest pain)
  [169/173] 'EKGs' (Procedure)  [elapsed 127.2m | done 1763 | skipped 7100 | errors 0]
    -> tier=TIER_1_AUTO_VALIDATED routing=AUTO_VALIDATED reason=ok
    [dry-run KG3 write OK] would write concept_id=4163951 (Electrocardiographic procedure)
  [170/173] 'heart' (Lab Test)  [elapsed 127.3m | done 1764 | skipped 7100 | errors 0]
    -> tier=TIER_4_ENSEMBLE_SPLIT routing=HITL_REQUIRED reason=ensemble_split
  [171/173] 'heart' (Procedure)  [elapsed 127.4m | done 1765 | skipped 7100 | errors 0]
    -> tier=TIER_4_ENSEMBLE_SPLIT routing=HITL_REQUIRED reason=ensemble_split
  [172/173] 'cervical' (Anatomy)  [elapsed 127.5m | done 1766 | skipped 7100 | errors 0]
    -> tier=None routing=HITL_REQUIRED reason=below_confidence_threshold
  [173/173] 'stenosis' (Symptom)  [elapsed 127.6m | done 1767 | skipped 7100 | errors 0]
    -> tier=TIER_1_AUTO_VALIDATED routing=AUTO_VALIDATED reason=ok
    [dry-run KG3 write OK] would write concept_id=4217691 (Stenosis)
[note 65/108] 11783215-DS-18: 152 record(s), 16 remaining after resume-skip
  [1/16] 'H/H' (Lab Test)  [elapsed 127.7m | done 1768 | skipped 7236 | errors 0]
    -> tier=TIER_3_AUTO_VALIDATED routing=AUTO_VALIDATED reason=ok
    [dry-run KG3 write OK] would write concept_id=4288754 (Measurement of total hemoglobin concentration and hematocrit)
  [2/16] 'WBC' (Lab Test)  [elapsed 127.7m | done 1769 | skipped 7236 | errors 0]
    -> tier=TIER_5_TRUE_AMBIGUITY routing=HITL_REQUIRED reason=unresolved_acronym
  [3/16] 'ALT' (Lab Test)  [elapsed 127.7m | done 1770 | skipped 7236 | errors 0]
    -> tier=TIER_3_AUTO_VALIDATED routing=AUTO_VALIDATED reason=ok
    [dry-run KG3 write OK] would write concept_id=4146380 (Alanine aminotransferase measurement)
  [4/16] 'AST' (Lab Test)  [elapsed 127.7m | done 1771 | skipped 7236 | errors 0]
    -> tier=TIER_3_AUTO_VALIDATED routing=AUTO_VALIDATED reason=ok
    [dry-run KG3 write OK] would write concept_id=4263457 (Aspartate aminotransferase measurement)
  [5/16] 'MCV-72' (Lab Test)  [elapsed 127.8m | done 1772 | skipped 7236 | errors 0]
    -> tier=TIER_3_AUTO_VALIDATED routing=AUTO_VALIDATED reason=ok
    [dry-run KG3 write OK] would write concept_id=4016239 (Erythrocyte mean corpuscular volume determination)
  [6/16] 'ALT-248' (Lab Test)  [elapsed 127.8m | done 1773 | skipped 7236 | errors 0]
    -> tier=TIER_3_AUTO_VALIDATED routing=AUTO_VALIDATED reason=ok
    [dry-run KG3 write OK] would write concept_id=44810789 (Alanine transaminase activity measurement)
  [7/16] 'AST-280' (Lab Test)  [elapsed 127.8m | done 1774 | skipped 7236 | errors 0]
    -> tier=TIER_3_AUTO_VALIDATED routing=AUTO_VALIDATED reason=ok
    [dry-run KG3 write OK] would write concept_id=4263457 (Aspartate aminotransferase measurement)
  [8/16] 'MCV-71' (Lab Test)  [elapsed 127.8m | done 1775 | skipped 7236 | errors 0]
    -> tier=TIER_3_AUTO_VALIDATED routing=AUTO_VALIDATED reason=ok
    [dry-run KG3 write OK] would write concept_id=4016239 (Erythrocyte mean corpuscular volume determination)
  [9/16] 'ALT-130' (Lab Test)  [elapsed 127.8m | done 1776 | skipped 7236 | errors 0]
    -> tier=TIER_3_AUTO_VALIDATED routing=AUTO_VALIDATED reason=ok
    [dry-run KG3 write OK] would write concept_id=44810789 (Alanine transaminase activity measurement)
  [10/16] 'AST-71' (Lab Test)  [elapsed 127.8m | done 1777 | skipped 7236 | errors 0]
    -> tier=TIER_3_AUTO_VALIDATED routing=AUTO_VALIDATED reason=ok
    [dry-run KG3 write OK] would write concept_id=4263457 (Aspartate aminotransferase measurement)
  [11/16] 'CPK' (Lab Test)  [elapsed 127.8m | done 1778 | skipped 7236 | errors 0]
    -> tier=TIER_3_AUTO_VALIDATED routing=AUTO_VALIDATED reason=ok
    [dry-run KG3 write OK] would write concept_id=4265595 (Creatine kinase measurement)
  [12/16] 'CK' (Lab Test)  [elapsed 127.8m | done 1779 | skipped 7236 | errors 0]
    -> tier=TIER_3_AUTO_VALIDATED routing=AUTO_VALIDATED reason=ok
    [dry-run KG3 write OK] would write concept_id=4265595 (Creatine kinase measurement)
  [13/16] 'AST' (Lab Test)  [elapsed 127.9m | done 1780 | skipped 7236 | errors 0]
    -> tier=TIER_3_AUTO_VALIDATED routing=AUTO_VALIDATED reason=ok
    [dry-run KG3 write OK] would write concept_id=4263457 (Aspartate aminotransferase measurement)
  [14/16] 'CRP' (Lab Test)  [elapsed 127.9m | done 1781 | skipped 7236 | errors 0]
    -> tier=TIER_3_AUTO_VALIDATED routing=AUTO_VALIDATED reason=ok
    [dry-run KG3 write OK] would write concept_id=4208414 (C-reactive protein measurement)
  [15/16] 'SBP' (Lab Test)  [elapsed 127.9m | done 1782 | skipped 7236 | errors 0]
    -> tier=TIER_5_TRUE_AMBIGUITY routing=HITL_REQUIRED reason=unresolved_acronym
  [16/16] 'GFR' (Lab Test)  [elapsed 127.9m | done 1783 | skipped 7236 | errors 0]
    -> tier=TIER_3_AUTO_VALIDATED routing=AUTO_VALIDATED reason=ok
    [dry-run KG3 write OK] would write concept_id=44790183 (Glomerular filtration rate testing)
[note 66/108] 11799619-DS-27: 138 record(s), 11 remaining after resume-skip
  [1/11] 'WBC 17' (Lab Test)  [elapsed 127.9m | done 1784 | skipped 7363 | errors 0]
    -> tier=TIER_5_TRUE_AMBIGUITY routing=HITL_REQUIRED reason=unresolved_acronym
  [2/11] 'WBC-17' (Lab Test)  [elapsed 127.9m | done 1785 | skipped 7363 | errors 0]
    -> tier=TIER_3_AUTO_VALIDATED routing=AUTO_VALIDATED reason=ok
    [dry-run KG3 write OK] would write concept_id=4298431 (White blood cell count)
  [3/11] 'MCV-84' (Lab Test)  [elapsed 127.9m | done 1786 | skipped 7363 | errors 0]
    -> tier=TIER_3_AUTO_VALIDATED routing=AUTO_VALIDATED reason=ok
    [dry-run KG3 write OK] would write concept_id=4016239 (Erythrocyte mean corpuscular volume determination)
  [4/11] 'MCH-27' (Lab Test)  [elapsed 127.9m | done 1787 | skipped 7363 | errors 0]
    -> tier=TIER_3_AUTO_VALIDATED routing=AUTO_VALIDATED reason=ok
    [dry-run KG3 write OK] would write concept_id=4290193 (Mean corpuscular hemoglobin concentration determination)
  [5/11] 'MCHC-32' (Lab Test)  [elapsed 128.0m | done 1788 | skipped 7363 | errors 0]
    -> tier=TIER_3_AUTO_VALIDATED routing=AUTO_VALIDATED reason=ok
    [dry-run KG3 write OK] would write concept_id=4290193 (Mean corpuscular hemoglobin concentration determination)
  [6/11] 'RDW-18' (Lab Test)  [elapsed 128.0m | done 1789 | skipped 7363 | errors 0]
    -> tier=TIER_3_AUTO_VALIDATED routing=AUTO_VALIDATED reason=ok
    [dry-run KG3 write OK] would write concept_id=4281085 (Red cell distribution width determination)
  [7/11] 'RBC-5' (Lab Test)  [elapsed 128.0m | done 1790 | skipped 7363 | errors 0]
    -> tier=TIER_3_AUTO_VALIDATED routing=AUTO_VALIDATED reason=ok
    [dry-run KG3 write OK] would write concept_id=4030871 (Red blood cell count)
  [8/11] 'MCV-85' (Lab Test)  [elapsed 128.0m | done 1791 | skipped 7363 | errors 0]
    -> tier=TIER_3_AUTO_VALIDATED routing=AUTO_VALIDATED reason=ok
    [dry-run KG3 write OK] would write concept_id=4016239 (Erythrocyte mean corpuscular volume determination)
  [9/11] 'MCH-26' (Lab Test)  [elapsed 128.0m | done 1792 | skipped 7363 | errors 0]
    -> tier=TIER_3_AUTO_VALIDATED routing=AUTO_VALIDATED reason=ok
    [dry-run KG3 write OK] would write concept_id=4290193 (Mean corpuscular hemoglobin concentration determination)
  [10/11] 'MCHC-31' (Lab Test)  [elapsed 128.0m | done 1793 | skipped 7363 | errors 0]
    -> tier=TIER_3_AUTO_VALIDATED routing=AUTO_VALIDATED reason=ok
    [dry-run KG3 write OK] would write concept_id=4290193 (Mean corpuscular hemoglobin concentration determination)
  [11/11] 'RDW-19' (Lab Test)  [elapsed 128.0m | done 1794 | skipped 7363 | errors 0]
    -> tier=TIER_3_AUTO_VALIDATED routing=AUTO_VALIDATED reason=ok
    [dry-run KG3 write OK] would write concept_id=4281085 (Red cell distribution width determination)
[note 67/108] 11806511-DS-10: 78 record(s), 12 remaining after resume-skip
  [1/12] 'RBC-3.95' (Lab Test)  [elapsed 128.0m | done 1795 | skipped 7429 | errors 0]
    -> tier=TIER_3_AUTO_VALIDATED routing=AUTO_VALIDATED reason=ok
    [dry-run KG3 write OK] would write concept_id=4030871 (Red blood cell count)
  [2/12] 'HGB-11.4' (Lab Test)  [elapsed 128.1m | done 1796 | skipped 7429 | errors 0]
    -> tier=TIER_3_AUTO_VALIDATED routing=AUTO_VALIDATED reason=ok
    [dry-run KG3 write OK] would write concept_id=40480067 (Measurement of total hemoglobin concentration)
  [3/12] 'MCV-86' (Lab Test)  [elapsed 128.1m | done 1797 | skipped 7429 | errors 0]
    -> tier=TIER_3_AUTO_VALIDATED routing=AUTO_VALIDATED reason=ok
    [dry-run KG3 write OK] would write concept_id=4016239 (Erythrocyte mean corpuscular volume determination)
  [4/12] 'MCH-28' (Lab Test)  [elapsed 128.1m | done 1798 | skipped 7429 | errors 0]
    -> tier=TIER_3_AUTO_VALIDATED routing=AUTO_VALIDATED reason=ok
    [dry-run KG3 write OK] would write concept_id=4290193 (Mean corpuscular hemoglobin concentration determination)
  [5/12] 'MCHC-33' (Lab Test)  [elapsed 128.1m | done 1799 | skipped 7429 | errors 0]
    -> tier=TIER_3_AUTO_VALIDATED routing=AUTO_VALIDATED reason=ok
    [dry-run KG3 write OK] would write concept_id=4290193 (Mean corpuscular hemoglobin concentration determination)
  [6/12] 'RDW-14.5' (Lab Test)  [elapsed 128.1m | done 1800 | skipped 7429 | errors 0]
    -> tier=TIER_3_AUTO_VALIDATED routing=AUTO_VALIDATED reason=ok
    [dry-run KG3 write OK] would write concept_id=4281085 (Red cell distribution width determination)
  [7/12] 'NEUTS-68.2' (Lab Test)  [elapsed 128.1m | done 1801 | skipped 7429 | errors 0]
    -> tier=TIER_3_AUTO_VALIDATED routing=AUTO_VALIDATED reason=ok
    [dry-run KG3 write OK] would write concept_id=4148615 (Neutrophil count)
  [8/12] 'EOS-4.6' (Lab Test)  [elapsed 128.1m | done 1802 | skipped 7429 | errors 0]
    -> tier=TIER_3_AUTO_VALIDATED routing=AUTO_VALIDATED reason=ok
    [dry-run KG3 write OK] would write concept_id=4216098 (Eosinophil count)
  [9/12] 'CREAT-1.0' (Lab Test)  [elapsed 128.1m | done 1803 | skipped 7429 | errors 0]
    -> tier=TIER_3_AUTO_VALIDATED routing=AUTO_VALIDATED reason=ok
    [dry-run KG3 write OK] would write concept_id=4324383 (Creatinine measurement)
  [10/12] 'SODIUM-132' (Lab Test)  [elapsed 128.2m | done 1804 | skipped 7429 | errors 0]
    -> tier=TIER_3_AUTO_VALIDATED routing=AUTO_VALIDATED reason=ok
    [dry-run KG3 write OK] would write concept_id=4097430 (Sodium measurement)
  [11/12] 'POTASSIUM-4.2' (Lab Test)  [elapsed 128.2m | done 1805 | skipped 7429 | errors 0]
    -> tier=TIER_3_AUTO_VALIDATED routing=AUTO_VALIDATED reason=ok
    [dry-run KG3 write OK] would write concept_id=4245152 (Potassium measurement)
  [12/12] 'TOTAL CO2-24' (Lab Test)  [elapsed 128.2m | done 1806 | skipped 7429 | errors 0]
    -> tier=TIER_3_AUTO_VALIDATED routing=AUTO_VALIDATED reason=ok
    [dry-run KG3 write OK] would write concept_id=4135963 (Carbon dioxide content measurement)
[note 68/108] 11810606-DS-7: 137 record(s), 13 remaining after resume-skip
  [1/13] 'plt' (Lab Test)  [elapsed 128.2m | done 1807 | skipped 7553 | errors 0]
    -> tier=TIER_3_AUTO_VALIDATED routing=AUTO_VALIDATED reason=ok
    [dry-run KG3 write OK] would write concept_id=4267147 (Platelet count)
  [2/13] 'WBC' (Lab Test)  [elapsed 128.2m | done 1808 | skipped 7553 | errors 0]
    -> tier=TIER_5_TRUE_AMBIGUITY routing=HITL_REQUIRED reason=unresolved_acronym
  [3/13] 'RBC' (Lab Test)  [elapsed 128.2m | done 1809 | skipped 7553 | errors 0]
    -> tier=TIER_5_TRUE_AMBIGUITY routing=HITL_REQUIRED reason=unresolved_acronym
  [4/13] 'Hgb-16' (Lab Test)  [elapsed 128.2m | done 1810 | skipped 7553 | errors 0]
    -> tier=TIER_3_AUTO_VALIDATED routing=AUTO_VALIDATED reason=ok
    [dry-run KG3 write OK] would write concept_id=40480067 (Measurement of total hemoglobin concentration)
  [5/13] 'RDW-15' (Lab Test)  [elapsed 128.2m | done 1811 | skipped 7553 | errors 0]
    -> tier=TIER_3_AUTO_VALIDATED routing=AUTO_VALIDATED reason=ok
    [dry-run KG3 write OK] would write concept_id=4281085 (Red cell distribution width determination)
  [6/13] 'Plt' (Lab Test)  [elapsed 128.3m | done 1812 | skipped 7553 | errors 0]
    -> tier=TIER_3_AUTO_VALIDATED routing=AUTO_VALIDATED reason=ok
    [dry-run KG3 write OK] would write concept_id=4267147 (Platelet count)
  [7/13] 'ALT-20' (Lab Test)  [elapsed 128.3m | done 1813 | skipped 7553 | errors 0]
    -> tier=TIER_3_AUTO_VALIDATED routing=AUTO_VALIDATED reason=ok
    [dry-run KG3 write OK] would write concept_id=44810789 (Alanine transaminase activity measurement)
  [8/13] 'AST-22' (Lab Test)  [elapsed 128.3m | done 1814 | skipped 7553 | errors 0]
    -> tier=TIER_3_AUTO_VALIDATED routing=AUTO_VALIDATED reason=ok
    [dry-run KG3 write OK] would write concept_id=4263457 (Aspartate aminotransferase measurement)
  [9/13] 'Calcium-9' (Lab Test)  [elapsed 128.3m | done 1815 | skipped 7553 | errors 0]
    -> tier=TIER_3_AUTO_VALIDATED routing=AUTO_VALIDATED reason=ok
    [dry-run KG3 write OK] would write concept_id=4216722 (Calcium measurement)
  [10/13] 'Potassium' (Lab Test)  [elapsed 128.3m | done 1816 | skipped 7553 | errors 0]
    -> tier=TIER_3_AUTO_VALIDATED routing=AUTO_VALIDATED reason=ok
    [dry-run KG3 write OK] would write concept_id=4245152 (Potassium measurement)
  [11/13] 'A1c' (Lab Test)  [elapsed 128.3m | done 1817 | skipped 7553 | errors 0]
    -> tier=TIER_3_AUTO_VALIDATED routing=AUTO_VALIDATED reason=ok
    [dry-run KG3 write OK] would write concept_id=4184637 (Hemoglobin A1c measurement)
  [12/13] 'potassium' (Lab Test)  [elapsed 128.3m | done 1818 | skipped 7553 | errors 0]
    -> tier=TIER_3_AUTO_VALIDATED routing=AUTO_VALIDATED reason=ok
    [dry-run KG3 write OK] would write concept_id=4245152 (Potassium measurement)
  [13/13] 'HBA1c' (Lab Test)  [elapsed 128.3m | done 1819 | skipped 7553 | errors 0]
    -> tier=TIER_3_AUTO_VALIDATED routing=AUTO_VALIDATED reason=ok
    [dry-run KG3 write OK] would write concept_id=4184637 (Hemoglobin A1c measurement)
[note 69/108] 11834909-DS-2: 78 record(s), 11 remaining after resume-skip
  [1/11] 'nonspecific uptake' (Lab Test)  [elapsed 128.4m | done 1820 | skipped 7620 | errors 0]
    -> tier=TIER_3_AUTO_VALIDATED routing=AUTO_VALIDATED reason=ok
    [dry-run KG3 write OK] would write concept_id=4087806 (Uptake measurement)
  [2/11] 'O2 sat' (Lab Test)  [elapsed 128.4m | done 1821 | skipped 7620 | errors 0]
    -> tier=TIER_3_AUTO_VALIDATED routing=AUTO_VALIDATED reason=ok
    [dry-run KG3 write OK] would write concept_id=4021125 (Oxygen measurement)
  [3/11] 'ALT' (Lab Test)  [elapsed 128.4m | done 1822 | skipped 7620 | errors 0]
    -> tier=TIER_3_AUTO_VALIDATED routing=AUTO_VALIDATED reason=ok
    [dry-run KG3 write OK] would write concept_id=44810789 (Alanine transaminase activity measurement)
  [4/11] 'AST(SGOT)' (Lab Test)  [elapsed 128.4m | done 1823 | skipped 7620 | errors 0]
    -> tier=TIER_3_AUTO_VALIDATED routing=AUTO_VALIDATED reason=ok
    [dry-run KG3 write OK] would write concept_id=44810795 (Aspartate transaminase activity measurement)
  [5/11] 'WBC-6' (Lab Test)  [elapsed 128.4m | done 1824 | skipped 7620 | errors 0]
    -> tier=TIER_3_AUTO_VALIDATED routing=AUTO_VALIDATED reason=ok
    [dry-run KG3 write OK] would write concept_id=4298431 (White blood cell count)
  [6/11] 'PLT COUNT-206' (Lab Test)  [elapsed 128.4m | done 1825 | skipped 7620 | errors 0]
    -> tier=TIER_3_AUTO_VALIDATED routing=AUTO_VALIDATED reason=ok
    [dry-run KG3 write OK] would write concept_id=4267147 (Platelet count)
  [7/11] 'ALT-50' (Lab Test)  [elapsed 128.4m | done 1826 | skipped 7620 | errors 0]
    -> tier=TIER_3_AUTO_VALIDATED routing=AUTO_VALIDATED reason=ok
    [dry-run KG3 write OK] would write concept_id=44810789 (Alanine transaminase activity measurement)
  [8/11] 'AST-44' (Lab Test)  [elapsed 128.4m | done 1827 | skipped 7620 | errors 0]
    -> tier=TIER_3_AUTO_VALIDATED routing=AUTO_VALIDATED reason=ok
    [dry-run KG3 write OK] would write concept_id=4263457 (Aspartate aminotransferase measurement)
  [9/11] 'ALT-61' (Lab Test)  [elapsed 128.5m | done 1828 | skipped 7620 | errors 0]
    -> tier=TIER_3_AUTO_VALIDATED routing=AUTO_VALIDATED reason=ok
    [dry-run KG3 write OK] would write concept_id=44810789 (Alanine transaminase activity measurement)
  [10/11] 'AST-46' (Lab Test)  [elapsed 128.5m | done 1829 | skipped 7620 | errors 0]
    -> tier=TIER_3_AUTO_VALIDATED routing=AUTO_VALIDATED reason=ok
    [dry-run KG3 write OK] would write concept_id=4263457 (Aspartate aminotransferase measurement)
  [11/11] 'CK(CPK)' (Lab Test)  [elapsed 128.5m | done 1830 | skipped 7620 | errors 0]
    -> tier=TIER_3_AUTO_VALIDATED routing=AUTO_VALIDATED reason=ok
    [dry-run KG3 write OK] would write concept_id=4265595 (Creatine kinase measurement)
[note 70/108] 11838076-DS-20: 198 record(s), 11 remaining after resume-skip
  [1/11] 'EKG' (Lab Test)  [elapsed 128.5m | done 1831 | skipped 7807 | errors 0]
    -> tier=TIER_3_AUTO_VALIDATED routing=AUTO_VALIDATED reason=ok
    [dry-run KG3 write OK] would write concept_id=4261794 (Electrocardiogram with exercise test)
  [2/11] 'WBC-6' (Lab Test)  [elapsed 128.5m | done 1832 | skipped 7807 | errors 0]
    -> tier=TIER_3_AUTO_VALIDATED routing=AUTO_VALIDATED reason=ok
    [dry-run KG3 write OK] would write concept_id=4298431 (White blood cell count)
  [3/11] 'MCV-94' (Lab Test)  [elapsed 128.5m | done 1833 | skipped 7807 | errors 0]
    -> tier=TIER_3_AUTO_VALIDATED routing=AUTO_VALIDATED reason=ok
    [dry-run KG3 write OK] would write concept_id=4016239 (Erythrocyte mean corpuscular volume determination)
  [4/11] 'ALT-22' (Lab Test)  [elapsed 128.5m | done 1834 | skipped 7807 | errors 0]
    -> tier=TIER_3_AUTO_VALIDATED routing=AUTO_VALIDATED reason=ok
    [dry-run KG3 write OK] would write concept_id=44810789 (Alanine transaminase activity measurement)
  [5/11] 'AST-33' (Lab Test)  [elapsed 128.6m | done 1835 | skipped 7807 | errors 0]
    -> tier=TIER_3_AUTO_VALIDATED routing=AUTO_VALIDATED reason=ok
    [dry-run KG3 write OK] would write concept_id=4263457 (Aspartate aminotransferase measurement)
  [6/11] 'CK(CPK)' (Lab Test)  [elapsed 128.6m | done 1836 | skipped 7807 | errors 0]
    -> tier=TIER_3_AUTO_VALIDATED routing=AUTO_VALIDATED reason=ok
    [dry-run KG3 write OK] would write concept_id=4265595 (Creatine kinase measurement)
  [7/11] 'Lactate-1.5' (Lab Test)  [elapsed 128.6m | done 1837 | skipped 7807 | errors 0]
    -> tier=TIER_3_AUTO_VALIDATED routing=AUTO_VALIDATED reason=ok
    [dry-run KG3 write OK] would write concept_id=4138179 (D-lactate measurement)
  [8/11] 'MCV-95' (Lab Test)  [elapsed 128.6m | done 1838 | skipped 7807 | errors 0]
    -> tier=TIER_3_AUTO_VALIDATED routing=AUTO_VALIDATED reason=ok
    [dry-run KG3 write OK] would write concept_id=4016239 (Erythrocyte mean corpuscular volume determination)
  [9/11] 'MCHC-32' (Lab Test)  [elapsed 128.6m | done 1839 | skipped 7807 | errors 0]
    -> tier=TIER_3_AUTO_VALIDATED routing=AUTO_VALIDATED reason=ok
    [dry-run KG3 write OK] would write concept_id=4290193 (Mean corpuscular hemoglobin concentration determination)
  [10/11] 'RDW-13' (Lab Test)  [elapsed 128.6m | done 1840 | skipped 7807 | errors 0]
    -> tier=TIER_3_AUTO_VALIDATED routing=AUTO_VALIDATED reason=ok
    [dry-run KG3 write OK] would write concept_id=4281085 (Red cell distribution width determination)
  [11/11] 'potassium' (Lab Test)  [elapsed 128.6m | done 1841 | skipped 7807 | errors 0]
    -> tier=TIER_3_AUTO_VALIDATED routing=AUTO_VALIDATED reason=ok
    [dry-run KG3 write OK] would write concept_id=4245152 (Potassium measurement)
[note 71/108] 11855597-DS-22: 102 record(s), 4 remaining after resume-skip
  [1/4] 'Lactate' (Lab Test)  [elapsed 128.6m | done 1842 | skipped 7905 | errors 0]
    -> tier=TIER_3_AUTO_VALIDATED routing=AUTO_VALIDATED reason=ok
    [dry-run KG3 write OK] would write concept_id=4213582 (Lactic acid measurement)
  [2/4] 'RBC-30' (Lab Test)  [elapsed 128.7m | done 1843 | skipped 7905 | errors 0]
    -> tier=TIER_3_AUTO_VALIDATED routing=AUTO_VALIDATED reason=ok
    [dry-run KG3 write OK] would write concept_id=4030871 (Red blood cell count)
  [3/4] 'WBC-4' (Lab Test)  [elapsed 128.7m | done 1844 | skipped 7905 | errors 0]
    -> tier=TIER_3_AUTO_VALIDATED routing=AUTO_VALIDATED reason=ok
    [dry-run KG3 write OK] would write concept_id=4298431 (White blood cell count)
  [4/4] 'AST-20' (Lab Test)  [elapsed 128.7m | done 1845 | skipped 7905 | errors 0]
    -> tier=TIER_3_AUTO_VALIDATED routing=AUTO_VALIDATED reason=ok
    [dry-run KG3 write OK] would write concept_id=4263457 (Aspartate aminotransferase measurement)
[note 72/108] 11859945-DS-29: 187 record(s), 10 remaining after resume-skip
  [1/10] 'ALT' (Lab Test)  [elapsed 128.7m | done 1846 | skipped 8082 | errors 0]
    -> tier=TIER_3_AUTO_VALIDATED routing=AUTO_VALIDATED reason=ok
    [dry-run KG3 write OK] would write concept_id=44810789 (Alanine transaminase activity measurement)
  [2/10] 'AST' (Lab Test)  [elapsed 128.7m | done 1847 | skipped 8082 | errors 0]
    -> tier=TIER_3_AUTO_VALIDATED routing=AUTO_VALIDATED reason=ok
    [dry-run KG3 write OK] would write concept_id=4263457 (Aspartate aminotransferase measurement)
  [3/10] 'MCV-95' (Lab Test)  [elapsed 128.7m | done 1848 | skipped 8082 | errors 0]
    -> tier=TIER_3_AUTO_VALIDATED routing=AUTO_VALIDATED reason=ok
    [dry-run KG3 write OK] would write concept_id=4016239 (Erythrocyte mean corpuscular volume determination)
  [4/10] 'MCH-31' (Lab Test)  [elapsed 128.7m | done 1849 | skipped 8082 | errors 0]
    -> tier=TIER_3_AUTO_VALIDATED routing=AUTO_VALIDATED reason=ok
    [dry-run KG3 write OK] would write concept_id=4290193 (Mean corpuscular hemoglobin concentration determination)
  [5/10] 'MCHC-32' (Lab Test)  [elapsed 128.7m | done 1850 | skipped 8082 | errors 0]
    -> tier=TIER_3_AUTO_VALIDATED routing=AUTO_VALIDATED reason=ok
    [dry-run KG3 write OK] would write concept_id=4290193 (Mean corpuscular hemoglobin concentration determination)
  [6/10] 'RDW-14' (Lab Test)  [elapsed 128.8m | done 1851 | skipped 8082 | errors 0]
    -> tier=TIER_3_AUTO_VALIDATED routing=AUTO_VALIDATED reason=ok
    [dry-run KG3 write OK] would write concept_id=4281085 (Red cell distribution width determination)
  [7/10] 'CPK' (Lab Test)  [elapsed 128.8m | done 1852 | skipped 8082 | errors 0]
    -> tier=TIER_3_AUTO_VALIDATED routing=AUTO_VALIDATED reason=ok
    [dry-run KG3 write OK] would write concept_id=4265595 (Creatine kinase measurement)
  [8/10] 'CK' (Lab Test)  [elapsed 128.8m | done 1853 | skipped 8082 | errors 0]
    -> tier=TIER_3_AUTO_VALIDATED routing=AUTO_VALIDATED reason=ok
    [dry-run KG3 write OK] would write concept_id=4265595 (Creatine kinase measurement)
  [9/10] 'AST' (Lab Test)  [elapsed 128.8m | done 1854 | skipped 8082 | errors 0]
    -> tier=TIER_3_AUTO_VALIDATED routing=AUTO_VALIDATED reason=ok
    [dry-run KG3 write OK] would write concept_id=4263457 (Aspartate aminotransferase measurement)
  [10/10] 'CRP' (Lab Test)  [elapsed 128.8m | done 1855 | skipped 8082 | errors 0]
    -> tier=TIER_3_AUTO_VALIDATED routing=AUTO_VALIDATED reason=ok
    [dry-run KG3 write OK] would write concept_id=4208414 (C-reactive protein measurement)
[note 73/108] 11891099-DS-13: 110 record(s), 4 remaining after resume-skip
  [1/4] 'ALT/AST' (Lab Test)  [elapsed 128.8m | done 1856 | skipped 8188 | errors 0]
    -> tier=TIER_3_AUTO_VALIDATED routing=AUTO_VALIDATED reason=ok
    [dry-run KG3 write OK] would write concept_id=44806062 (Aspartate transaminase/alanine transaminase ratio measurement)
  [2/4] 'ECG' (Lab Test)  [elapsed 128.8m | done 1857 | skipped 8188 | errors 0]
    -> tier=TIER_3_AUTO_VALIDATED routing=AUTO_VALIDATED reason=ok
    [dry-run KG3 write OK] would write concept_id=4261794 (Electrocardiogram with exercise test)
  [3/4] 'EKG' (Lab Test)  [elapsed 128.8m | done 1858 | skipped 8188 | errors 0]
    -> tier=TIER_3_AUTO_VALIDATED routing=AUTO_VALIDATED reason=ok
    [dry-run KG3 write OK] would write concept_id=4261794 (Electrocardiogram with exercise test)
  [4/4] 'Hepatitis B Immun Globulin' (Lab Test)  [elapsed 128.9m | done 1859 | skipped 8188 | errors 0]
    -> tier=TIER_3_AUTO_VALIDATED routing=AUTO_VALIDATED reason=ok
    [dry-run KG3 write OK] would write concept_id=37111494 (Measurement of Hepatitis B antigen)
[note 74/108] 11903286-DS-2: 65 record(s), 8 remaining after resume-skip
  [1/8] 'ALT-24' (Lab Test)  [elapsed 128.9m | done 1860 | skipped 8245 | errors 0]
    -> tier=TIER_3_AUTO_VALIDATED routing=AUTO_VALIDATED reason=ok
    [dry-run KG3 write OK] would write concept_id=44810789 (Alanine transaminase activity measurement)
  [2/8] 'AST-18' (Lab Test)  [elapsed 128.9m | done 1861 | skipped 8245 | errors 0]
    -> tier=TIER_3_AUTO_VALIDATED routing=AUTO_VALIDATED reason=ok
    [dry-run KG3 write OK] would write concept_id=4263457 (Aspartate aminotransferase measurement)
  [3/8] 'WBC-12.2' (Lab Test)  [elapsed 128.9m | done 1862 | skipped 8245 | errors 0]
    -> tier=TIER_3_AUTO_VALIDATED routing=AUTO_VALIDATED reason=ok
    [dry-run KG3 write OK] would write concept_id=4298431 (White blood cell count)
  [4/8] 'RBC-3.43' (Lab Test)  [elapsed 128.9m | done 1863 | skipped 8245 | errors 0]
    -> tier=TIER_3_AUTO_VALIDATED routing=AUTO_VALIDATED reason=ok
    [dry-run KG3 write OK] would write concept_id=4030871 (Red blood cell count)
  [5/8] 'Hgb-10.7' (Lab Test)  [elapsed 128.9m | done 1864 | skipped 8245 | errors 0]
    -> tier=TIER_3_AUTO_VALIDATED routing=AUTO_VALIDATED reason=ok
    [dry-run KG3 write OK] would write concept_id=40480067 (Measurement of total hemoglobin concentration)
  [6/8] 'MCV-89' (Lab Test)  [elapsed 128.9m | done 1865 | skipped 8245 | errors 0]
    -> tier=TIER_3_AUTO_VALIDATED routing=AUTO_VALIDATED reason=ok
    [dry-run KG3 write OK] would write concept_id=4016239 (Erythrocyte mean corpuscular volume determination)
  [7/8] 'MCH-31.2' (Lab Test)  [elapsed 128.9m | done 1866 | skipped 8245 | errors 0]
    -> tier=TIER_3_AUTO_VALIDATED routing=AUTO_VALIDATED reason=ok
    [dry-run KG3 write OK] would write concept_id=4290193 (Mean corpuscular hemoglobin concentration determination)
  [8/8] 'MCHC-35.1' (Lab Test)  [elapsed 129.0m | done 1867 | skipped 8245 | errors 0]
    -> tier=TIER_3_AUTO_VALIDATED routing=AUTO_VALIDATED reason=ok
    [dry-run KG3 write OK] would write concept_id=4290193 (Mean corpuscular hemoglobin concentration determination)
[note 75/108] 11922236-DS-28: 120 record(s), 4 remaining after resume-skip
  [1/4] 'pCO2 66' (Lab Test)  [elapsed 129.0m | done 1868 | skipped 8361 | errors 0]
    -> tier=TIER_3_AUTO_VALIDATED routing=AUTO_VALIDATED reason=ok
    [dry-run KG3 write OK] would write concept_id=4135963 (Carbon dioxide content measurement)
  [2/4] 'pO2 \n36' (Lab Test)  [elapsed 129.0m | done 1869 | skipped 8361 | errors 0]
    -> tier=TIER_3_AUTO_VALIDATED routing=AUTO_VALIDATED reason=ok
    [dry-run KG3 write OK] would write concept_id=4103460 (Oxygen measurement, partial pressure, arterial)
  [3/4] 'Lactate-2' (Lab Test)  [elapsed 129.0m | done 1870 | skipped 8361 | errors 0]
    -> tier=TIER_3_AUTO_VALIDATED routing=AUTO_VALIDATED reason=ok
    [dry-run KG3 write OK] would write concept_id=4138179 (D-lactate measurement)
  [4/4] 'lactate' (Lab Test)  [elapsed 129.0m | done 1871 | skipped 8361 | errors 0]
    -> tier=TIER_2_AUTO_RESOLVED routing=HITL_REQUIRED reason=tier2_auto_resolved_pending_revalidation
[note 76/108] 12018901-DS-68: 206 record(s), 15 remaining after resume-skip
  [1/15] 'WBC' (Lab Test)  [elapsed 129.3m | done 1872 | skipped 8552 | errors 0]
    -> tier=TIER_5_TRUE_AMBIGUITY routing=HITL_REQUIRED reason=unresolved_acronym
  [2/15] 'AST 87' (Lab Test)  [elapsed 129.3m | done 1873 | skipped 8552 | errors 0]
    -> tier=TIER_3_AUTO_VALIDATED routing=AUTO_VALIDATED reason=ok
    [dry-run KG3 write OK] would write concept_id=4263457 (Aspartate aminotransferase measurement)
  [3/15] 'Lactate 1.8' (Lab Test)  [elapsed 129.3m | done 1874 | skipped 8552 | errors 0]
    -> tier=TIER_3_AUTO_VALIDATED routing=AUTO_VALIDATED reason=ok
    [dry-run KG3 write OK] would write concept_id=4213582 (Lactic acid measurement)
  [4/15] 'MCV-109' (Lab Test)  [elapsed 129.3m | done 1875 | skipped 8552 | errors 0]
    -> tier=TIER_3_AUTO_VALIDATED routing=AUTO_VALIDATED reason=ok
    [dry-run KG3 write OK] would write concept_id=4016239 (Erythrocyte mean corpuscular volume determination)
  [5/15] 'CRP-74.7' (Lab Test)  [elapsed 129.4m | done 1876 | skipped 8552 | errors 0]
    -> tier=TIER_3_AUTO_VALIDATED routing=AUTO_VALIDATED reason=ok
    [dry-run KG3 write OK] would write concept_id=4208414 (C-reactive protein measurement)
  [6/15] 'CRP-201.6' (Lab Test)  [elapsed 129.4m | done 1877 | skipped 8552 | errors 0]
    -> tier=TIER_3_AUTO_VALIDATED routing=AUTO_VALIDATED reason=ok
    [dry-run KG3 write OK] would write concept_id=4208414 (C-reactive protein measurement)
  [7/15] 'RBC-2' (Lab Test)  [elapsed 129.4m | done 1878 | skipped 8552 | errors 0]
    -> tier=TIER_3_AUTO_VALIDATED routing=AUTO_VALIDATED reason=ok
    [dry-run KG3 write OK] would write concept_id=4030871 (Red blood cell count)
  [8/15] 'Hgb-8' (Lab Test)  [elapsed 129.4m | done 1879 | skipped 8552 | errors 0]
    -> tier=TIER_3_AUTO_VALIDATED routing=AUTO_VALIDATED reason=ok
    [dry-run KG3 write OK] would write concept_id=40480067 (Measurement of total hemoglobin concentration)
  [9/15] 'MCV-108' (Lab Test)  [elapsed 129.4m | done 1880 | skipped 8552 | errors 0]
    -> tier=TIER_3_AUTO_VALIDATED routing=AUTO_VALIDATED reason=ok
    [dry-run KG3 write OK] would write concept_id=4016239 (Erythrocyte mean corpuscular volume determination)
  [10/15] 'MCH-33' (Lab Test)  [elapsed 129.4m | done 1881 | skipped 8552 | errors 0]
    -> tier=TIER_3_AUTO_VALIDATED routing=AUTO_VALIDATED reason=ok
    [dry-run KG3 write OK] would write concept_id=4290193 (Mean corpuscular hemoglobin concentration determination)
  [11/15] 'MCHC-31' (Lab Test)  [elapsed 129.4m | done 1882 | skipped 8552 | errors 0]
    -> tier=TIER_3_AUTO_VALIDATED routing=AUTO_VALIDATED reason=ok
    [dry-run KG3 write OK] would write concept_id=4290193 (Mean corpuscular hemoglobin concentration determination)
  [12/15] 'RDW-17' (Lab Test)  [elapsed 129.4m | done 1883 | skipped 8552 | errors 0]
    -> tier=TIER_3_AUTO_VALIDATED routing=AUTO_VALIDATED reason=ok
    [dry-run KG3 write OK] would write concept_id=4281085 (Red cell distribution width determination)
  [13/15] 'Plt' (Lab Test)  [elapsed 129.5m | done 1884 | skipped 8552 | errors 0]
    -> tier=TIER_3_AUTO_VALIDATED routing=AUTO_VALIDATED reason=ok
    [dry-run KG3 write OK] would write concept_id=4267147 (Platelet count)
  [14/15] 'Creat-4' (Lab Test)  [elapsed 129.5m | done 1885 | skipped 8552 | errors 0]
    -> tier=TIER_3_AUTO_VALIDATED routing=AUTO_VALIDATED reason=ok
    [dry-run KG3 write OK] would write concept_id=4324383 (Creatinine measurement)
  [15/15] 'Calcium-9' (Lab Test)  [elapsed 129.5m | done 1886 | skipped 8552 | errors 0]
    -> tier=TIER_3_AUTO_VALIDATED routing=AUTO_VALIDATED reason=ok
    [dry-run KG3 write OK] would write concept_id=4216722 (Calcium measurement)
[note 77/108] 12050253-DS-20: 324 record(s), 27 remaining after resume-skip
  [1/27] 'WBC-21' (Lab Test)  [elapsed 129.5m | done 1887 | skipped 8849 | errors 0]
    -> tier=TIER_3_AUTO_VALIDATED routing=AUTO_VALIDATED reason=ok
    [dry-run KG3 write OK] would write concept_id=4298431 (White blood cell count)
  [2/27] 'RBC-3' (Lab Test)  [elapsed 129.5m | done 1888 | skipped 8849 | errors 0]
    -> tier=TIER_3_AUTO_VALIDATED routing=AUTO_VALIDATED reason=ok
    [dry-run KG3 write OK] would write concept_id=4030871 (Red blood cell count)
  [3/27] 'Hgb-11' (Lab Test)  [elapsed 129.5m | done 1889 | skipped 8849 | errors 0]
    -> tier=TIER_3_AUTO_VALIDATED routing=AUTO_VALIDATED reason=ok
    [dry-run KG3 write OK] would write concept_id=40480067 (Measurement of total hemoglobin concentration)
  [4/27] 'MCV-93' (Lab Test)  [elapsed 129.5m | done 1890 | skipped 8849 | errors 0]
    -> tier=TIER_3_AUTO_VALIDATED routing=AUTO_VALIDATED reason=ok
    [dry-run KG3 write OK] would write concept_id=4016239 (Erythrocyte mean corpuscular volume determination)
  [5/27] 'MCH-31' (Lab Test)  [elapsed 129.5m | done 1891 | skipped 8849 | errors 0]
    -> tier=TIER_3_AUTO_VALIDATED routing=AUTO_VALIDATED reason=ok
    [dry-run KG3 write OK] would write concept_id=4290193 (Mean corpuscular hemoglobin concentration determination)
  [6/27] 'MCHC-33' (Lab Test)  [elapsed 129.6m | done 1892 | skipped 8849 | errors 0]
    -> tier=TIER_3_AUTO_VALIDATED routing=AUTO_VALIDATED reason=ok
    [dry-run KG3 write OK] would write concept_id=4290193 (Mean corpuscular hemoglobin concentration determination)
  [7/27] 'RDW-15' (Lab Test)  [elapsed 129.6m | done 1893 | skipped 8849 | errors 0]
    -> tier=TIER_3_AUTO_VALIDATED routing=AUTO_VALIDATED reason=ok
    [dry-run KG3 write OK] would write concept_id=4281085 (Red cell distribution width determination)
  [8/27] 'Neuts-86' (Lab Test)  [elapsed 129.6m | done 1894 | skipped 8849 | errors 0]
    -> tier=TIER_3_AUTO_VALIDATED routing=AUTO_VALIDATED reason=ok
    [dry-run KG3 write OK] would write concept_id=4148615 (Neutrophil count)
  [9/27] 'Creat-1.4' (Lab Test)  [elapsed 129.6m | done 1895 | skipped 8849 | errors 0]
    -> tier=TIER_3_AUTO_VALIDATED routing=AUTO_VALIDATED reason=ok
    [dry-run KG3 write OK] would write concept_id=4324383 (Creatinine measurement)
  [10/27] 'ALT-10' (Lab Test)  [elapsed 129.6m | done 1896 | skipped 8849 | errors 0]
    -> tier=TIER_3_AUTO_VALIDATED routing=AUTO_VALIDATED reason=ok
    [dry-run KG3 write OK] would write concept_id=44810789 (Alanine transaminase activity measurement)
  [11/27] 'AST-19' (Lab Test)  [elapsed 129.6m | done 1897 | skipped 8849 | errors 0]
    -> tier=TIER_3_AUTO_VALIDATED routing=AUTO_VALIDATED reason=ok
    [dry-run KG3 write OK] would write concept_id=4263457 (Aspartate aminotransferase measurement)
  [12/27] 'Calcium-7.7' (Lab Test)  [elapsed 129.6m | done 1898 | skipped 8849 | errors 0]
    -> tier=TIER_3_AUTO_VALIDATED routing=AUTO_VALIDATED reason=ok
    [dry-run KG3 write OK] would write concept_id=4216722 (Calcium measurement)
  [13/27] 'Osmolal-290' (Lab Test)  [elapsed 129.6m | done 1899 | skipped 8849 | errors 0]
    -> tier=TIER_3_AUTO_VALIDATED routing=AUTO_VALIDATED reason=ok
    [dry-run KG3 write OK] would write concept_id=4353606 (Osmolal gap measurement)
  [14/27] 'CRP-9' (Lab Test)  [elapsed 129.7m | done 1900 | skipped 8849 | errors 0]
    -> tier=TIER_3_AUTO_VALIDATED routing=AUTO_VALIDATED reason=ok
    [dry-run KG3 write OK] would write concept_id=4208414 (C-reactive protein measurement)
  [15/27] 'IgA-623' (Lab Test)  [elapsed 129.7m | done 1901 | skipped 8849 | errors 0]
    -> tier=TIER_3_AUTO_VALIDATED routing=AUTO_VALIDATED reason=ok
    [dry-run KG3 write OK] would write concept_id=4135810 (Immunoglobulin A measurement)
  [16/27] 'WBC-18' (Lab Test)  [elapsed 129.7m | done 1902 | skipped 8849 | errors 0]
    -> tier=TIER_3_AUTO_VALIDATED routing=AUTO_VALIDATED reason=ok
    [dry-run KG3 write OK] would write concept_id=4298431 (White blood cell count)
  [17/27] 'RBC-2' (Lab Test)  [elapsed 129.7m | done 1903 | skipped 8849 | errors 0]
    -> tier=TIER_3_AUTO_VALIDATED routing=AUTO_VALIDATED reason=ok
    [dry-run KG3 write OK] would write concept_id=4030871 (Red blood cell count)
  [18/27] 'Hgb-8' (Lab Test)  [elapsed 129.7m | done 1904 | skipped 8849 | errors 0]
    -> tier=TIER_3_AUTO_VALIDATED routing=AUTO_VALIDATED reason=ok
    [dry-run KG3 write OK] would write concept_id=40480067 (Measurement of total hemoglobin concentration)
  [19/27] 'MCV-98' (Lab Test)  [elapsed 129.7m | done 1905 | skipped 8849 | errors 0]
    -> tier=TIER_3_AUTO_VALIDATED routing=AUTO_VALIDATED reason=ok
    [dry-run KG3 write OK] would write concept_id=4016239 (Erythrocyte mean corpuscular volume determination)
  [20/27] 'MCH-30' (Lab Test)  [elapsed 129.7m | done 1906 | skipped 8849 | errors 0]
    -> tier=TIER_3_AUTO_VALIDATED routing=AUTO_VALIDATED reason=ok
    [dry-run KG3 write OK] would write concept_id=4290193 (Mean corpuscular hemoglobin concentration determination)
  [21/27] 'MCHC-31' (Lab Test)  [elapsed 129.7m | done 1907 | skipped 8849 | errors 0]
    -> tier=TIER_3_AUTO_VALIDATED routing=AUTO_VALIDATED reason=ok
    [dry-run KG3 write OK] would write concept_id=4290193 (Mean corpuscular hemoglobin concentration determination)
  [22/27] 'RDW-16' (Lab Test)  [elapsed 129.8m | done 1908 | skipped 8849 | errors 0]
    -> tier=TIER_3_AUTO_VALIDATED routing=AUTO_VALIDATED reason=ok
    [dry-run KG3 write OK] would write concept_id=4281085 (Red cell distribution width determination)
  [23/27] 'Plt' (Lab Test)  [elapsed 129.8m | done 1909 | skipped 8849 | errors 0]
    -> tier=TIER_3_AUTO_VALIDATED routing=AUTO_VALIDATED reason=ok
    [dry-run KG3 write OK] would write concept_id=4267147 (Platelet count)
  [24/27] 'Creat-1.3' (Lab Test)  [elapsed 129.8m | done 1910 | skipped 8849 | errors 0]
    -> tier=TIER_3_AUTO_VALIDATED routing=AUTO_VALIDATED reason=ok
    [dry-run KG3 write OK] would write concept_id=4324383 (Creatinine measurement)
  [25/27] 'Calcium-7.9' (Lab Test)  [elapsed 129.8m | done 1911 | skipped 8849 | errors 0]
    -> tier=TIER_3_AUTO_VALIDATED routing=AUTO_VALIDATED reason=ok
    [dry-run KG3 write OK] would write concept_id=4216722 (Calcium measurement)
  [26/27] 'tTG-IgA' (Lab Test)  [elapsed 129.8m | done 1912 | skipped 8849 | errors 0]
    -> tier=TIER_4_ENSEMBLE_SPLIT routing=HITL_REQUIRED reason=ensemble_split
  [27/27] 'blood glucose readings' (Lab Test)  [elapsed 129.9m | done 1913 | skipped 8849 | errors 0]
    -> tier=TIER_4_ENSEMBLE_SPLIT routing=HITL_REQUIRED reason=ensemble_split
[note 78/108] 12093726-DS-4: 66 record(s), 1 remaining after resume-skip
  [1/1] 'BLOOD Hct-31.9' (Lab Test)  [elapsed 130.2m | done 1914 | skipped 8914 | errors 0]
    -> tier=TIER_3_AUTO_VALIDATED routing=AUTO_VALIDATED reason=ok
    [dry-run KG3 write OK] would write concept_id=4151358 (Hematocrit determination)
[note 79/108] 12101085-DS-27: 139 record(s), 6 remaining after resume-skip
  [1/6] 'ALT-46' (Lab Test)  [elapsed 130.2m | done 1915 | skipped 9047 | errors 0]
    -> tier=TIER_3_AUTO_VALIDATED routing=AUTO_VALIDATED reason=ok
    [dry-run KG3 write OK] would write concept_id=44810789 (Alanine transaminase activity measurement)
  [2/6] 'AST-51' (Lab Test)  [elapsed 130.2m | done 1916 | skipped 9047 | errors 0]
    -> tier=TIER_3_AUTO_VALIDATED routing=AUTO_VALIDATED reason=ok
    [dry-run KG3 write OK] would write concept_id=4263457 (Aspartate aminotransferase measurement)
  [3/6] 'AST' (Lab Test)  [elapsed 130.2m | done 1917 | skipped 9047 | errors 0]
    -> tier=TIER_4_ENSEMBLE_SPLIT routing=HITL_REQUIRED reason=short_alphanumeric_code_trap
  [4/6] 'ALT' (Lab Test)  [elapsed 130.3m | done 1918 | skipped 9047 | errors 0]
    -> tier=TIER_4_ENSEMBLE_SPLIT routing=HITL_REQUIRED reason=short_alphanumeric_code_trap
  [5/6] 'SBP' (Lab Test)  [elapsed 130.4m | done 1919 | skipped 9047 | errors 0]
    -> tier=TIER_5_TRUE_AMBIGUITY routing=HITL_REQUIRED reason=unresolved_acronym
  [6/6] 'Sodium' (Lab Test)  [elapsed 130.4m | done 1920 | skipped 9047 | errors 0]
    -> tier=TIER_3_AUTO_VALIDATED routing=AUTO_VALIDATED reason=ok
    [dry-run KG3 write OK] would write concept_id=4097430 (Sodium measurement)
[note 80/108] 12135369-DS-23: 212 record(s), 21 remaining after resume-skip
  [1/21] 'PO2-289' (Lab Test)  [elapsed 130.4m | done 1921 | skipped 9238 | errors 0]
    -> tier=TIER_3_AUTO_VALIDATED routing=AUTO_VALIDATED reason=ok
    [dry-run KG3 write OK] would write concept_id=4103460 (Oxygen measurement, partial pressure, arterial)
  [2/21] 'LACTATE-2.4' (Lab Test)  [elapsed 130.4m | done 1922 | skipped 9238 | errors 0]
    -> tier=TIER_3_AUTO_VALIDATED routing=AUTO_VALIDATED reason=ok
    [dry-run KG3 write OK] would write concept_id=4138179 (D-lactate measurement)
  [3/21] 'SODIUM-136' (Lab Test)  [elapsed 130.5m | done 1923 | skipped 9238 | errors 0]
    -> tier=TIER_3_AUTO_VALIDATED routing=AUTO_VALIDATED reason=ok
    [dry-run KG3 write OK] would write concept_id=4097430 (Sodium measurement)
  [4/21] 'TOTAL CO2-34' (Lab Test)  [elapsed 130.5m | done 1924 | skipped 9238 | errors 0]
    -> tier=TIER_3_AUTO_VALIDATED routing=AUTO_VALIDATED reason=ok
    [dry-run KG3 write OK] would write concept_id=4135963 (Carbon dioxide content measurement)
  [5/21] 'CALCIUM-9' (Lab Test)  [elapsed 130.5m | done 1925 | skipped 9238 | errors 0]
    -> tier=TIER_3_AUTO_VALIDATED routing=AUTO_VALIDATED reason=ok
    [dry-run KG3 write OK] would write concept_id=4216722 (Calcium measurement)
  [6/21] 'WBC-16' (Lab Test)  [elapsed 130.5m | done 1926 | skipped 9238 | errors 0]
    -> tier=TIER_3_AUTO_VALIDATED routing=AUTO_VALIDATED reason=ok
    [dry-run KG3 write OK] would write concept_id=4298431 (White blood cell count)
  [7/21] 'HGB-13' (Lab Test)  [elapsed 130.5m | done 1927 | skipped 9238 | errors 0]
    -> tier=TIER_3_AUTO_VALIDATED routing=AUTO_VALIDATED reason=ok
    [dry-run KG3 write OK] would write concept_id=40480067 (Measurement of total hemoglobin concentration)
  [8/21] 'MCH-30' (Lab Test)  [elapsed 130.5m | done 1928 | skipped 9238 | errors 0]
    -> tier=TIER_3_AUTO_VALIDATED routing=AUTO_VALIDATED reason=ok
    [dry-run KG3 write OK] would write concept_id=4290193 (Mean corpuscular hemoglobin concentration determination)
  [9/21] 'MCHC-33' (Lab Test)  [elapsed 130.5m | done 1929 | skipped 9238 | errors 0]
    -> tier=TIER_3_AUTO_VALIDATED routing=AUTO_VALIDATED reason=ok
    [dry-run KG3 write OK] would write concept_id=4290193 (Mean corpuscular hemoglobin concentration determination)
  [10/21] 'RDW-12.7' (Lab Test)  [elapsed 130.5m | done 1930 | skipped 9238 | errors 0]
    -> tier=TIER_3_AUTO_VALIDATED routing=AUTO_VALIDATED reason=ok
    [dry-run KG3 write OK] would write concept_id=4281085 (Red cell distribution width determination)
  [11/21] 'NEUTS-86.9' (Lab Test)  [elapsed 130.6m | done 1931 | skipped 9238 | errors 0]
    -> tier=TIER_3_AUTO_VALIDATED routing=AUTO_VALIDATED reason=ok
    [dry-run KG3 write OK] would write concept_id=4148615 (Neutrophil count)
  [12/21] 'EOS-0.4' (Lab Test)  [elapsed 130.6m | done 1932 | skipped 9238 | errors 0]
    -> tier=TIER_3_AUTO_VALIDATED routing=AUTO_VALIDATED reason=ok
    [dry-run KG3 write OK] would write concept_id=4216098 (Eosinophil count)
  [13/21] 'PLT COUNT-358' (Lab Test)  [elapsed 130.6m | done 1933 | skipped 9238 | errors 0]
    -> tier=TIER_3_AUTO_VALIDATED routing=AUTO_VALIDATED reason=ok
    [dry-run KG3 write OK] would write concept_id=4267147 (Platelet count)
  [14/21] 'WBC-11' (Lab Test)  [elapsed 130.6m | done 1934 | skipped 9238 | errors 0]
    -> tier=TIER_3_AUTO_VALIDATED routing=AUTO_VALIDATED reason=ok
    [dry-run KG3 write OK] would write concept_id=4298431 (White blood cell count)
  [15/21] 'RBC-4' (Lab Test)  [elapsed 130.6m | done 1935 | skipped 9238 | errors 0]
    -> tier=TIER_3_AUTO_VALIDATED routing=AUTO_VALIDATED reason=ok
    [dry-run KG3 write OK] would write concept_id=4030871 (Red blood cell count)
  [16/21] 'Hgb-13' (Lab Test)  [elapsed 130.6m | done 1936 | skipped 9238 | errors 0]
    -> tier=TIER_3_AUTO_VALIDATED routing=AUTO_VALIDATED reason=ok
    [dry-run KG3 write OK] would write concept_id=40480067 (Measurement of total hemoglobin concentration)
  [17/21] 'MCV-91' (Lab Test)  [elapsed 130.6m | done 1937 | skipped 9238 | errors 0]
    -> tier=TIER_3_AUTO_VALIDATED routing=AUTO_VALIDATED reason=ok
    [dry-run KG3 write OK] would write concept_id=4016239 (Erythrocyte mean corpuscular volume determination)
  [18/21] 'MCH-29' (Lab Test)  [elapsed 130.6m | done 1938 | skipped 9238 | errors 0]
    -> tier=TIER_3_AUTO_VALIDATED routing=AUTO_VALIDATED reason=ok
    [dry-run KG3 write OK] would write concept_id=4290193 (Mean corpuscular hemoglobin concentration determination)
  [19/21] 'MCHC-32' (Lab Test)  [elapsed 130.7m | done 1939 | skipped 9238 | errors 0]
    -> tier=TIER_3_AUTO_VALIDATED routing=AUTO_VALIDATED reason=ok
    [dry-run KG3 write OK] would write concept_id=4290193 (Mean corpuscular hemoglobin concentration determination)
  [20/21] 'RDW-12' (Lab Test)  [elapsed 130.7m | done 1940 | skipped 9238 | errors 0]
    -> tier=TIER_3_AUTO_VALIDATED routing=AUTO_VALIDATED reason=ok
    [dry-run KG3 write OK] would write concept_id=4281085 (Red cell distribution width determination)
  [21/21] 'Plt' (Lab Test)  [elapsed 130.7m | done 1941 | skipped 9238 | errors 0]
    -> tier=TIER_3_AUTO_VALIDATED routing=AUTO_VALIDATED reason=ok
    [dry-run KG3 write OK] would write concept_id=4267147 (Platelet count)
[note 81/108] 12190214-DS-14: 159 record(s), 8 remaining after resume-skip
  [1/8] 'lactate' (Lab Test)  [elapsed 130.7m | done 1942 | skipped 9389 | errors 0]
    -> tier=TIER_4_ENSEMBLE_SPLIT routing=HITL_REQUIRED reason=ensemble_split
  [2/8] 'EKG' (Lab Test)  [elapsed 130.9m | done 1943 | skipped 9389 | errors 0]
    -> tier=TIER_3_AUTO_VALIDATED routing=AUTO_VALIDATED reason=ok
    [dry-run KG3 write OK] would write concept_id=4261794 (Electrocardiogram with exercise test)
  [3/8] 'WBC-11' (Lab Test)  [elapsed 130.9m | done 1944 | skipped 9389 | errors 0]
    -> tier=TIER_3_AUTO_VALIDATED routing=AUTO_VALIDATED reason=ok
    [dry-run KG3 write OK] would write concept_id=4298431 (White blood cell count)
  [4/8] 'RDW-13' (Lab Test)  [elapsed 131.0m | done 1945 | skipped 9389 | errors 0]
    -> tier=TIER_3_AUTO_VALIDATED routing=AUTO_VALIDATED reason=ok
    [dry-run KG3 write OK] would write concept_id=4281085 (Red cell distribution width determination)
  [5/8] 'RDW-12' (Lab Test)  [elapsed 131.0m | done 1946 | skipped 9389 | errors 0]
    -> tier=TIER_3_AUTO_VALIDATED routing=AUTO_VALIDATED reason=ok
    [dry-run KG3 write OK] would write concept_id=4281085 (Red cell distribution width determination)
  [6/8] 'ALT-30' (Lab Test)  [elapsed 131.0m | done 1947 | skipped 9389 | errors 0]
    -> tier=TIER_3_AUTO_VALIDATED routing=AUTO_VALIDATED reason=ok
    [dry-run KG3 write OK] would write concept_id=44810789 (Alanine transaminase activity measurement)
  [7/8] 'AST-16' (Lab Test)  [elapsed 131.0m | done 1948 | skipped 9389 | errors 0]
    -> tier=TIER_3_AUTO_VALIDATED routing=AUTO_VALIDATED reason=ok
    [dry-run KG3 write OK] would write concept_id=4263457 (Aspartate aminotransferase measurement)
  [8/8] 'FAST SMEAR' (Lab Test)  [elapsed 131.0m | done 1949 | skipped 9389 | errors 0]
    -> tier=TIER_5_TRUE_AMBIGUITY routing=HITL_REQUIRED reason=unresolved_acronym
[note 82/108] 12204158-DS-10: 211 record(s), 22 remaining after resume-skip
  [1/22] 'WBC-25' (Lab Test)  [elapsed 131.0m | done 1950 | skipped 9578 | errors 0]
    -> tier=TIER_3_AUTO_VALIDATED routing=AUTO_VALIDATED reason=ok
    [dry-run KG3 write OK] would write concept_id=4298431 (White blood cell count)
  [2/22] 'RBC-4' (Lab Test)  [elapsed 131.0m | done 1951 | skipped 9578 | errors 0]
    -> tier=TIER_3_AUTO_VALIDATED routing=AUTO_VALIDATED reason=ok
    [dry-run KG3 write OK] would write concept_id=4030871 (Red blood cell count)
  [3/22] 'HGB-12' (Lab Test)  [elapsed 131.1m | done 1952 | skipped 9578 | errors 0]
    -> tier=TIER_3_AUTO_VALIDATED routing=AUTO_VALIDATED reason=ok
    [dry-run KG3 write OK] would write concept_id=40480067 (Measurement of total hemoglobin concentration)
  [4/22] 'MCV-88' (Lab Test)  [elapsed 131.1m | done 1953 | skipped 9578 | errors 0]
    -> tier=TIER_3_AUTO_VALIDATED routing=AUTO_VALIDATED reason=ok
    [dry-run KG3 write OK] would write concept_id=4016239 (Erythrocyte mean corpuscular volume determination)
  [5/22] 'NEUTS-86' (Lab Test)  [elapsed 131.1m | done 1954 | skipped 9578 | errors 0]
    -> tier=TIER_3_AUTO_VALIDATED routing=AUTO_VALIDATED reason=ok
    [dry-run KG3 write OK] would write concept_id=4148615 (Neutrophil count)
  [6/22] 'EOS-2' (Lab Test)  [elapsed 131.1m | done 1955 | skipped 9578 | errors 0]
    -> tier=TIER_3_AUTO_VALIDATED routing=AUTO_VALIDATED reason=ok
    [dry-run KG3 write OK] would write concept_id=4216098 (Eosinophil count)
  [7/22] 'PLT COUNT-570' (Lab Test)  [elapsed 131.1m | done 1956 | skipped 9578 | errors 0]
    -> tier=TIER_3_AUTO_VALIDATED routing=AUTO_VALIDATED reason=ok
    [dry-run KG3 write OK] would write concept_id=4267147 (Platelet count)
  [8/22] 'CALCIUM-9' (Lab Test)  [elapsed 131.1m | done 1957 | skipped 9578 | errors 0]
    -> tier=TIER_3_AUTO_VALIDATED routing=AUTO_VALIDATED reason=ok
    [dry-run KG3 write OK] would write concept_id=4216722 (Calcium measurement)
  [9/22] 'ALT' (Lab Test)  [elapsed 131.1m | done 1958 | skipped 9578 | errors 0]
    -> tier=TIER_3_AUTO_VALIDATED routing=AUTO_VALIDATED reason=ok
    [dry-run KG3 write OK] would write concept_id=44810789 (Alanine transaminase activity measurement)
  [10/22] 'AST(SGOT)' (Lab Test)  [elapsed 131.1m | done 1959 | skipped 9578 | errors 0]
    -> tier=TIER_3_AUTO_VALIDATED routing=AUTO_VALIDATED reason=ok
    [dry-run KG3 write OK] would write concept_id=44810795 (Aspartate transaminase activity measurement)
  [11/22] 'SODIUM-130' (Lab Test)  [elapsed 131.2m | done 1960 | skipped 9578 | errors 0]
    -> tier=TIER_3_AUTO_VALIDATED routing=AUTO_VALIDATED reason=ok
    [dry-run KG3 write OK] would write concept_id=4097430 (Sodium measurement)
  [12/22] 'TOTAL CO2-26' (Lab Test)  [elapsed 131.2m | done 1961 | skipped 9578 | errors 0]
    -> tier=TIER_3_AUTO_VALIDATED routing=AUTO_VALIDATED reason=ok
    [dry-run KG3 write OK] would write concept_id=4135963 (Carbon dioxide content measurement)
  [13/22] 'WBC-4' (Lab Test)  [elapsed 131.2m | done 1962 | skipped 9578 | errors 0]
    -> tier=TIER_3_AUTO_VALIDATED routing=AUTO_VALIDATED reason=ok
    [dry-run KG3 write OK] would write concept_id=4298431 (White blood cell count)
  [14/22] 'RBC-3' (Lab Test)  [elapsed 131.2m | done 1963 | skipped 9578 | errors 0]
    -> tier=TIER_3_AUTO_VALIDATED routing=AUTO_VALIDATED reason=ok
    [dry-run KG3 write OK] would write concept_id=4030871 (Red blood cell count)
  [15/22] 'Hgb-10' (Lab Test)  [elapsed 131.2m | done 1964 | skipped 9578 | errors 0]
    -> tier=TIER_3_AUTO_VALIDATED routing=AUTO_VALIDATED reason=ok
    [dry-run KG3 write OK] would write concept_id=40480067 (Measurement of total hemoglobin concentration)
  [16/22] 'MCV-89' (Lab Test)  [elapsed 131.2m | done 1965 | skipped 9578 | errors 0]
    -> tier=TIER_3_AUTO_VALIDATED routing=AUTO_VALIDATED reason=ok
    [dry-run KG3 write OK] would write concept_id=4016239 (Erythrocyte mean corpuscular volume determination)
  [17/22] 'MCH-29' (Lab Test)  [elapsed 131.2m | done 1966 | skipped 9578 | errors 0]
    -> tier=TIER_3_AUTO_VALIDATED routing=AUTO_VALIDATED reason=ok
    [dry-run KG3 write OK] would write concept_id=4290193 (Mean corpuscular hemoglobin concentration determination)
  [18/22] 'MCHC-33' (Lab Test)  [elapsed 131.2m | done 1967 | skipped 9578 | errors 0]
    -> tier=TIER_3_AUTO_VALIDATED routing=AUTO_VALIDATED reason=ok
    [dry-run KG3 write OK] would write concept_id=4290193 (Mean corpuscular hemoglobin concentration determination)
  [19/22] 'RDW-13' (Lab Test)  [elapsed 131.2m | done 1968 | skipped 9578 | errors 0]
    -> tier=TIER_3_AUTO_VALIDATED routing=AUTO_VALIDATED reason=ok
    [dry-run KG3 write OK] would write concept_id=4281085 (Red cell distribution width determination)
  [20/22] 'ALT-12' (Lab Test)  [elapsed 131.3m | done 1969 | skipped 9578 | errors 0]
    -> tier=TIER_3_AUTO_VALIDATED routing=AUTO_VALIDATED reason=ok
    [dry-run KG3 write OK] would write concept_id=44810789 (Alanine transaminase activity measurement)
  [21/22] 'AST-15' (Lab Test)  [elapsed 131.3m | done 1970 | skipped 9578 | errors 0]
    -> tier=TIER_3_AUTO_VALIDATED routing=AUTO_VALIDATED reason=ok
    [dry-run KG3 write OK] would write concept_id=4263457 (Aspartate aminotransferase measurement)
  [22/22] 'Calcium-8.2' (Lab Test)  [elapsed 131.3m | done 1971 | skipped 9578 | errors 0]
    -> tier=TIER_3_AUTO_VALIDATED routing=AUTO_VALIDATED reason=ok
    [dry-run KG3 write OK] would write concept_id=4216722 (Calcium measurement)
[note 83/108] 12204513-DS-26: 124 record(s), 4 remaining after resume-skip
  [1/4] 'white count' (Lab Test)  [elapsed 131.3m | done 1972 | skipped 9698 | errors 0]
    -> tier=TIER_4_ENSEMBLE_SPLIT routing=HITL_REQUIRED reason=ensemble_split
  [2/4] 'lactate' (Lab Test)  [elapsed 131.6m | done 1973 | skipped 9698 | errors 0]
    -> tier=TIER_2_AUTO_RESOLVED routing=HITL_REQUIRED reason=tier2_auto_resolved_pending_revalidation
  [3/4] 'COAGULASE' (Lab Test)  [elapsed 131.9m | done 1974 | skipped 9698 | errors 0]
    -> tier=TIER_3_AUTO_VALIDATED routing=AUTO_VALIDATED reason=ok
    [dry-run KG3 write OK] would write concept_id=4214131 (Coagulase test)
  [4/4] 'Aerobic Bottle Gram Stain' (Lab Test)  [elapsed 131.9m | done 1975 | skipped 9698 | errors 0]
    -> tier=TIER_3_AUTO_VALIDATED routing=AUTO_VALIDATED reason=ok
    [dry-run KG3 write OK] would write concept_id=4252846 (Aerobic blood culture)
[note 84/108] 12206678-DS-17: 134 record(s), 6 remaining after resume-skip
  [1/6] 'ECG' (Lab Test)  [elapsed 131.9m | done 1976 | skipped 9826 | errors 0]
    -> tier=TIER_3_AUTO_VALIDATED routing=AUTO_VALIDATED reason=ok
    [dry-run KG3 write OK] would write concept_id=4261794 (Electrocardiogram with exercise test)
  [2/6] 'MCV-89' (Lab Test)  [elapsed 131.9m | done 1977 | skipped 9826 | errors 0]
    -> tier=TIER_3_AUTO_VALIDATED routing=AUTO_VALIDATED reason=ok
    [dry-run KG3 write OK] would write concept_id=4016239 (Erythrocyte mean corpuscular volume determination)
  [3/6] 'Leuks-NEG' (Lab Test)  [elapsed 131.9m | done 1978 | skipped 9826 | errors 0]
    -> tier=TIER_3_AUTO_VALIDATED routing=AUTO_VALIDATED reason=ok
    [dry-run KG3 write OK] would write concept_id=4298431 (White blood cell count)
  [4/6] 'WBC-2' (Lab Test)  [elapsed 131.9m | done 1979 | skipped 9826 | errors 0]
    -> tier=TIER_3_AUTO_VALIDATED routing=AUTO_VALIDATED reason=ok
    [dry-run KG3 write OK] would write concept_id=4298431 (White blood cell count)
  [5/6] 'MCV-91' (Lab Test)  [elapsed 131.9m | done 1980 | skipped 9826 | errors 0]
    -> tier=TIER_3_AUTO_VALIDATED routing=AUTO_VALIDATED reason=ok
    [dry-run KG3 write OK] would write concept_id=4016239 (Erythrocyte mean corpuscular volume determination)
  [6/6] 'WBC' (Lab Test)  [elapsed 131.9m | done 1981 | skipped 9826 | errors 0]
    -> tier=TIER_5_TRUE_AMBIGUITY routing=HITL_REQUIRED reason=unresolved_acronym
[note 85/108] 12276520-DS-22: 109 record(s), 3 remaining after resume-skip
  [1/3] 'RBC-3' (Lab Test)  [elapsed 132.0m | done 1982 | skipped 9932 | errors 0]
    -> tier=TIER_3_AUTO_VALIDATED routing=AUTO_VALIDATED reason=ok
    [dry-run KG3 write OK] would write concept_id=4030871 (Red blood cell count)
  [2/3] 'WBC-9' (Lab Test)  [elapsed 132.0m | done 1983 | skipped 9932 | errors 0]
    -> tier=TIER_3_AUTO_VALIDATED routing=AUTO_VALIDATED reason=ok
    [dry-run KG3 write OK] would write concept_id=4298431 (White blood cell count)
  [3/3] 'WBC 12.0' (Lab Test)  [elapsed 132.0m | done 1984 | skipped 9932 | errors 0]
    -> tier=TIER_5_TRUE_AMBIGUITY routing=HITL_REQUIRED reason=unresolved_acronym
[note 86/108] 12286594-DS-21: 80 record(s), 14 remaining after resume-skip
  [1/14] 'CREAT-1' (Lab Test)  [elapsed 132.0m | done 1985 | skipped 9998 | errors 0]
    -> tier=TIER_3_AUTO_VALIDATED routing=AUTO_VALIDATED reason=ok
    [dry-run KG3 write OK] would write concept_id=4324383 (Creatinine measurement)
  [2/14] 'SODIUM-141' (Lab Test)  [elapsed 132.0m | done 1986 | skipped 9998 | errors 0]
    -> tier=TIER_3_AUTO_VALIDATED routing=AUTO_VALIDATED reason=ok
    [dry-run KG3 write OK] would write concept_id=4097430 (Sodium measurement)
  [3/14] 'POTASSIUM-4' (Lab Test)  [elapsed 132.0m | done 1987 | skipped 9998 | errors 0]
    -> tier=TIER_3_AUTO_VALIDATED routing=AUTO_VALIDATED reason=ok
    [dry-run KG3 write OK] would write concept_id=4245152 (Potassium measurement)
  [4/14] 'TOTAL CO2-25' (Lab Test)  [elapsed 132.0m | done 1988 | skipped 9998 | errors 0]
    -> tier=TIER_3_AUTO_VALIDATED routing=AUTO_VALIDATED reason=ok
    [dry-run KG3 write OK] would write concept_id=4135963 (Carbon dioxide content measurement)
  [5/14] 'WBC-7' (Lab Test)  [elapsed 132.1m | done 1989 | skipped 9998 | errors 0]
    -> tier=TIER_3_AUTO_VALIDATED routing=AUTO_VALIDATED reason=ok
    [dry-run KG3 write OK] would write concept_id=4298431 (White blood cell count)
  [6/14] 'RBC-5' (Lab Test)  [elapsed 132.1m | done 1990 | skipped 9998 | errors 0]
    -> tier=TIER_3_AUTO_VALIDATED routing=AUTO_VALIDATED reason=ok
    [dry-run KG3 write OK] would write concept_id=4030871 (Red blood cell count)
  [7/14] 'HGB-14' (Lab Test)  [elapsed 132.1m | done 1991 | skipped 9998 | errors 0]
    -> tier=TIER_3_AUTO_VALIDATED routing=AUTO_VALIDATED reason=ok
    [dry-run KG3 write OK] would write concept_id=40480067 (Measurement of total hemoglobin concentration)
  [8/14] 'MCV-78' (Lab Test)  [elapsed 132.1m | done 1992 | skipped 9998 | errors 0]
    -> tier=TIER_3_AUTO_VALIDATED routing=AUTO_VALIDATED reason=ok
    [dry-run KG3 write OK] would write concept_id=4016239 (Erythrocyte mean corpuscular volume determination)
  [9/14] 'MCH-26' (Lab Test)  [elapsed 132.1m | done 1993 | skipped 9998 | errors 0]
    -> tier=TIER_3_AUTO_VALIDATED routing=AUTO_VALIDATED reason=ok
    [dry-run KG3 write OK] would write concept_id=4290193 (Mean corpuscular hemoglobin concentration determination)
  [10/14] 'MCHC-33' (Lab Test)  [elapsed 132.1m | done 1994 | skipped 9998 | errors 0]
    -> tier=TIER_3_AUTO_VALIDATED routing=AUTO_VALIDATED reason=ok
    [dry-run KG3 write OK] would write concept_id=4290193 (Mean corpuscular hemoglobin concentration determination)
  [11/14] 'RDW-13' (Lab Test)  [elapsed 132.1m | done 1995 | skipped 9998 | errors 0]
    -> tier=TIER_3_AUTO_VALIDATED routing=AUTO_VALIDATED reason=ok
    [dry-run KG3 write OK] would write concept_id=4281085 (Red cell distribution width determination)
  [12/14] 'NEUTS-60' (Lab Test)  [elapsed 132.1m | done 1996 | skipped 9998 | errors 0]
    -> tier=TIER_3_AUTO_VALIDATED routing=AUTO_VALIDATED reason=ok
    [dry-run KG3 write OK] would write concept_id=4148615 (Neutrophil count)
  [13/14] 'EOS-2' (Lab Test)  [elapsed 132.2m | done 1997 | skipped 9998 | errors 0]
    -> tier=TIER_3_AUTO_VALIDATED routing=AUTO_VALIDATED reason=ok
    [dry-run KG3 write OK] would write concept_id=4216098 (Eosinophil count)
  [14/14] 'PLT COUNT-247' (Lab Test)  [elapsed 132.2m | done 1998 | skipped 9998 | errors 0]
    -> tier=TIER_3_AUTO_VALIDATED routing=AUTO_VALIDATED reason=ok
    [dry-run KG3 write OK] would write concept_id=4267147 (Platelet count)
[note 87/108] 12286975-DS-22: 159 record(s), 17 remaining after resume-skip
  [1/17] 'WBC-11' (Lab Test)  [elapsed 132.2m | done 1999 | skipped 10140 | errors 0]
    -> tier=TIER_3_AUTO_VALIDATED routing=AUTO_VALIDATED reason=ok
    [dry-run KG3 write OK] would write concept_id=4298431 (White blood cell count)
  [2/17] 'RBC-4' (Lab Test)  [elapsed 132.2m | done 2000 | skipped 10140 | errors 0]
    -> tier=TIER_3_AUTO_VALIDATED routing=AUTO_VALIDATED reason=ok
    [dry-run KG3 write OK] would write concept_id=4030871 (Red blood cell count)
  [3/17] 'HGB-12' (Lab Test)  [elapsed 132.2m | done 2001 | skipped 10140 | errors 0]
    -> tier=TIER_3_AUTO_VALIDATED routing=AUTO_VALIDATED reason=ok
    [dry-run KG3 write OK] would write concept_id=40480067 (Measurement of total hemoglobin concentration)
  [4/17] 'MCV-84' (Lab Test)  [elapsed 132.2m | done 2002 | skipped 10140 | errors 0]
    -> tier=TIER_3_AUTO_VALIDATED routing=AUTO_VALIDATED reason=ok
    [dry-run KG3 write OK] would write concept_id=4016239 (Erythrocyte mean corpuscular volume determination)
  [5/17] 'MCH-28' (Lab Test)  [elapsed 132.2m | done 2003 | skipped 10140 | errors 0]
    -> tier=TIER_3_AUTO_VALIDATED routing=AUTO_VALIDATED reason=ok
    [dry-run KG3 write OK] would write concept_id=4290193 (Mean corpuscular hemoglobin concentration determination)
  [6/17] 'MCHC-33' (Lab Test)  [elapsed 132.2m | done 2004 | skipped 10140 | errors 0]
    -> tier=TIER_3_AUTO_VALIDATED routing=AUTO_VALIDATED reason=ok
    [dry-run KG3 write OK] would write concept_id=4290193 (Mean corpuscular hemoglobin concentration determination)
  [7/17] 'RDW-14' (Lab Test)  [elapsed 132.3m | done 2005 | skipped 10140 | errors 0]
    -> tier=TIER_3_AUTO_VALIDATED routing=AUTO_VALIDATED reason=ok
    [dry-run KG3 write OK] would write concept_id=4281085 (Red cell distribution width determination)
  [8/17] 'NEUTS-91.7' (Lab Test)  [elapsed 132.3m | done 2006 | skipped 10140 | errors 0]
    -> tier=TIER_3_AUTO_VALIDATED routing=AUTO_VALIDATED reason=ok
    [dry-run KG3 write OK] would write concept_id=4148615 (Neutrophil count)
  [9/17] 'EOS-0.8' (Lab Test)  [elapsed 132.3m | done 2007 | skipped 10140 | errors 0]
    -> tier=TIER_3_AUTO_VALIDATED routing=AUTO_VALIDATED reason=ok
    [dry-run KG3 write OK] would write concept_id=4216098 (Eosinophil count)
  [10/17] 'PLT COUNT-279' (Lab Test)  [elapsed 132.3m | done 2008 | skipped 10140 | errors 0]
    -> tier=TIER_3_AUTO_VALIDATED routing=AUTO_VALIDATED reason=ok
    [dry-run KG3 write OK] would write concept_id=4267147 (Platelet count)
  [11/17] 'CREAT-1' (Lab Test)  [elapsed 132.3m | done 2009 | skipped 10140 | errors 0]
    -> tier=TIER_3_AUTO_VALIDATED routing=AUTO_VALIDATED reason=ok
    [dry-run KG3 write OK] would write concept_id=4324383 (Creatinine measurement)
  [12/17] 'SODIUM-140' (Lab Test)  [elapsed 132.3m | done 2010 | skipped 10140 | errors 0]
    -> tier=TIER_3_AUTO_VALIDATED routing=AUTO_VALIDATED reason=ok
    [dry-run KG3 write OK] would write concept_id=4097430 (Sodium measurement)
  [13/17] 'POTASSIUM-3' (Lab Test)  [elapsed 132.3m | done 2011 | skipped 10140 | errors 0]
    -> tier=TIER_3_AUTO_VALIDATED routing=AUTO_VALIDATED reason=ok
    [dry-run KG3 write OK] would write concept_id=4245152 (Potassium measurement)
  [14/17] 'TOTAL CO2-28' (Lab Test)  [elapsed 132.3m | done 2012 | skipped 10140 | errors 0]
    -> tier=TIER_3_AUTO_VALIDATED routing=AUTO_VALIDATED reason=ok
    [dry-run KG3 write OK] would write concept_id=4135963 (Carbon dioxide content measurement)
  [15/17] 'CK(CPK)' (Lab Test)  [elapsed 132.4m | done 2013 | skipped 10140 | errors 0]
    -> tier=TIER_3_AUTO_VALIDATED routing=AUTO_VALIDATED reason=ok
    [dry-run KG3 write OK] would write concept_id=4265595 (Creatine kinase measurement)
  [16/17] 'URINE' (Lab Test)  [elapsed 132.4m | done 2014 | skipped 10140 | errors 0]
    -> tier=TIER_3_AUTO_VALIDATED routing=AUTO_VALIDATED reason=ok
    [dry-run KG3 write OK] would write concept_id=4055811 (Urine examination)
  [17/17] 'WBC' (Lab Test)  [elapsed 132.4m | done 2015 | skipped 10140 | errors 0]
    -> tier=TIER_5_TRUE_AMBIGUITY routing=HITL_REQUIRED reason=unresolved_acronym
[note 88/108] 12290802-DS-3: 85 record(s), 14 remaining after resume-skip
  [1/14] 'CREAT-0.7' (Lab Test)  [elapsed 132.4m | done 2016 | skipped 10211 | errors 0]
    -> tier=TIER_3_AUTO_VALIDATED routing=AUTO_VALIDATED reason=ok
    [dry-run KG3 write OK] would write concept_id=4324383 (Creatinine measurement)
  [2/14] 'SODIUM-143' (Lab Test)  [elapsed 132.4m | done 2017 | skipped 10211 | errors 0]
    -> tier=TIER_3_AUTO_VALIDATED routing=AUTO_VALIDATED reason=ok
    [dry-run KG3 write OK] would write concept_id=4097430 (Sodium measurement)
  [3/14] 'POTASSIUM-3.0' (Lab Test)  [elapsed 132.4m | done 2018 | skipped 10211 | errors 0]
    -> tier=TIER_3_AUTO_VALIDATED routing=AUTO_VALIDATED reason=ok
    [dry-run KG3 write OK] would write concept_id=4245152 (Potassium measurement)
  [4/14] 'TOTAL CO2-19' (Lab Test)  [elapsed 132.4m | done 2019 | skipped 10211 | errors 0]
    -> tier=TIER_3_AUTO_VALIDATED routing=AUTO_VALIDATED reason=ok
    [dry-run KG3 write OK] would write concept_id=4135963 (Carbon dioxide content measurement)
  [5/14] 'CALCIUM-7.8' (Lab Test)  [elapsed 132.4m | done 2020 | skipped 10211 | errors 0]
    -> tier=TIER_3_AUTO_VALIDATED routing=AUTO_VALIDATED reason=ok
    [dry-run KG3 write OK] would write concept_id=4216722 (Calcium measurement)
  [6/14] 'WBC-6' (Lab Test)  [elapsed 132.5m | done 2021 | skipped 10211 | errors 0]
    -> tier=TIER_3_AUTO_VALIDATED routing=AUTO_VALIDATED reason=ok
    [dry-run KG3 write OK] would write concept_id=4298431 (White blood cell count)
  [7/14] 'RBC-3.94' (Lab Test)  [elapsed 132.5m | done 2022 | skipped 10211 | errors 0]
    -> tier=TIER_3_AUTO_VALIDATED routing=AUTO_VALIDATED reason=ok
    [dry-run KG3 write OK] would write concept_id=4030871 (Red blood cell count)
  [8/14] 'HGB-12.3' (Lab Test)  [elapsed 132.5m | done 2023 | skipped 10211 | errors 0]
    -> tier=TIER_3_AUTO_VALIDATED routing=AUTO_VALIDATED reason=ok
    [dry-run KG3 write OK] would write concept_id=40480067 (Measurement of total hemoglobin concentration)
  [9/14] 'MCV-87' (Lab Test)  [elapsed 132.5m | done 2024 | skipped 10211 | errors 0]
    -> tier=TIER_3_AUTO_VALIDATED routing=AUTO_VALIDATED reason=ok
    [dry-run KG3 write OK] would write concept_id=4016239 (Erythrocyte mean corpuscular volume determination)
  [10/14] 'MCH-31' (Lab Test)  [elapsed 132.5m | done 2025 | skipped 10211 | errors 0]
    -> tier=TIER_3_AUTO_VALIDATED routing=AUTO_VALIDATED reason=ok
    [dry-run KG3 write OK] would write concept_id=4290193 (Mean corpuscular hemoglobin concentration determination)
  [11/14] 'MCHC-35.9' (Lab Test)  [elapsed 132.5m | done 2026 | skipped 10211 | errors 0]
    -> tier=TIER_3_AUTO_VALIDATED routing=AUTO_VALIDATED reason=ok
    [dry-run KG3 write OK] would write concept_id=4290193 (Mean corpuscular hemoglobin concentration determination)
  [12/14] 'RDW-13.5' (Lab Test)  [elapsed 132.5m | done 2027 | skipped 10211 | errors 0]
    -> tier=TIER_3_AUTO_VALIDATED routing=AUTO_VALIDATED reason=ok
    [dry-run KG3 write OK] would write concept_id=4281085 (Red cell distribution width determination)
  [13/14] 'PLT COUNT-130' (Lab Test)  [elapsed 132.5m | done 2028 | skipped 10211 | errors 0]
    -> tier=TIER_3_AUTO_VALIDATED routing=AUTO_VALIDATED reason=ok
    [dry-run KG3 write OK] would write concept_id=4267147 (Platelet count)
  [14/14] 'LACTATE-3.2' (Lab Test)  [elapsed 132.6m | done 2029 | skipped 10211 | errors 0]
    -> tier=TIER_3_AUTO_VALIDATED routing=AUTO_VALIDATED reason=ok
    [dry-run KG3 write OK] would write concept_id=4138179 (D-lactate measurement)
[note 89/108] 12298181-DS-9: 98 record(s), 10 remaining after resume-skip
  [1/10] 'WBC-10' (Lab Test)  [elapsed 132.6m | done 2030 | skipped 10299 | errors 0]
    -> tier=TIER_3_AUTO_VALIDATED routing=AUTO_VALIDATED reason=ok
    [dry-run KG3 write OK] would write concept_id=4298431 (White blood cell count)
  [2/10] 'RBC-3' (Lab Test)  [elapsed 132.6m | done 2031 | skipped 10299 | errors 0]
    -> tier=TIER_3_AUTO_VALIDATED routing=AUTO_VALIDATED reason=ok
    [dry-run KG3 write OK] would write concept_id=4030871 (Red blood cell count)
  [3/10] 'Hgb-9.8' (Lab Test)  [elapsed 132.6m | done 2032 | skipped 10299 | errors 0]
    -> tier=TIER_3_AUTO_VALIDATED routing=AUTO_VALIDATED reason=ok
    [dry-run KG3 write OK] would write concept_id=40480067 (Measurement of total hemoglobin concentration)
  [4/10] 'MCV-88' (Lab Test)  [elapsed 132.6m | done 2033 | skipped 10299 | errors 0]
    -> tier=TIER_3_AUTO_VALIDATED routing=AUTO_VALIDATED reason=ok
    [dry-run KG3 write OK] would write concept_id=4016239 (Erythrocyte mean corpuscular volume determination)
  [5/10] 'MCH-28' (Lab Test)  [elapsed 132.6m | done 2034 | skipped 10299 | errors 0]
    -> tier=TIER_3_AUTO_VALIDATED routing=AUTO_VALIDATED reason=ok
    [dry-run KG3 write OK] would write concept_id=4290193 (Mean corpuscular hemoglobin concentration determination)
  [6/10] 'MCHC-32' (Lab Test)  [elapsed 132.6m | done 2035 | skipped 10299 | errors 0]
    -> tier=TIER_3_AUTO_VALIDATED routing=AUTO_VALIDATED reason=ok
    [dry-run KG3 write OK] would write concept_id=4290193 (Mean corpuscular hemoglobin concentration determination)
  [7/10] 'RDW-18.2' (Lab Test)  [elapsed 132.6m | done 2036 | skipped 10299 | errors 0]
    -> tier=TIER_3_AUTO_VALIDATED routing=AUTO_VALIDATED reason=ok
    [dry-run KG3 write OK] would write concept_id=4281085 (Red cell distribution width determination)
  [8/10] 'Plt' (Lab Test)  [elapsed 132.7m | done 2037 | skipped 10299 | errors 0]
    -> tier=TIER_3_AUTO_VALIDATED routing=AUTO_VALIDATED reason=ok
    [dry-run KG3 write OK] would write concept_id=4267147 (Platelet count)
  [9/10] 'Creat-2.2' (Lab Test)  [elapsed 132.7m | done 2038 | skipped 10299 | errors 0]
    -> tier=TIER_3_AUTO_VALIDATED routing=AUTO_VALIDATED reason=ok
    [dry-run KG3 write OK] would write concept_id=4324383 (Creatinine measurement)
  [10/10] 'Calcium-8.8' (Lab Test)  [elapsed 132.7m | done 2039 | skipped 10299 | errors 0]
    -> tier=TIER_3_AUTO_VALIDATED routing=AUTO_VALIDATED reason=ok
    [dry-run KG3 write OK] would write concept_id=4216722 (Calcium measurement)
[note 90/108] 12298967-DS-22: 170 record(s), 2 remaining after resume-skip
  [1/2] 'CRP' (Lab Test)  [elapsed 132.7m | done 2040 | skipped 10467 | errors 0]
    -> tier=TIER_3_AUTO_VALIDATED routing=AUTO_VALIDATED reason=ok
    [dry-run KG3 write OK] would write concept_id=4208414 (C-reactive protein measurement)
  [2/2] 'labs' (Lab Test)  [elapsed 132.7m | done 2041 | skipped 10467 | errors 0]
    -> tier=TIER_3_AUTO_VALIDATED routing=AUTO_VALIDATED reason=ok
    [dry-run KG3 write OK] would write concept_id=4034850 (Laboratory test)
[note 91/108] 12304719-DS-18: 229 record(s), 17 remaining after resume-skip
  [1/17] 'SaO2' (Lab Test)  [elapsed 132.7m | done 2042 | skipped 10679 | errors 0]
    -> tier=TIER_3_AUTO_VALIDATED routing=AUTO_VALIDATED reason=ok
    [dry-run KG3 write OK] would write concept_id=4020553 (Oxygen saturation measurement)
  [2/17] 'WBC-11' (Lab Test)  [elapsed 132.7m | done 2043 | skipped 10679 | errors 0]
    -> tier=TIER_3_AUTO_VALIDATED routing=AUTO_VALIDATED reason=ok
    [dry-run KG3 write OK] would write concept_id=4298431 (White blood cell count)
  [3/17] 'RBC-4' (Lab Test)  [elapsed 132.8m | done 2044 | skipped 10679 | errors 0]
    -> tier=TIER_3_AUTO_VALIDATED routing=AUTO_VALIDATED reason=ok
    [dry-run KG3 write OK] would write concept_id=4030871 (Red blood cell count)
  [4/17] 'Hgb-13' (Lab Test)  [elapsed 132.8m | done 2045 | skipped 10679 | errors 0]
    -> tier=TIER_3_AUTO_VALIDATED routing=AUTO_VALIDATED reason=ok
    [dry-run KG3 write OK] would write concept_id=40480067 (Measurement of total hemoglobin concentration)
  [5/17] 'MCV-91' (Lab Test)  [elapsed 132.8m | done 2046 | skipped 10679 | errors 0]
    -> tier=TIER_3_AUTO_VALIDATED routing=AUTO_VALIDATED reason=ok
    [dry-run KG3 write OK] would write concept_id=4016239 (Erythrocyte mean corpuscular volume determination)
  [6/17] 'MCH-31' (Lab Test)  [elapsed 132.8m | done 2047 | skipped 10679 | errors 0]
    -> tier=TIER_3_AUTO_VALIDATED routing=AUTO_VALIDATED reason=ok
    [dry-run KG3 write OK] would write concept_id=4290193 (Mean corpuscular hemoglobin concentration determination)
  [7/17] 'MCHC-35' (Lab Test)  [elapsed 132.8m | done 2048 | skipped 10679 | errors 0]
    -> tier=TIER_3_AUTO_VALIDATED routing=AUTO_VALIDATED reason=ok
    [dry-run KG3 write OK] would write concept_id=4290193 (Mean corpuscular hemoglobin concentration determination)
  [8/17] 'RDW-14' (Lab Test)  [elapsed 132.8m | done 2049 | skipped 10679 | errors 0]
    -> tier=TIER_3_AUTO_VALIDATED routing=AUTO_VALIDATED reason=ok
    [dry-run KG3 write OK] would write concept_id=4281085 (Red cell distribution width determination)
  [9/17] 'Neuts-73' (Lab Test)  [elapsed 132.8m | done 2050 | skipped 10679 | errors 0]
    -> tier=TIER_3_AUTO_VALIDATED routing=AUTO_VALIDATED reason=ok
    [dry-run KG3 write OK] would write concept_id=4148615 (Neutrophil count)
  [10/17] 'Eos-2' (Lab Test)  [elapsed 132.8m | done 2051 | skipped 10679 | errors 0]
    -> tier=TIER_3_AUTO_VALIDATED routing=AUTO_VALIDATED reason=ok
    [dry-run KG3 write OK] would write concept_id=4216098 (Eosinophil count)
  [11/17] 'ALT-15' (Lab Test)  [elapsed 132.9m | done 2052 | skipped 10679 | errors 0]
    -> tier=TIER_3_AUTO_VALIDATED routing=AUTO_VALIDATED reason=ok
    [dry-run KG3 write OK] would write concept_id=44810789 (Alanine transaminase activity measurement)
  [12/17] 'AST-18' (Lab Test)  [elapsed 132.9m | done 2053 | skipped 10679 | errors 0]
    -> tier=TIER_3_AUTO_VALIDATED routing=AUTO_VALIDATED reason=ok
    [dry-run KG3 write OK] would write concept_id=4263457 (Aspartate aminotransferase measurement)
  [13/17] 'Calcium-9' (Lab Test)  [elapsed 132.9m | done 2054 | skipped 10679 | errors 0]
    -> tier=TIER_3_AUTO_VALIDATED routing=AUTO_VALIDATED reason=ok
    [dry-run KG3 write OK] would write concept_id=4216722 (Calcium measurement)
  [14/17] 'HbA1c-5' (Lab Test)  [elapsed 132.9m | done 2055 | skipped 10679 | errors 0]
    -> tier=TIER_3_AUTO_VALIDATED routing=AUTO_VALIDATED reason=ok
    [dry-run KG3 write OK] would write concept_id=4184637 (Hemoglobin A1c measurement)
  [15/17] 'Leuks-NEG' (Lab Test)  [elapsed 132.9m | done 2056 | skipped 10679 | errors 0]
    -> tier=TIER_3_AUTO_VALIDATED routing=AUTO_VALIDATED reason=ok
    [dry-run KG3 write OK] would write concept_id=4298431 (White blood cell count)
  [16/17] 'RBC-1' (Lab Test)  [elapsed 132.9m | done 2057 | skipped 10679 | errors 0]
    -> tier=TIER_3_AUTO_VALIDATED routing=AUTO_VALIDATED reason=ok
    [dry-run KG3 write OK] would write concept_id=4030871 (Red blood cell count)
  [17/17] 'WBC-1' (Lab Test)  [elapsed 132.9m | done 2058 | skipped 10679 | errors 0]
    -> tier=TIER_3_AUTO_VALIDATED routing=AUTO_VALIDATED reason=ok
    [dry-run KG3 write OK] would write concept_id=4298431 (White blood cell count)
[note 92/108] 12314513-DS-16: 102 record(s), 1 remaining after resume-skip
  [1/1] 'lactate' (Lab Test)  [elapsed 132.9m | done 2059 | skipped 10780 | errors 0]
    -> tier=TIER_3_AUTO_VALIDATED routing=AUTO_VALIDATED reason=ok
    [dry-run KG3 write OK] would write concept_id=4213582 (Lactic acid measurement)
[note 93/108] 12319089-DS-12: 137 record(s), 7 remaining after resume-skip
  [1/7] 'SBP' (Lab Test)  [elapsed 133.0m | done 2060 | skipped 10910 | errors 0]
    -> tier=TIER_5_TRUE_AMBIGUITY routing=HITL_REQUIRED reason=unresolved_acronym
  [2/7] 'WBC' (Lab Test)  [elapsed 133.0m | done 2061 | skipped 10910 | errors 0]
    -> tier=TIER_5_TRUE_AMBIGUITY routing=HITL_REQUIRED reason=unresolved_acronym
  [3/7] 'lactate' (Lab Test)  [elapsed 133.0m | done 2062 | skipped 10910 | errors 0]
    -> tier=TIER_3_AUTO_VALIDATED routing=AUTO_VALIDATED reason=ok
    [dry-run KG3 write OK] would write concept_id=4213582 (Lactic acid measurement)
  [4/7] 'ALT' (Lab Test)  [elapsed 133.0m | done 2063 | skipped 10910 | errors 0]
    -> tier=TIER_3_AUTO_VALIDATED routing=AUTO_VALIDATED reason=ok
    [dry-run KG3 write OK] would write concept_id=44810789 (Alanine transaminase activity measurement)
  [5/7] 'AST' (Lab Test)  [elapsed 133.0m | done 2064 | skipped 10910 | errors 0]
    -> tier=TIER_3_AUTO_VALIDATED routing=AUTO_VALIDATED reason=ok
    [dry-run KG3 write OK] would write concept_id=4263457 (Aspartate aminotransferase measurement)
  [6/7] 'LACTATE-1.0' (Lab Test)  [elapsed 133.0m | done 2065 | skipped 10910 | errors 0]
    -> tier=TIER_3_AUTO_VALIDATED routing=AUTO_VALIDATED reason=ok
    [dry-run KG3 write OK] would write concept_id=4138179 (D-lactate measurement)
  [7/7] 'LACTATE-1' (Lab Test)  [elapsed 133.0m | done 2066 | skipped 10910 | errors 0]
    -> tier=TIER_3_AUTO_VALIDATED routing=AUTO_VALIDATED reason=ok
    [dry-run KG3 write OK] would write concept_id=4138179 (D-lactate measurement)
[note 94/108] 12340122-DS-5: 135 record(s), 6 remaining after resume-skip
  [1/6] 'WBC-6' (Lab Test)  [elapsed 133.1m | done 2067 | skipped 11039 | errors 0]
    -> tier=TIER_3_AUTO_VALIDATED routing=AUTO_VALIDATED reason=ok
    [dry-run KG3 write OK] would write concept_id=4298431 (White blood cell count)
  [2/6] 'RBC-3.76' (Lab Test)  [elapsed 133.1m | done 2068 | skipped 11039 | errors 0]
    -> tier=TIER_3_AUTO_VALIDATED routing=AUTO_VALIDATED reason=ok
    [dry-run KG3 write OK] would write concept_id=4030871 (Red blood cell count)
  [3/6] 'Hgb-11.7' (Lab Test)  [elapsed 133.1m | done 2069 | skipped 11039 | errors 0]
    -> tier=TIER_3_AUTO_VALIDATED routing=AUTO_VALIDATED reason=ok
    [dry-run KG3 write OK] would write concept_id=40480067 (Measurement of total hemoglobin concentration)
  [4/6] 'MCV-94' (Lab Test)  [elapsed 133.1m | done 2070 | skipped 11039 | errors 0]
    -> tier=TIER_3_AUTO_VALIDATED routing=AUTO_VALIDATED reason=ok
    [dry-run KG3 write OK] would write concept_id=4016239 (Erythrocyte mean corpuscular volume determination)
  [5/6] 'Neuts-76.4' (Lab Test)  [elapsed 133.1m | done 2071 | skipped 11039 | errors 0]
    -> tier=TIER_3_AUTO_VALIDATED routing=AUTO_VALIDATED reason=ok
    [dry-run KG3 write OK] would write concept_id=4148615 (Neutrophil count)
  [6/6] 'MCV-93' (Lab Test)  [elapsed 133.1m | done 2072 | skipped 11039 | errors 0]
    -> tier=TIER_3_AUTO_VALIDATED routing=AUTO_VALIDATED reason=ok
    [dry-run KG3 write OK] would write concept_id=4016239 (Erythrocyte mean corpuscular volume determination)
[note 95/108] 12407834-DS-17: 170 record(s), 10 remaining after resume-skip
  [1/10] 'plts' (Lab Test)  [elapsed 133.1m | done 2073 | skipped 11199 | errors 0]
    -> tier=TIER_3_AUTO_VALIDATED routing=AUTO_VALIDATED reason=ok
    [dry-run KG3 write OK] would write concept_id=4267147 (Platelet count)
  [2/10] 'D-DIMER-321' (Lab Test)  [elapsed 133.1m | done 2074 | skipped 11199 | errors 0]
    -> tier=TIER_3_AUTO_VALIDATED routing=AUTO_VALIDATED reason=ok
    [dry-run KG3 write OK] would write concept_id=4322628 (D-dimer assay)
  [3/10] 'MCV-102' (Lab Test)  [elapsed 133.2m | done 2075 | skipped 11199 | errors 0]
    -> tier=TIER_3_AUTO_VALIDATED routing=AUTO_VALIDATED reason=ok
    [dry-run KG3 write OK] would write concept_id=4016239 (Erythrocyte mean corpuscular volume determination)
  [4/10] 'Plt Ct-49' (Lab Test)  [elapsed 133.2m | done 2076 | skipped 11199 | errors 0]
    -> tier=TIER_3_AUTO_VALIDATED routing=AUTO_VALIDATED reason=ok
    [dry-run KG3 write OK] would write concept_id=4267147 (Platelet count)
  [5/10] 'ALT' (Lab Test)  [elapsed 133.2m | done 2077 | skipped 11199 | errors 0]
    -> tier=TIER_3_AUTO_VALIDATED routing=AUTO_VALIDATED reason=ok
    [dry-run KG3 write OK] would write concept_id=44810789 (Alanine transaminase activity measurement)
  [6/10] 'AST' (Lab Test)  [elapsed 133.2m | done 2078 | skipped 11199 | errors 0]
    -> tier=TIER_3_AUTO_VALIDATED routing=AUTO_VALIDATED reason=ok
    [dry-run KG3 write OK] would write concept_id=4263457 (Aspartate aminotransferase measurement)
  [7/10] 'ALT-7' (Lab Test)  [elapsed 133.2m | done 2079 | skipped 11199 | errors 0]
    -> tier=TIER_3_AUTO_VALIDATED routing=AUTO_VALIDATED reason=ok
    [dry-run KG3 write OK] would write concept_id=44810789 (Alanine transaminase activity measurement)
  [8/10] 'AST-13' (Lab Test)  [elapsed 133.2m | done 2080 | skipped 11199 | errors 0]
    -> tier=TIER_3_AUTO_VALIDATED routing=AUTO_VALIDATED reason=ok
    [dry-run KG3 write OK] would write concept_id=4263457 (Aspartate aminotransferase measurement)
  [9/10] 'D-dimer' (Lab Test)  [elapsed 133.2m | done 2081 | skipped 11199 | errors 0]
    -> tier=TIER_3_AUTO_VALIDATED routing=AUTO_VALIDATED reason=ok
    [dry-run KG3 write OK] would write concept_id=4322628 (D-dimer assay)
  [10/10] 'BUN/Cr' (Lab Test)  [elapsed 133.2m | done 2082 | skipped 11199 | errors 0]
    -> tier=TIER_3_AUTO_VALIDATED routing=AUTO_VALIDATED reason=ok
    [dry-run KG3 write OK] would write concept_id=4112223 (BUN/Creatinine ratio)
[note 96/108] 12412316-DS-14: 106 record(s), 8 remaining after resume-skip
  [1/8] 'EKG' (Lab Test)  [elapsed 133.3m | done 2083 | skipped 11297 | errors 0]
    -> tier=TIER_3_AUTO_VALIDATED routing=AUTO_VALIDATED reason=ok
    [dry-run KG3 write OK] would write concept_id=4261794 (Electrocardiogram with exercise test)
  [2/8] 'WBC' (Lab Test)  [elapsed 133.3m | done 2084 | skipped 11297 | errors 0]
    -> tier=TIER_5_TRUE_AMBIGUITY routing=HITL_REQUIRED reason=unresolved_acronym
  [3/8] 'WBC-16' (Lab Test)  [elapsed 133.3m | done 2085 | skipped 11297 | errors 0]
    -> tier=TIER_3_AUTO_VALIDATED routing=AUTO_VALIDATED reason=ok
    [dry-run KG3 write OK] would write concept_id=4298431 (White blood cell count)
  [4/8] 'ALT-82' (Lab Test)  [elapsed 133.3m | done 2086 | skipped 11297 | errors 0]
    -> tier=TIER_3_AUTO_VALIDATED routing=AUTO_VALIDATED reason=ok
    [dry-run KG3 write OK] would write concept_id=44810789 (Alanine transaminase activity measurement)
  [5/8] 'AST-125' (Lab Test)  [elapsed 133.3m | done 2087 | skipped 11297 | errors 0]
    -> tier=TIER_3_AUTO_VALIDATED routing=AUTO_VALIDATED reason=ok
    [dry-run KG3 write OK] would write concept_id=4263457 (Aspartate aminotransferase measurement)
  [6/8] 'ALT-77' (Lab Test)  [elapsed 133.3m | done 2088 | skipped 11297 | errors 0]
    -> tier=TIER_3_AUTO_VALIDATED routing=AUTO_VALIDATED reason=ok
    [dry-run KG3 write OK] would write concept_id=44810789 (Alanine transaminase activity measurement)
  [7/8] 'AST-113' (Lab Test)  [elapsed 133.3m | done 2089 | skipped 11297 | errors 0]
    -> tier=TIER_3_AUTO_VALIDATED routing=AUTO_VALIDATED reason=ok
    [dry-run KG3 write OK] would write concept_id=4263457 (Aspartate aminotransferase measurement)
  [8/8] 'Calcium-7.9' (Lab Test)  [elapsed 133.3m | done 2090 | skipped 11297 | errors 0]
    -> tier=TIER_3_AUTO_VALIDATED routing=AUTO_VALIDATED reason=ok
    [dry-run KG3 write OK] would write concept_id=4216722 (Calcium measurement)
[note 97/108] 12431768-DS-17: 170 record(s), 11 remaining after resume-skip
  [1/11] 'WBC 8.1' (Lab Test)  [elapsed 133.4m | done 2091 | skipped 11456 | errors 0]
    -> tier=TIER_5_TRUE_AMBIGUITY routing=HITL_REQUIRED reason=unresolved_acronym
  [2/11] 'ALT-51' (Lab Test)  [elapsed 133.4m | done 2092 | skipped 11456 | errors 0]
    -> tier=TIER_3_AUTO_VALIDATED routing=AUTO_VALIDATED reason=ok
    [dry-run KG3 write OK] would write concept_id=44810789 (Alanine transaminase activity measurement)
  [3/11] 'AST-87' (Lab Test)  [elapsed 133.4m | done 2093 | skipped 11456 | errors 0]
    -> tier=TIER_3_AUTO_VALIDATED routing=AUTO_VALIDATED reason=ok
    [dry-run KG3 write OK] would write concept_id=4263457 (Aspartate aminotransferase measurement)
  [4/11] 'Lactate-2.1' (Lab Test)  [elapsed 133.4m | done 2094 | skipped 11456 | errors 0]
    -> tier=TIER_3_AUTO_VALIDATED routing=AUTO_VALIDATED reason=ok
    [dry-run KG3 write OK] would write concept_id=4138179 (D-lactate measurement)
  [5/11] 'ALT-47' (Lab Test)  [elapsed 133.4m | done 2095 | skipped 11456 | errors 0]
    -> tier=TIER_3_AUTO_VALIDATED routing=AUTO_VALIDATED reason=ok
    [dry-run KG3 write OK] would write concept_id=44810789 (Alanine transaminase activity measurement)
  [6/11] 'AST-88' (Lab Test)  [elapsed 133.4m | done 2096 | skipped 11456 | errors 0]
    -> tier=TIER_3_AUTO_VALIDATED routing=AUTO_VALIDATED reason=ok
    [dry-run KG3 write OK] would write concept_id=4263457 (Aspartate aminotransferase measurement)
  [7/11] 'WBC' (Lab Test)  [elapsed 133.4m | done 2097 | skipped 11456 | errors 0]
    -> tier=TIER_5_TRUE_AMBIGUITY routing=HITL_REQUIRED reason=unresolved_acronym
  [8/11] 'CRP' (Lab Test)  [elapsed 133.5m | done 2098 | skipped 11456 | errors 0]
    -> tier=TIER_3_AUTO_VALIDATED routing=AUTO_VALIDATED reason=ok
    [dry-run KG3 write OK] would write concept_id=4208414 (C-reactive protein measurement)
  [9/11] 'Na 131' (Lab Test)  [elapsed 133.5m | done 2099 | skipped 11456 | errors 0]
    -> tier=TIER_3_AUTO_VALIDATED routing=AUTO_VALIDATED reason=ok
    [dry-run KG3 write OK] would write concept_id=4097430 (Sodium measurement)
  [10/11] 'ALT 51' (Lab Test)  [elapsed 133.5m | done 2100 | skipped 11456 | errors 0]
    -> tier=TIER_3_AUTO_VALIDATED routing=AUTO_VALIDATED reason=ok
    [dry-run KG3 write OK] would write concept_id=44810789 (Alanine transaminase activity measurement)
  [11/11] 'AST 87' (Lab Test)  [elapsed 133.5m | done 2101 | skipped 11456 | errors 0]
    -> tier=TIER_3_AUTO_VALIDATED routing=AUTO_VALIDATED reason=ok
    [dry-run KG3 write OK] would write concept_id=4263457 (Aspartate aminotransferase measurement)
[note 98/108] 12465457-DS-18: 191 record(s), 13 remaining after resume-skip
  [1/13] 'WBC-2' (Lab Test)  [elapsed 133.5m | done 2102 | skipped 11634 | errors 0]
    -> tier=TIER_3_AUTO_VALIDATED routing=AUTO_VALIDATED reason=ok
    [dry-run KG3 write OK] would write concept_id=4298431 (White blood cell count)
  [2/13] 'Hgb-7.5' (Lab Test)  [elapsed 133.5m | done 2103 | skipped 11634 | errors 0]
    -> tier=TIER_3_AUTO_VALIDATED routing=AUTO_VALIDATED reason=ok
    [dry-run KG3 write OK] would write concept_id=40480067 (Measurement of total hemoglobin concentration)
  [3/13] 'MCH-33.3' (Lab Test)  [elapsed 133.5m | done 2104 | skipped 11634 | errors 0]
    -> tier=TIER_3_AUTO_VALIDATED routing=AUTO_VALIDATED reason=ok
    [dry-run KG3 write OK] would write concept_id=4290193 (Mean corpuscular hemoglobin concentration determination)
  [4/13] 'MCHC-35' (Lab Test)  [elapsed 133.5m | done 2105 | skipped 11634 | errors 0]
    -> tier=TIER_3_AUTO_VALIDATED routing=AUTO_VALIDATED reason=ok
    [dry-run KG3 write OK] would write concept_id=4290193 (Mean corpuscular hemoglobin concentration determination)
  [5/13] 'RDW-19.2' (Lab Test)  [elapsed 133.6m | done 2106 | skipped 11634 | errors 0]
    -> tier=TIER_3_AUTO_VALIDATED routing=AUTO_VALIDATED reason=ok
    [dry-run KG3 write OK] would write concept_id=4281085 (Red cell distribution width determination)
  [6/13] 'WBC-4' (Lab Test)  [elapsed 133.6m | done 2107 | skipped 11634 | errors 0]
    -> tier=TIER_3_AUTO_VALIDATED routing=AUTO_VALIDATED reason=ok
    [dry-run KG3 write OK] would write concept_id=4298431 (White blood cell count)
  [7/13] 'RBC-2' (Lab Test)  [elapsed 133.6m | done 2108 | skipped 11634 | errors 0]
    -> tier=TIER_3_AUTO_VALIDATED routing=AUTO_VALIDATED reason=ok
    [dry-run KG3 write OK] would write concept_id=4030871 (Red blood cell count)
  [8/13] 'MCV-95' (Lab Test)  [elapsed 133.6m | done 2109 | skipped 11634 | errors 0]
    -> tier=TIER_3_AUTO_VALIDATED routing=AUTO_VALIDATED reason=ok
    [dry-run KG3 write OK] would write concept_id=4016239 (Erythrocyte mean corpuscular volume determination)
  [9/13] 'Plt' (Lab Test)  [elapsed 133.6m | done 2110 | skipped 11634 | errors 0]
    -> tier=TIER_3_AUTO_VALIDATED routing=AUTO_VALIDATED reason=ok
    [dry-run KG3 write OK] would write concept_id=4267147 (Platelet count)
  [10/13] 'Neuts-91.9' (Lab Test)  [elapsed 133.6m | done 2111 | skipped 11634 | errors 0]
    -> tier=TIER_3_AUTO_VALIDATED routing=AUTO_VALIDATED reason=ok
    [dry-run KG3 write OK] would write concept_id=4148615 (Neutrophil count)
  [11/13] 'Eos-5.5' (Lab Test)  [elapsed 133.6m | done 2112 | skipped 11634 | errors 0]
    -> tier=TIER_3_AUTO_VALIDATED routing=AUTO_VALIDATED reason=ok
    [dry-run KG3 write OK] would write concept_id=4216098 (Eosinophil count)
  [12/13] 'Neuts-84' (Lab Test)  [elapsed 133.6m | done 2113 | skipped 11634 | errors 0]
    -> tier=TIER_3_AUTO_VALIDATED routing=AUTO_VALIDATED reason=ok
    [dry-run KG3 write OK] would write concept_id=4148615 (Neutrophil count)
  [13/13] 'Calcium-7.7' (Lab Test)  [elapsed 133.7m | done 2114 | skipped 11634 | errors 0]
    -> tier=TIER_3_AUTO_VALIDATED routing=AUTO_VALIDATED reason=ok
    [dry-run KG3 write OK] would write concept_id=4216722 (Calcium measurement)
[note 99/108] 12484093-DS-33: 122 record(s), 1 remaining after resume-skip
  [1/1] 'Hgb-12' (Lab Test)  [elapsed 133.7m | done 2115 | skipped 11755 | errors 0]
    -> tier=TIER_3_AUTO_VALIDATED routing=AUTO_VALIDATED reason=ok
    [dry-run KG3 write OK] would write concept_id=40480067 (Measurement of total hemoglobin concentration)
[note 100/108] 12515572-DS-13: 123 record(s), 8 remaining after resume-skip
  [1/8] 'Hct/Hgb' (Lab Test)  [elapsed 133.7m | done 2116 | skipped 11870 | errors 0]
    -> tier=TIER_3_AUTO_VALIDATED routing=AUTO_VALIDATED reason=ok
    [dry-run KG3 write OK] would write concept_id=4288754 (Measurement of total hemoglobin concentration and hematocrit)
  [2/8] 'WBC' (Lab Test)  [elapsed 133.7m | done 2117 | skipped 11870 | errors 0]
    -> tier=TIER_5_TRUE_AMBIGUITY routing=HITL_REQUIRED reason=unresolved_acronym
  [3/8] 'Plt326' (Lab Test)  [elapsed 133.7m | done 2118 | skipped 11870 | errors 0]
    -> tier=TIER_3_AUTO_VALIDATED routing=AUTO_VALIDATED reason=ok
    [dry-run KG3 write OK] would write concept_id=4267147 (Platelet count)
  [4/8] 'ALT-21' (Lab Test)  [elapsed 133.7m | done 2119 | skipped 11870 | errors 0]
    -> tier=TIER_3_AUTO_VALIDATED routing=AUTO_VALIDATED reason=ok
    [dry-run KG3 write OK] would write concept_id=44810789 (Alanine transaminase activity measurement)
  [5/8] 'AST-15' (Lab Test)  [elapsed 133.7m | done 2120 | skipped 11870 | errors 0]
    -> tier=TIER_3_AUTO_VALIDATED routing=AUTO_VALIDATED reason=ok
    [dry-run KG3 write OK] would write concept_id=4263457 (Aspartate aminotransferase measurement)
  [6/8] 'Lactate-2.3' (Lab Test)  [elapsed 133.7m | done 2121 | skipped 11870 | errors 0]
    -> tier=TIER_3_AUTO_VALIDATED routing=AUTO_VALIDATED reason=ok
    [dry-run KG3 write OK] would write concept_id=4138179 (D-lactate measurement)
  [7/8] 'RDW-13' (Lab Test)  [elapsed 133.8m | done 2122 | skipped 11870 | errors 0]
    -> tier=TIER_3_AUTO_VALIDATED routing=AUTO_VALIDATED reason=ok
    [dry-run KG3 write OK] would write concept_id=4281085 (Red cell distribution width determination)
  [8/8] 'secretions' (Lab Test)  [elapsed 133.8m | done 2123 | skipped 11870 | errors 0]
    -> tier=TIER_4_ENSEMBLE_SPLIT routing=HITL_REQUIRED reason=ensemble_split
[note 101/108] 12549331-DS-3: 199 record(s), 15 remaining after resume-skip
  [1/15] 'WBC' (Lab Test)  [elapsed 134.0m | done 2124 | skipped 12054 | errors 0]
    -> tier=TIER_5_TRUE_AMBIGUITY routing=HITL_REQUIRED reason=unresolved_acronym
  [2/15] 'MCV-101' (Lab Test)  [elapsed 134.0m | done 2125 | skipped 12054 | errors 0]
    -> tier=TIER_3_AUTO_VALIDATED routing=AUTO_VALIDATED reason=ok
    [dry-run KG3 write OK] would write concept_id=4016239 (Erythrocyte mean corpuscular volume determination)
  [3/15] 'ALT-20' (Lab Test)  [elapsed 134.0m | done 2126 | skipped 12054 | errors 0]
    -> tier=TIER_3_AUTO_VALIDATED routing=AUTO_VALIDATED reason=ok
    [dry-run KG3 write OK] would write concept_id=44810789 (Alanine transaminase activity measurement)
  [4/15] 'AST-23' (Lab Test)  [elapsed 134.0m | done 2127 | skipped 12054 | errors 0]
    -> tier=TIER_3_AUTO_VALIDATED routing=AUTO_VALIDATED reason=ok
    [dry-run KG3 write OK] would write concept_id=4263457 (Aspartate aminotransferase measurement)
  [5/15] 'WBC-6' (Lab Test)  [elapsed 134.1m | done 2128 | skipped 12054 | errors 0]
    -> tier=TIER_3_AUTO_VALIDATED routing=AUTO_VALIDATED reason=ok
    [dry-run KG3 write OK] would write concept_id=4298431 (White blood cell count)
  [6/15] 'RBC-3' (Lab Test)  [elapsed 134.1m | done 2129 | skipped 12054 | errors 0]
    -> tier=TIER_3_AUTO_VALIDATED routing=AUTO_VALIDATED reason=ok
    [dry-run KG3 write OK] would write concept_id=4030871 (Red blood cell count)
  [7/15] 'Hgb-12' (Lab Test)  [elapsed 134.1m | done 2130 | skipped 12054 | errors 0]
    -> tier=TIER_3_AUTO_VALIDATED routing=AUTO_VALIDATED reason=ok
    [dry-run KG3 write OK] would write concept_id=40480067 (Measurement of total hemoglobin concentration)
  [8/15] 'MCV-102' (Lab Test)  [elapsed 134.1m | done 2131 | skipped 12054 | errors 0]
    -> tier=TIER_3_AUTO_VALIDATED routing=AUTO_VALIDATED reason=ok
    [dry-run KG3 write OK] would write concept_id=4016239 (Erythrocyte mean corpuscular volume determination)
  [9/15] 'MCH-33' (Lab Test)  [elapsed 134.1m | done 2132 | skipped 12054 | errors 0]
    -> tier=TIER_3_AUTO_VALIDATED routing=AUTO_VALIDATED reason=ok
    [dry-run KG3 write OK] would write concept_id=4290193 (Mean corpuscular hemoglobin concentration determination)
  [10/15] 'MCHC-33' (Lab Test)  [elapsed 134.1m | done 2133 | skipped 12054 | errors 0]
    -> tier=TIER_3_AUTO_VALIDATED routing=AUTO_VALIDATED reason=ok
    [dry-run KG3 write OK] would write concept_id=4290193 (Mean corpuscular hemoglobin concentration determination)
  [11/15] 'RDW-13' (Lab Test)  [elapsed 134.1m | done 2134 | skipped 12054 | errors 0]
    -> tier=TIER_3_AUTO_VALIDATED routing=AUTO_VALIDATED reason=ok
    [dry-run KG3 write OK] would write concept_id=4281085 (Red cell distribution width determination)
  [12/15] 'Creat-1' (Lab Test)  [elapsed 134.1m | done 2135 | skipped 12054 | errors 0]
    -> tier=TIER_3_AUTO_VALIDATED routing=AUTO_VALIDATED reason=ok
    [dry-run KG3 write OK] would write concept_id=4324383 (Creatinine measurement)
  [13/15] 'ALT-14' (Lab Test)  [elapsed 134.2m | done 2136 | skipped 12054 | errors 0]
    -> tier=TIER_3_AUTO_VALIDATED routing=AUTO_VALIDATED reason=ok
    [dry-run KG3 write OK] would write concept_id=44810789 (Alanine transaminase activity measurement)
  [14/15] 'AST-21' (Lab Test)  [elapsed 134.2m | done 2137 | skipped 12054 | errors 0]
    -> tier=TIER_3_AUTO_VALIDATED routing=AUTO_VALIDATED reason=ok
    [dry-run KG3 write OK] would write concept_id=4263457 (Aspartate aminotransferase measurement)
  [15/15] 'lactate' (Lab Test)  [elapsed 134.2m | done 2138 | skipped 12054 | errors 0]
    -> tier=TIER_3_AUTO_VALIDATED routing=AUTO_VALIDATED reason=ok
    [dry-run KG3 write OK] would write concept_id=4213582 (Lactic acid measurement)
[note 102/108] 12574098-DS-24: 90 record(s), 2 remaining after resume-skip
  [1/2] 'O2sats' (Lab Test)  [elapsed 134.2m | done 2139 | skipped 12142 | errors 0]
    -> tier=TIER_3_AUTO_VALIDATED routing=AUTO_VALIDATED reason=ok
    [dry-run KG3 write OK] would write concept_id=4020553 (Oxygen saturation measurement)
  [2/2] 'WBC' (Lab Test)  [elapsed 134.2m | done 2140 | skipped 12142 | errors 0]
    -> tier=TIER_5_TRUE_AMBIGUITY routing=HITL_REQUIRED reason=unresolved_acronym
[note 103/108] 12582583-DS-20: 157 record(s), 9 remaining after resume-skip
  [1/9] 'WBC' (Lab Test)  [elapsed 134.2m | done 2141 | skipped 12290 | errors 0]
    -> tier=TIER_5_TRUE_AMBIGUITY routing=HITL_REQUIRED reason=unresolved_acronym
  [2/9] 'MCV-100' (Lab Test)  [elapsed 134.2m | done 2142 | skipped 12290 | errors 0]
    -> tier=TIER_3_AUTO_VALIDATED routing=AUTO_VALIDATED reason=ok
    [dry-run KG3 write OK] would write concept_id=4016239 (Erythrocyte mean corpuscular volume determination)
  [3/9] 'ALT-30' (Lab Test)  [elapsed 134.3m | done 2143 | skipped 12290 | errors 0]
    -> tier=TIER_3_AUTO_VALIDATED routing=AUTO_VALIDATED reason=ok
    [dry-run KG3 write OK] would write concept_id=44810789 (Alanine transaminase activity measurement)
  [4/9] 'AST-24' (Lab Test)  [elapsed 134.3m | done 2144 | skipped 12290 | errors 0]
    -> tier=TIER_3_AUTO_VALIDATED routing=AUTO_VALIDATED reason=ok
    [dry-run KG3 write OK] would write concept_id=4263457 (Aspartate aminotransferase measurement)
  [5/9] 'MCV-101' (Lab Test)  [elapsed 134.3m | done 2145 | skipped 12290 | errors 0]
    -> tier=TIER_3_AUTO_VALIDATED routing=AUTO_VALIDATED reason=ok
    [dry-run KG3 write OK] would write concept_id=4016239 (Erythrocyte mean corpuscular volume determination)
  [6/9] 'ALT-36' (Lab Test)  [elapsed 134.3m | done 2146 | skipped 12290 | errors 0]
    -> tier=TIER_3_AUTO_VALIDATED routing=AUTO_VALIDATED reason=ok
    [dry-run KG3 write OK] would write concept_id=44810789 (Alanine transaminase activity measurement)
  [7/9] 'AST-38' (Lab Test)  [elapsed 134.3m | done 2147 | skipped 12290 | errors 0]
    -> tier=TIER_3_AUTO_VALIDATED routing=AUTO_VALIDATED reason=ok
    [dry-run KG3 write OK] would write concept_id=4263457 (Aspartate aminotransferase measurement)
  [8/9] 'EKG' (Lab Test)  [elapsed 134.3m | done 2148 | skipped 12290 | errors 0]
    -> tier=TIER_3_AUTO_VALIDATED routing=AUTO_VALIDATED reason=ok
    [dry-run KG3 write OK] would write concept_id=4261794 (Electrocardiogram with exercise test)
  [9/9] 'HbA1c' (Lab Test)  [elapsed 134.3m | done 2149 | skipped 12290 | errors 0]
    -> tier=TIER_3_AUTO_VALIDATED routing=AUTO_VALIDATED reason=ok
    [dry-run KG3 write OK] would write concept_id=4184637 (Hemoglobin A1c measurement)
[note 104/108] 12612379-DS-23: 222 record(s), 15 remaining after resume-skip
  [1/15] 'cytology' (Lab Test)  [elapsed 134.3m | done 2150 | skipped 12497 | errors 0]
    -> tier=TIER_3_AUTO_VALIDATED routing=AUTO_VALIDATED reason=ok
    [dry-run KG3 write OK] would write concept_id=4023405 (Cytologic test)
  [2/15] 'WBC-11' (Lab Test)  [elapsed 134.4m | done 2151 | skipped 12497 | errors 0]
    -> tier=TIER_3_AUTO_VALIDATED routing=AUTO_VALIDATED reason=ok
    [dry-run KG3 write OK] would write concept_id=4298431 (White blood cell count)
  [3/15] 'RBC-3.74' (Lab Test)  [elapsed 134.4m | done 2152 | skipped 12497 | errors 0]
    -> tier=TIER_3_AUTO_VALIDATED routing=AUTO_VALIDATED reason=ok
    [dry-run KG3 write OK] would write concept_id=4030871 (Red blood cell count)
  [4/15] 'Hgb-11.4' (Lab Test)  [elapsed 134.4m | done 2153 | skipped 12497 | errors 0]
    -> tier=TIER_3_AUTO_VALIDATED routing=AUTO_VALIDATED reason=ok
    [dry-run KG3 write OK] would write concept_id=40480067 (Measurement of total hemoglobin concentration)
  [5/15] 'MCV-94' (Lab Test)  [elapsed 134.4m | done 2154 | skipped 12497 | errors 0]
    -> tier=TIER_3_AUTO_VALIDATED routing=AUTO_VALIDATED reason=ok
    [dry-run KG3 write OK] would write concept_id=4016239 (Erythrocyte mean corpuscular volume determination)
  [6/15] 'RDW-13' (Lab Test)  [elapsed 134.4m | done 2155 | skipped 12497 | errors 0]
    -> tier=TIER_3_AUTO_VALIDATED routing=AUTO_VALIDATED reason=ok
    [dry-run KG3 write OK] would write concept_id=4281085 (Red cell distribution width determination)
  [7/15] 'Neuts-93.4' (Lab Test)  [elapsed 134.4m | done 2156 | skipped 12497 | errors 0]
    -> tier=TIER_3_AUTO_VALIDATED routing=AUTO_VALIDATED reason=ok
    [dry-run KG3 write OK] would write concept_id=4148615 (Neutrophil count)
  [8/15] 'Creat-1.4' (Lab Test)  [elapsed 134.4m | done 2157 | skipped 12497 | errors 0]
    -> tier=TIER_3_AUTO_VALIDATED routing=AUTO_VALIDATED reason=ok
    [dry-run KG3 write OK] would write concept_id=4324383 (Creatinine measurement)
  [9/15] 'Lactate-2.7' (Lab Test)  [elapsed 134.4m | done 2158 | skipped 12497 | errors 0]
    -> tier=TIER_3_AUTO_VALIDATED routing=AUTO_VALIDATED reason=ok
    [dry-run KG3 write OK] would write concept_id=4138179 (D-lactate measurement)
  [10/15] 'RBC-3' (Lab Test)  [elapsed 134.5m | done 2159 | skipped 12497 | errors 0]
    -> tier=TIER_3_AUTO_VALIDATED routing=AUTO_VALIDATED reason=ok
    [dry-run KG3 write OK] would write concept_id=4030871 (Red blood cell count)
  [11/15] 'MCV-96' (Lab Test)  [elapsed 134.5m | done 2160 | skipped 12497 | errors 0]
    -> tier=TIER_3_AUTO_VALIDATED routing=AUTO_VALIDATED reason=ok
    [dry-run KG3 write OK] would write concept_id=4016239 (Erythrocyte mean corpuscular volume determination)
  [12/15] 'MCHC-32' (Lab Test)  [elapsed 134.5m | done 2161 | skipped 12497 | errors 0]
    -> tier=TIER_3_AUTO_VALIDATED routing=AUTO_VALIDATED reason=ok
    [dry-run KG3 write OK] would write concept_id=4290193 (Mean corpuscular hemoglobin concentration determination)
  [13/15] 'RDW-15' (Lab Test)  [elapsed 134.5m | done 2162 | skipped 12497 | errors 0]
    -> tier=TIER_3_AUTO_VALIDATED routing=AUTO_VALIDATED reason=ok
    [dry-run KG3 write OK] would write concept_id=4281085 (Red cell distribution width determination)
  [14/15] 'MCV' (Lab Test)  [elapsed 134.5m | done 2163 | skipped 12497 | errors 0]
    -> tier=TIER_3_AUTO_VALIDATED routing=AUTO_VALIDATED reason=ok
    [dry-run KG3 write OK] would write concept_id=4016239 (Erythrocyte mean corpuscular volume determination)
  [15/15] 'platelets' (Lab Test)  [elapsed 134.5m | done 2164 | skipped 12497 | errors 0]
    -> tier=TIER_3_AUTO_VALIDATED routing=AUTO_VALIDATED reason=ok
    [dry-run KG3 write OK] would write concept_id=4267147 (Platelet count)
[note 105/108] 12618758-DS-3: 147 record(s), 13 remaining after resume-skip
  [1/13] 'WBC-7' (Lab Test)  [elapsed 134.5m | done 2165 | skipped 12631 | errors 0]
    -> tier=TIER_3_AUTO_VALIDATED routing=AUTO_VALIDATED reason=ok
    [dry-run KG3 write OK] would write concept_id=4298431 (White blood cell count)
  [2/13] 'RBC-3' (Lab Test)  [elapsed 134.5m | done 2166 | skipped 12631 | errors 0]
    -> tier=TIER_3_AUTO_VALIDATED routing=AUTO_VALIDATED reason=ok
    [dry-run KG3 write OK] would write concept_id=4030871 (Red blood cell count)
  [3/13] 'HGB-12' (Lab Test)  [elapsed 134.6m | done 2167 | skipped 12631 | errors 0]
    -> tier=TIER_3_AUTO_VALIDATED routing=AUTO_VALIDATED reason=ok
    [dry-run KG3 write OK] would write concept_id=40480067 (Measurement of total hemoglobin concentration)
  [4/13] 'MCV-96' (Lab Test)  [elapsed 134.6m | done 2168 | skipped 12631 | errors 0]
    -> tier=TIER_3_AUTO_VALIDATED routing=AUTO_VALIDATED reason=ok
    [dry-run KG3 write OK] would write concept_id=4016239 (Erythrocyte mean corpuscular volume determination)
  [5/13] 'MCH-31' (Lab Test)  [elapsed 134.6m | done 2169 | skipped 12631 | errors 0]
    -> tier=TIER_3_AUTO_VALIDATED routing=AUTO_VALIDATED reason=ok
    [dry-run KG3 write OK] would write concept_id=4290193 (Mean corpuscular hemoglobin concentration determination)
  [6/13] 'MCHC-32' (Lab Test)  [elapsed 134.6m | done 2170 | skipped 12631 | errors 0]
    -> tier=TIER_3_AUTO_VALIDATED routing=AUTO_VALIDATED reason=ok
    [dry-run KG3 write OK] would write concept_id=4290193 (Mean corpuscular hemoglobin concentration determination)
  [7/13] 'RDW-16' (Lab Test)  [elapsed 134.6m | done 2171 | skipped 12631 | errors 0]
    -> tier=TIER_3_AUTO_VALIDATED routing=AUTO_VALIDATED reason=ok
    [dry-run KG3 write OK] would write concept_id=4281085 (Red cell distribution width determination)
  [8/13] 'PLT' (Lab Test)  [elapsed 134.6m | done 2172 | skipped 12631 | errors 0]
    -> tier=TIER_3_AUTO_VALIDATED routing=AUTO_VALIDATED reason=ok
    [dry-run KG3 write OK] would write concept_id=4267147 (Platelet count)
  [9/13] 'CREAT-1' (Lab Test)  [elapsed 134.6m | done 2173 | skipped 12631 | errors 0]
    -> tier=TIER_3_AUTO_VALIDATED routing=AUTO_VALIDATED reason=ok
    [dry-run KG3 write OK] would write concept_id=4324383 (Creatinine measurement)
  [10/13] 'SODIUM-140' (Lab Test)  [elapsed 134.7m | done 2174 | skipped 12631 | errors 0]
    -> tier=TIER_3_AUTO_VALIDATED routing=AUTO_VALIDATED reason=ok
    [dry-run KG3 write OK] would write concept_id=4097430 (Sodium measurement)
  [11/13] 'POTASSIUM-4' (Lab Test)  [elapsed 134.7m | done 2175 | skipped 12631 | errors 0]
    -> tier=TIER_3_AUTO_VALIDATED routing=AUTO_VALIDATED reason=ok
    [dry-run KG3 write OK] would write concept_id=4245152 (Potassium measurement)
  [12/13] 'TOTAL CO2-24' (Lab Test)  [elapsed 134.7m | done 2176 | skipped 12631 | errors 0]
    -> tier=TIER_3_AUTO_VALIDATED routing=AUTO_VALIDATED reason=ok
    [dry-run KG3 write OK] would write concept_id=4135963 (Carbon dioxide content measurement)
  [13/13] 'CK(CPK)' (Lab Test)  [elapsed 134.7m | done 2177 | skipped 12631 | errors 0]
    -> tier=TIER_3_AUTO_VALIDATED routing=AUTO_VALIDATED reason=ok
    [dry-run KG3 write OK] would write concept_id=4265595 (Creatine kinase measurement)
[note 106/108] 12626414-DS-28: 165 record(s), 6 remaining after resume-skip
  [1/6] 'WBC' (Lab Test)  [elapsed 134.7m | done 2178 | skipped 12790 | errors 0]
    -> tier=TIER_5_TRUE_AMBIGUITY routing=HITL_REQUIRED reason=unresolved_acronym
  [2/6] 'ALT-34' (Lab Test)  [elapsed 134.7m | done 2179 | skipped 12790 | errors 0]
    -> tier=TIER_3_AUTO_VALIDATED routing=AUTO_VALIDATED reason=ok
    [dry-run KG3 write OK] would write concept_id=44810789 (Alanine transaminase activity measurement)
  [3/6] 'AST-13' (Lab Test)  [elapsed 134.7m | done 2180 | skipped 12790 | errors 0]
    -> tier=TIER_3_AUTO_VALIDATED routing=AUTO_VALIDATED reason=ok
    [dry-run KG3 write OK] would write concept_id=4263457 (Aspartate aminotransferase measurement)
  [4/6] 'Chem 10' (Lab Test)  [elapsed 134.7m | done 2181 | skipped 12790 | errors 0]
    -> tier=TIER_3_AUTO_VALIDATED routing=AUTO_VALIDATED reason=ok
    [dry-run KG3 write OK] would write concept_id=4244197 (Chemical test, qualitative and quantitative)
  [5/6] 'AST' (Lab Test)  [elapsed 134.8m | done 2182 | skipped 12790 | errors 0]
    -> tier=TIER_3_AUTO_VALIDATED routing=AUTO_VALIDATED reason=ok
    [dry-run KG3 write OK] would write concept_id=4263457 (Aspartate aminotransferase measurement)
  [6/6] 'ALT' (Lab Test)  [elapsed 134.8m | done 2183 | skipped 12790 | errors 0]
    -> tier=TIER_3_AUTO_VALIDATED routing=AUTO_VALIDATED reason=ok
    [dry-run KG3 write OK] would write concept_id=4146380 (Alanine aminotransferase measurement)
[note 107/108] 12626414-DS-32: 162 record(s), 8 remaining after resume-skip
  [1/8] 'ALT-63' (Lab Test)  [elapsed 134.8m | done 2184 | skipped 12944 | errors 0]
    -> tier=TIER_3_AUTO_VALIDATED routing=AUTO_VALIDATED reason=ok
    [dry-run KG3 write OK] would write concept_id=44810789 (Alanine transaminase activity measurement)
  [2/8] 'AST-43' (Lab Test)  [elapsed 134.8m | done 2185 | skipped 12944 | errors 0]
    -> tier=TIER_3_AUTO_VALIDATED routing=AUTO_VALIDATED reason=ok
    [dry-run KG3 write OK] would write concept_id=4263457 (Aspartate aminotransferase measurement)
  [3/8] 'ALT-79' (Lab Test)  [elapsed 134.8m | done 2186 | skipped 12944 | errors 0]
    -> tier=TIER_3_AUTO_VALIDATED routing=AUTO_VALIDATED reason=ok
    [dry-run KG3 write OK] would write concept_id=44810789 (Alanine transaminase activity measurement)
  [4/8] 'AST-36' (Lab Test)  [elapsed 134.8m | done 2187 | skipped 12944 | errors 0]
    -> tier=TIER_3_AUTO_VALIDATED routing=AUTO_VALIDATED reason=ok
    [dry-run KG3 write OK] would write concept_id=4263457 (Aspartate aminotransferase measurement)
  [5/8] 'CMV \nVL' (Lab Test)  [elapsed 134.8m | done 2188 | skipped 12944 | errors 0]
    -> tier=TIER_5_TRUE_AMBIGUITY routing=HITL_REQUIRED reason=unresolved_acronym
  [6/8] 'AST' (Lab Test)  [elapsed 134.8m | done 2189 | skipped 12944 | errors 0]
    -> tier=TIER_3_AUTO_VALIDATED routing=AUTO_VALIDATED reason=ok
    [dry-run KG3 write OK] would write concept_id=4263457 (Aspartate aminotransferase measurement)
  [7/8] 'ALT' (Lab Test)  [elapsed 134.9m | done 2190 | skipped 12944 | errors 0]
    -> tier=TIER_3_AUTO_VALIDATED routing=AUTO_VALIDATED reason=ok
    [dry-run KG3 write OK] would write concept_id=4146380 (Alanine aminotransferase measurement)
  [8/8] 'Chem-10' (Lab Test)  [elapsed 134.9m | done 2191 | skipped 12944 | errors 0]
    -> tier=TIER_3_AUTO_VALIDATED routing=AUTO_VALIDATED reason=ok
    [dry-run KG3 write OK] would write concept_id=4244197 (Chemical test, qualitative and quantitative)
[note 108/108] 13538696-DS-11: 41 record(s), 41 remaining after resume-skip
  [1/41] 'splenectomy' (Procedure)  [elapsed 134.9m | done 2192 | skipped 12944 | errors 0]
    -> tier=TIER_1_AUTO_VALIDATED routing=AUTO_VALIDATED reason=ok
    [dry-run KG3 write OK] would write concept_id=4125482 (Splenectomy)
  [2/41] 'DM \nHTN' (Condition)  [elapsed 135.0m | done 2193 | skipped 12944 | errors 0]
    -> tier=TIER_5_TRUE_AMBIGUITY routing=HITL_REQUIRED reason=no_candidates
  [3/41] 'ITP' (Condition)  [elapsed 135.0m | done 2194 | skipped 12944 | errors 0]
    -> tier=TIER_5_TRUE_AMBIGUITY routing=HITL_REQUIRED reason=no_candidates
  [4/41] 'Physical Exam' (Procedure)  [elapsed 135.0m | done 2195 | skipped 12944 | errors 0]
    -> tier=TIER_3_AUTO_VALIDATED routing=AUTO_VALIDATED reason=ok
    [dry-run KG3 write OK] would write concept_id=4240345 (Physical examination)
  [5/41] 'Gen' (Procedure)  [elapsed 135.0m | done 2196 | skipped 12944 | errors 0]
    -> tier=TIER_3_AUTO_VALIDATED routing=AUTO_VALIDATED reason=ok
    [dry-run KG3 write OK] would write concept_id=4036803 (General examination of patient)
  [6/41] 'NAD' (Symptom)  [elapsed 135.0m | done 2197 | skipped 12944 | errors 0]
    -> tier=TIER_3_AUTO_VALIDATED routing=AUTO_VALIDATED reason=ok
    [dry-run KG3 write OK] would write concept_id=4085245 (No abnormality detected)
  [7/41] 'Abd' (Procedure)  [elapsed 135.0m | done 2198 | skipped 12944 | errors 0]
    -> tier=TIER_3_AUTO_VALIDATED routing=AUTO_VALIDATED reason=ok
    [dry-run KG3 write OK] would write concept_id=4075966 (Examination of abdomen)
  [8/41] 'NT' (Symptom)  [elapsed 135.1m | done 2199 | skipped 12944 | errors 0]
    -> tier=TIER_3_AUTO_VALIDATED routing=AUTO_VALIDATED reason=ok
    [dry-run KG3 write OK] would write concept_id=197981 (Abdominal tenderness)
  [9/41] 'ND' (Symptom)  [elapsed 135.1m | done 2200 | skipped 12944 | errors 0]
    -> tier=TIER_3_AUTO_VALIDATED routing=AUTO_VALIDATED reason=ok
    [dry-run KG3 write OK] would write concept_id=442597 (Swollen abdomen)
  [10/41] 'posterior sheath' (Anatomy)  [elapsed 135.1m | done 2201 | skipped 12944 | errors 0]
    -> tier=TIER_1_AUTO_VALIDATED routing=AUTO_VALIDATED reason=ok
    [dry-run KG3 write OK] would write concept_id=4091078 (Posterior rectus sheath)
  [11/41] 'erythema' (Symptom)  [elapsed 135.2m | done 2202 | skipped 12944 | errors 0]
    -> tier=TIER_4_ENSEMBLE_SPLIT routing=HITL_REQUIRED reason=ensemble_split
  [12/41] 'Ext' (Procedure)  [elapsed 135.3m | done 2203 | skipped 12944 | errors 0]
    -> tier=TIER_3_AUTO_VALIDATED routing=AUTO_VALIDATED reason=ok
    [dry-run KG3 write OK] would write concept_id=4121315 (Examination of limb)
  [13/41] 'WNL' (Symptom)  [elapsed 135.4m | done 2204 | skipped 12944 | errors 0]
    -> tier=TIER_3_AUTO_VALIDATED routing=AUTO_VALIDATED reason=ok
    [dry-run KG3 write OK] would write concept_id=4085245 (No abnormality detected)
  [14/41] 'WBC-19' (Lab Test)  [elapsed 135.4m | done 2205 | skipped 12944 | errors 0]
    -> tier=TIER_3_AUTO_VALIDATED routing=AUTO_VALIDATED reason=ok
    [dry-run KG3 write OK] would write concept_id=4298431 (White blood cell count)
  [15/41] 'RBC-3' (Lab Test)  [elapsed 135.4m | done 2206 | skipped 12944 | errors 0]
    -> tier=TIER_3_AUTO_VALIDATED routing=AUTO_VALIDATED reason=ok
    [dry-run KG3 write OK] would write concept_id=4030871 (Red blood cell count)
  [16/41] 'HGB-10' (Lab Test)  [elapsed 135.4m | done 2207 | skipped 12944 | errors 0]
    -> tier=TIER_3_AUTO_VALIDATED routing=AUTO_VALIDATED reason=ok
    [dry-run KG3 write OK] would write concept_id=40480067 (Measurement of total hemoglobin concentration)
  [17/41] 'HCT-32' (Lab Test)  [elapsed 135.4m | done 2208 | skipped 12944 | errors 0]
    -> tier=TIER_5_TRUE_AMBIGUITY routing=HITL_REQUIRED reason=below_similarity_floor
  [18/41] 'MCV-90 MCH-28' (Lab Test)  [elapsed 135.4m | done 2209 | skipped 12944 | errors 0]
    -> tier=TIER_5_TRUE_AMBIGUITY routing=HITL_REQUIRED reason=no_candidates
  [19/41] 'MCHC-31' (Lab Test)  [elapsed 135.4m | done 2210 | skipped 12944 | errors 0]
    -> tier=TIER_3_AUTO_VALIDATED routing=AUTO_VALIDATED reason=ok
    [dry-run KG3 write OK] would write concept_id=4290193 (Mean corpuscular hemoglobin concentration determination)
  [20/41] 'RDW-15' (Lab Test)  [elapsed 135.4m | done 2211 | skipped 12944 | errors 0]
    -> tier=TIER_3_AUTO_VALIDATED routing=AUTO_VALIDATED reason=ok
    [dry-run KG3 write OK] would write concept_id=4281085 (Red cell distribution width determination)
  [21/41] 'PLT COUNT-359' (Lab Test)  [elapsed 135.5m | done 2212 | skipped 12944 | errors 0]
    -> tier=TIER_3_AUTO_VALIDATED routing=AUTO_VALIDATED reason=ok
    [dry-run KG3 write OK] would write concept_id=4267147 (Platelet count)
  [22/41] 'vac dressing' (Procedure)  [elapsed 135.5m | done 2213 | skipped 12944 | errors 0]
    -> tier=TIER_4_ENSEMBLE_SPLIT routing=HITL_REQUIRED reason=ensemble_split
  [23/41] 'lasix' (Medication)  [elapsed 135.6m | done 2214 | skipped 12944 | errors 0]
    -> tier=TIER_3_AUTO_VALIDATED routing=AUTO_VALIDATED reason=ok
    [dry-run KG3 write OK] would write concept_id=956874 (furosemide)
  [24/41] 'metformin' (Medication)  [elapsed 135.6m | done 2215 | skipped 12944 | errors 0]
    -> tier=TIER_1_AUTO_VALIDATED routing=AUTO_VALIDATED reason=ok
    [dry-run KG3 write OK] would write concept_id=1503297 (metformin)
  [25/41] 'humalog ssi' (Medication)  [elapsed 135.7m | done 2216 | skipped 12944 | errors 0]
    -> tier=TIER_5_TRUE_AMBIGUITY routing=HITL_REQUIRED reason=unresolved_acronym
  [26/41] 'NPH' (Medication)  [elapsed 135.7m | done 2217 | skipped 12944 | errors 0]
    -> tier=TIER_5_TRUE_AMBIGUITY routing=HITL_REQUIRED reason=unresolved_acronym
  [27/41] 'dexamethasone' (Medication)  [elapsed 135.7m | done 2218 | skipped 12944 | errors 0]
    -> tier=TIER_1_AUTO_VALIDATED routing=AUTO_VALIDATED reason=ok
    [dry-run KG3 write OK] would write concept_id=1518254 (dexamethasone)
  [28/41] 'claritin prn' (Medication)  [elapsed 135.8m | done 2219 | skipped 12944 | errors 0]
    -> tier=TIER_4_ENSEMBLE_SPLIT routing=HITL_REQUIRED reason=ensemble_split
  [29/41] 'Metformin' (Medication)  [elapsed 135.9m | done 2220 | skipped 12944 | errors 0]
    -> tier=TIER_1_AUTO_VALIDATED routing=AUTO_VALIDATED reason=ok
    [dry-run KG3 write OK] would write concept_id=1503297 (metformin)
  [30/41] 'Furosemide' (Medication)  [elapsed 136.0m | done 2221 | skipped 12944 | errors 0]
    -> tier=TIER_1_AUTO_VALIDATED routing=AUTO_VALIDATED reason=ok
    [dry-run KG3 write OK] would write concept_id=956874 (furosemide)
  [31/41] 'Acetaminophen' (Medication)  [elapsed 136.1m | done 2222 | skipped 12944 | errors 0]
    -> tier=TIER_4_ENSEMBLE_SPLIT routing=HITL_REQUIRED reason=ensemble_split
  [32/41] 'Dexamethasone' (Medication)  [elapsed 136.2m | done 2223 | skipped 12944 | errors 0]
    -> tier=TIER_1_AUTO_VALIDATED routing=AUTO_VALIDATED reason=ok
    [dry-run KG3 write OK] would write concept_id=1518254 (dexamethasone)
  [33/41] 'wound dehiscence' (Condition)  [elapsed 136.3m | done 2224 | skipped 12944 | errors 0]
    -> tier=TIER_1_AUTO_VALIDATED routing=AUTO_VALIDATED reason=ok
    [dry-run KG3 write OK] would write concept_id=439981 (Wound dehiscence)
  [34/41] 'VAC dressing' (Procedure)  [elapsed 136.4m | done 2225 | skipped 12944 | errors 0]
    -> tier=TIER_1_AUTO_VALIDATED routing=AUTO_VALIDATED reason=ok
    [dry-run KG3 write OK] would write concept_id=4232742 (Vacuum assisted skin closure)
  [35/41] 'nausea/vomiting' (Symptom)  [elapsed 136.5m | done 2226 | skipped 12944 | errors 0]
    -> tier=TIER_1_AUTO_VALIDATED routing=AUTO_VALIDATED reason=ok
    [dry-run KG3 write OK] would write concept_id=27674 (Nausea and vomiting)
  [36/41] 'inability to eat' (Symptom)  [elapsed 136.6m | done 2227 | skipped 12944 | errors 0]
    -> tier=TIER_4_ENSEMBLE_SPLIT routing=HITL_REQUIRED reason=ensemble_split
  [37/41] 'fever' (Symptom)  [elapsed 136.7m | done 2228 | skipped 12944 | errors 0]
    -> tier=TIER_1_AUTO_VALIDATED routing=AUTO_VALIDATED reason=ok
    [dry-run KG3 write OK] would write concept_id=437663 (Fever)
  [38/41] 'chest pain' (Symptom)  [elapsed 136.8m | done 2229 | skipped 12944 | errors 0]
    -> tier=TIER_1_AUTO_VALIDATED routing=AUTO_VALIDATED reason=ok
    [dry-run KG3 write OK] would write concept_id=77670 (Chest pain)
  [39/41] 'shortness of breath' (Symptom)  [elapsed 136.9m | done 2230 | skipped 12944 | errors 0]
    -> tier=TIER_1_AUTO_VALIDATED routing=AUTO_VALIDATED reason=ok
    [dry-run KG3 write OK] would write concept_id=312437 (Dyspnea)
  [40/41] 'inability to have bowel movements or pass gas' (Symptom)  [elapsed 137.0m | done 2231 | skipped 12944 | errors 0]
    -> tier=TIER_5_TRUE_AMBIGUITY routing=HITL_REQUIRED reason=unresolved_acronym
  [41/41] 'new redness around wound' (Symptom)  [elapsed 137.0m | done 2232 | skipped 12944 | errors 0]
    -> tier=TIER_5_TRUE_AMBIGUITY routing=HITL_REQUIRED reason=no_candidates

==============================================================================
BATCH COMPLETE
==============================================================================
processed: 2233   skipped(resume): 12944   errors: 0
elapsed: 137.0 minutes

tier distribution: {'TIER_5_TRUE_AMBIGUITY': 242, 'TIER_3_AUTO_VALIDATED': 1107, 'TIER_2_AUTO_RESOLVED': 15, 'TIER_4_ENSEMBLE_SPLIT': 405, 'TIER_1_AUTO_VALIDATED': 460, 'none': 4}
routing: {'HITL_REQUIRED': 666, 'AUTO_VALIDATED': 1567}
AUTO coverage: 1567/2233 (70.2%)

dry-run KG3 write checks: 1567 would-succeed, 0 blocked (UningestibleCase) -- NOTHING was actually written to Memgraph this run
=== affected-notes Stage 3 re-run done Thu Aug 20 01:01:07 BST 2026 ===
=== running fresh full-corpus grading (post-fix) Thu Aug 20 01:01:07 BST 2026 ===
Loading SapBERT model for vector normalization... (this may take a moment)

=== POST-FIX FULL-CORPUS GRADING: 114 notes ===
TIER_1_AUTO_VALIDATED               n_decisions= 5655  clean_n= 3087  clean_precision=83.3%
TIER_1B_CALIBRATED_AUTO_VALIDATED   n_decisions=  378  clean_n=  192  clean_precision=91.7%
TIER_3_AUTO_VALIDATED               n_decisions= 2972  clean_n= 2266  clean_precision=89.9%
TIER_4_ENSEMBLE_SPLIT               n_decisions= 4320  clean_n= 1853  clean_precision=62.4%
=== RETROACTIVE FIX + FRESH GRADING FULLY DONE Thu Aug 20 01:01:18 BST 2026 ===
